timestep,speed_front_right,current_front_right,acceleration_front_right,speed_rear_right,current_rear_right,acceleration_rear_right,speed_rear_left,current_rear_left,acceleration_rear_left,speed_front_left,current_front_left,acceleration_front_left,front_angle,back_angle
226967.0,,,,,,,,,,,,,2.11,-2.29
226969.0,,,,,,,,,,,,,2.11,-2.29
226971.0,,,,,,,,,,,,,2.11,-2.29
226973.0,,,,,,,,,,,,,2.11,-2.29
226975.0,,,,,,,,,,,,,2.11,-2.29
226977.0,,,,,,,,,,,,,2.11,-2.29
226979.0,,,,,,,,,,,,,2.11,-2.29
226981.0,,,,,,,,,,,,,2.11,-2.29
226983.0,,,,,,,,,,,,,2.11,-2.29
226985.0,,,,,,,,,,,,,2.11,-2.29
226987.0,,,,,,,,,,,,,2.11,-2.29
226989.0,,,,,,,,,,,,,2.11,-2.29
226991.0,,,,,,,,,,,,,2.11,-2.29
226993.0,,,,,,,,,,,,,2.11,-2.29
226995.0,,,,,,,,,,,,,2.11,-2.29
226997.0,,,,,,,,,,,,,2.11,-2.29
226999.0,,,,,,,,,,,,,2.11,-2.29
227001.0,,,,,,,,,,,,,2.11,-2.29
227003.0,,,,,,,,,,,,,2.11,-2.29
227005.0,,,,,,,,,,,,,2.11,-2.29
227007.0,,,,,,,,,,,,,2.11,-2.29
227009.0,,,,,,,,,,,,,2.11,-2.29
227011.0,,,,,,,,,,,,,2.11,-2.29
227013.0,,,,,,,,,,,,,2.11,-2.29
227015.0,,,,,,,,,,,,,2.11,-2.29
227016.0,0.0,-53.0,1.0,,,,,,,,,,2.11,-2.29
227017.0,0.0,-30.5,1.0,0.0,6.0,1.0,0.0,-5.0,1.0,,,,2.11,-2.29
227018.0,0.0,-8.0,1.0,0.0,-10.5,1.0,0.0,-2.5,1.0,0.0,-17.0,1.0,2.11,-2.29
227019.0,0.0,-23.5,1.0,0.0,-27.0,1.0,0.0,0.0,1.0,0.0,-18.5,1.0,2.11,-2.29
227020.0,0.0,-39.0,1.0,0.0,-26.0,1.0,0.0,2.5,1.0,0.0,-20.0,1.0,1.97,-1.97
227021.0,0.0,-23.5,1.0,0.0,-25.0,1.0,0.0,5.0,1.0,0.0,-2.0,1.0,2.11,-2.29
227022.0,0.0,-8.0,1.0,0.0,-19.0,1.0,0.0,-19.0,1.0,0.0,16.0,1.0,2.11,-2.29
227023.0,0.0,-15.75,1.0,0.0,-13.0,1.0,0.0,-43.0,1.0,0.0,-111.0,1.0,2.11,-2.29
227024.0,0.0,-23.5,1.0,0.0,-17.5,1.0,0.0,-49.0,1.0,0.0,-238.0,1.0,2.0925000000000002,-2.2275
227025.0,0.0,-31.25,1.0,0.0,-22.0,1.0,0.0,-55.0,1.0,0.0,-111.0,1.0,2.075,-2.165
227026.0,0.0,-39.0,1.0,0.0,-15.5,1.0,0.0,-33.5,1.0,0.0,16.0,1.0,2.0925000000000002,-2.2275
227027.0,0.0,-16.5,1.0,0.0,-9.0,1.0,0.0,-12.0,1.0,0.0,0.5,1.0,2.11,-2.29
227028.0,0.0,6.0,1.0,0.0,-17.0,1.0,0.0,-12.0,1.0,0.0,-15.0,1.0,2.11,-2.29
227029.0,0.0,-16.5,1.0,0.0,-25.0,1.0,0.0,-12.0,1.0,0.0,-16.0,1.0,2.11,-2.29
227030.0,0.0,-39.0,1.0,0.0,-17.0,1.0,0.0,-14.0,1.0,0.0,-17.0,1.0,2.11,-2.29
227031.0,0.0,-44.666666666666664,1.0,0.0,-9.0,1.0,0.0,-16.0,1.0,0.0,-128.5,1.0,2.11,-2.29
227032.0,0.0,-50.333333333333336,1.0,0.0,-17.0,1.0,0.0,-18.0,1.0,0.0,-240.0,1.0,2.11,-2.29
227033.0,0.0,-56.0,1.0,0.0,-25.0,1.0,0.0,-9.0,1.0,0.0,-112.0,1.0,2.11,-2.29
227034.0,0.0,-46.5,1.0,0.0,-17.0,1.0,0.0,0.0,1.0,0.0,16.0,1.0,2.11,-2.29
227035.0,0.0,-37.0,1.0,0.0,-9.0,1.0,0.0,17.5,1.0,0.0,-0.5,1.0,2.11,-2.29
227036.0,0.0,-38.0,1.0,0.0,-9.0,1.0,0.0,35.0,1.0,0.0,-17.0,1.0,2.11,-2.29
227037.0,0.0,-39.0,1.0,0.0,-9.0,1.0,0.0,8.5,1.0,0.0,0.5,1.0,2.11,-2.29
227038.0,0.0,-35.5,1.0,0.0,-18.0,1.0,0.0,-18.0,1.0,0.0,18.0,1.0,2.11,-2.29
227039.0,0.0,-32.0,1.0,0.0,-27.0,1.0,0.0,-18.0,1.0,0.0,0.5,1.0,2.11,-2.29
227040.0,0.0,-28.5,1.0,0.0,-26.0,1.0,0.0,-18.0,1.0,0.0,-17.0,1.0,3.8,-3.8
227041.0,0.0,-25.0,1.0,0.0,-25.0,1.0,0.0,-15.0,1.0,0.0,-0.5,1.0,2.11,-2.29
227042.0,0.0,-32.0,1.0,0.0,-26.0,1.0,0.0,-12.0,1.0,0.0,16.0,1.0,2.11,-2.29
227043.0,0.0,-39.0,1.0,0.0,-27.0,1.0,0.0,-31.0,1.0,0.0,17.0,1.0,2.11,-2.29
227044.0,0.0,-38.5,1.0,0.0,-17.0,1.0,0.0,-50.0,1.0,0.0,18.0,1.0,3.3075,-3.485
227045.0,0.0,-38.0,1.0,0.0,-7.0,1.0,0.0,-34.0,1.0,0.0,0.5,1.0,4.505,-4.68
227046.0,0.0,-37.5,1.0,0.0,-17.0,1.0,0.0,-18.0,1.0,0.0,-17.0,1.0,3.8775,-4.01
227047.0,0.0,-37.0,1.0,0.0,-27.0,1.0,0.0,-15.0,1.0,0.0,-17.0,1.0,3.25,-3.34
227048.0,0.0,-22.5,1.0,0.0,-17.0,1.0,0.0,-12.0,1.0,0.0,-17.0,1.0,3.605,-3.735
227049.0,0.0,-8.0,1.0,0.0,-7.0,1.0,0.0,-3.5,1.0,0.0,-0.5,1.0,3.96,-4.13
227050.0,0.0,-30.5,1.0,0.0,-17.0,1.0,0.0,5.0,1.0,0.0,16.0,1.0,8.43,-8.43
227051.0,0.0,-53.0,1.0,0.0,-27.0,1.0,-0.5,26.5,1.0,0.0,16.0,1.0,5.19,-5.36
227052.0,0.0,-46.0,1.0,0.0,-21.0,1.0,-1.0,48.0,1.0,0.0,16.0,1.0,5.67,-5.845000000000001
227053.0,0.0,-39.0,1.0,0.0,-15.0,1.0,-1.0,26.5,1.0,0.0,16.0,1.0,6.15,-6.33
227054.0,0.0,-24.5,1.0,0.0,-9.0,1.0,-1.0,5.0,1.0,0.0,-0.5,1.0,7.3025,-7.415
227055.0,0.0,-10.0,1.0,0.0,-1.5,1.0,-1.0,26.5,1.0,0.0,-17.0,1.0,8.455,-8.5
227056.0,0.0,-27.0,1.0,0.0,6.0,1.0,-1.0,48.0,1.0,0.0,-18.5,1.0,8.1375,-8.25
227057.0,0.0,-44.0,1.0,0.0,-10.5,1.0,-2.0,26.5,1.0,0.0,-20.0,1.0,7.82,-8.0
227058.0,0.0,-63.75,1.0,0.0,-27.0,1.0,-3.0,5.0,1.0,0.0,-1.0,1.0,8.175,-8.305
227059.0,0.0,-83.5,1.0,0.0,-28.0,1.0,-2.5,25.5,1.0,0.0,18.0,1.0,8.53,-8.61
227060.0,0.0,-103.25,1.0,0.0,-29.0,1.0,-2.0,46.0,1.0,0.0,-1.0,1.0,11.53,-11.53
227061.0,0.0,-123.0,1.0,0.0,-94.0,1.0,-1.5,53.5,1.0,0.0,-20.0,1.0,9.05,-9.14
227062.0,0.0,-182.0,1.0,0.0,-159.0,1.0,-1.0,61.0,1.0,0.0,46.5,1.0,9.185,-9.315000000000001
227063.0,0.0,-241.0,1.0,-0.5,-243.0,1.0,-1.0,98.5,1.0,0.0,113.0,1.0,9.32,-9.49
227064.0,-0.3333333333333333,-299.6666666666667,1.0,-1.0,-327.0,1.0,-1.0,136.0,1.0,0.0,111.5,1.0,10.190000000000001,-10.295
227065.0,-0.6666666666666666,-358.3333333333333,1.0,-1.5,-382.5,1.0,-0.6666666666666667,160.33333333333334,1.0,0.0,110.0,1.0,11.06,-11.1
227066.0,-1.0,-417.0,1.0,-2.0,-438.0,1.0,-0.33333333333333337,184.66666666666666,1.0,0.5,64.0,1.0,10.98,-11.085
227067.0,-1.0,-523.5,1.0,-3.0,-476.25,1.0,0.0,209.0,1.0,1.0,18.0,1.0,10.9,-11.07
227068.0,-1.0,-630.0,1.0,-4.0,-514.5,1.0,0.0,296.0,1.0,1.5,178.0,1.0,11.165,-11.29
227069.0,-3.5,-712.5,1.0,-5.0,-552.75,1.0,0.0,383.0,1.0,2.0,338.0,1.0,11.43,-11.51
227070.0,-6.0,-795.0,1.0,-6.0,-591.0,1.0,1.5,463.5,1.0,3.0,417.0,1.0,13.95,-13.95
227071.0,-10.5,-1002.0,1.0,-11.0,-1043.0,1.0,3.0,544.0,1.0,4.0,496.0,1.0,11.51,-11.51
227072.0,-15.0,-1209.0,1.0,-16.0,-1495.0,1.0,4.5,624.5,1.0,9.0,679.0,1.0,11.555,-11.645
227073.0,-22.5,-1509.5,1.0,-25.0,-1693.0,1.0,6.0,705.0,1.0,14.0,862.0,1.0,11.6,-11.78
227074.0,-30.0,-1810.0,1.0,-34.0,-1891.0,1.0,17.5,841.0,1.0,25.0,972.0,1.0,12.8325,-12.945
227075.0,-46.0,-1903.0,1.0,-54.0,-1860.0,1.0,29.0,977.0,1.0,36.0,1082.0,1.0,14.065,-14.11
227076.0,-62.0,-1996.0,1.0,-74.0,-1829.0,1.0,47.5,1029.0,1.0,59.0,1010.0,1.0,13.6675,-13.78
227077.0,-93.0,-1899.0,1.0,-112.5,-1816.0,1.0,66.0,1081.0,1.0,82.0,938.0,1.0,13.27,-13.45
227078.0,-124.0,-1802.0,1.0,-151.0,-1803.0,1.0,96.0,990.5,1.0,115.5,855.5,1.0,13.71,-13.844999999999999
227079.0,-160.5,-1735.0,1.0,-175.0,-1738.6666666666667,1.0,126.0,900.0,1.0,149.0,773.0,1.0,14.15,-14.24
227080.0,-197.0,-1668.0,1.0,-199.0,-1674.3333333333333,1.0,157.25,868.5,1.0,169.33333333333334,780.3333333333334,1.0,15.81,-15.81
227081.0,-236.0,-1586.5,1.0,-223.0,-1610.0,1.0,188.5,837.0,1.0,189.66666666666666,787.6666666666666,1.0,15.03,-15.12
227082.0,-275.0,-1505.0,1.0,-259.5,-1575.0,1.0,219.75,805.5,1.0,210.0,795.0,1.0,15.16,-15.25
227083.0,-316.0,-1531.0,1.0,-296.0,-1540.0,1.0,251.0,774.0,1.0,231.5,800.5,1.0,15.29,-15.38
227084.0,-357.0,-1557.0,1.0,-340.5,-1557.0,1.0,286.0,779.5,1.0,253.0,806.0,1.0,15.335,-15.47
227085.0,-397.5,-1591.5,1.0,-385.0,-1574.0,1.0,321.0,785.0,1.0,282.5,846.0,1.0,15.38,-15.56
227086.0,-438.0,-1626.0,1.0,-427.5,-1599.0,1.0,337.2352941176471,771.4705882352941,1.0,312.0,886.0,1.0,15.38,-15.56
227087.0,-475.5,-1511.5,1.0,-470.0,-1624.0,1.0,353.47058823529414,757.9411764705883,1.0,331.0,894.5,1.0,15.38,-15.56
227088.0,-513.0,-1397.0,1.0,-501.5,-1469.5,1.0,369.70588235294116,744.4117647058823,1.0,350.0,903.0,1.0,15.425,-15.56
227089.0,-541.5,-1314.0,1.0,-533.0,-1315.0,1.0,385.94117647058823,730.8823529411765,1.0,382.0,847.5,1.0,15.47,-15.56
227090.0,-570.0,-1231.0,1.0,-557.5,-1346.0,1.0,402.1764705882353,717.3529411764706,1.0,414.0,792.0,1.0,15.93,-15.93
227091.0,-601.5,-1128.5,1.0,-582.0,-1377.0,1.0,418.4117647058823,703.8235294117648,1.0,437.0,787.0,1.0,15.47,-15.56
227092.0,-633.0,-1026.0,1.0,-614.0,-1210.5,1.0,434.6470588235294,690.2941176470588,1.0,460.0,782.0,1.0,15.47,-15.600000000000001
227093.0,-645.6666666666666,-1123.6666666666667,1.0,-646.0,-1044.0,1.0,450.88235294117646,676.7647058823529,1.0,468.0,725.0,1.0,15.47,-15.64
227094.0,-658.3333333333334,-1221.3333333333333,1.0,-663.5,-1004.0,1.0,467.11764705882354,663.2352941176471,1.0,476.0,668.0,1.0,16.0225,-16.1725
227095.0,-671.0,-1319.0,1.0,-681.0,-964.0,1.0,483.3529411764706,649.7058823529412,1.0,493.5,743.0,1.0,16.575,-16.705
227096.0,-687.5,-1314.0,1.0,-703.0,-980.5,1.0,499.5882352941176,636.1764705882354,1.0,511.0,818.0,1.0,16.0675,-16.2175
227097.0,-704.0,-1309.0,1.0,-725.0,-997.0,1.0,515.8235294117646,622.6470588235294,1.0,525.5,601.5,1.0,15.56,-15.73
227098.0,-716.0,-1073.5,1.0,-740.0,-1025.5,1.0,532.0588235294117,609.1176470588235,1.0,540.0,385.0,1.0,15.82,-15.950000000000001
227099.0,-728.0,-838.0,1.0,-755.0,-1054.0,1.0,548.2941176470588,595.5882352941177,1.0,549.5,495.0,1.0,16.08,-16.17
227100.0,-744.0,-937.0,1.0,-767.0,-965.0,1.0,564.5294117647059,582.0588235294117,1.0,559.0,605.0,1.0,18.62,-18.62
227101.0,-760.0,-1036.0,1.0,-779.0,-876.0,1.0,580.7647058823529,568.5294117647059,1.0,561.25,552.0,1.0,16.96,-17.05
227102.0,-773.0,-959.5,1.0,-795.5,-963.5,1.0,597.0,555.0,1.0,563.5,499.0,1.0,17.225,-17.36
227103.0,-786.0,-883.0,1.0,-812.0,-1051.0,1.0,598.5,486.0,1.0,565.75,446.0,1.0,17.49,-17.67
227104.0,-801.5,-972.5,1.0,-823.0,-995.5,1.0,600.0,417.0,1.0,568.0,393.0,1.0,17.755,-17.93
227105.0,-817.0,-1062.0,1.0,-834.0,-940.0,1.0,597.5,414.75,1.0,574.5,480.0,1.0,18.02,-18.19
227106.0,-823.5,-992.5,1.0,-849.5,-1048.0,1.0,595.0,412.5,1.0,581.0,567.0,1.0,20.59,-20.59
227107.0,-830.0,-923.0,1.0,-865.0,-1156.0,1.0,592.5,410.25,1.0,582.0,547.8,1.0,18.19,-18.28
227108.0,-834.0,-967.5,1.0,-873.0,-1240.5,1.0,590.0,408.0,1.0,583.0,528.6,1.0,18.41,-18.5
227109.0,-838.0,-1012.0,1.0,-881.0,-1325.0,1.0,600.5,362.5,1.0,584.0,509.4,1.0,18.63,-18.72
227110.0,-835.5,-923.0,1.0,-882.0,-1235.3333333333333,1.0,611.0,317.0,1.0,585.0,490.2,1.0,19.479999999999997,-19.5475
227111.0,-833.0,-834.0,1.0,-883.0,-1145.6666666666667,1.0,619.0,254.5,1.0,586.0,471.0,1.0,20.33,-20.375
227112.0,-845.5,-982.0,1.0,-884.0,-1056.0,1.0,627.0,192.0,1.0,581.0,446.0,1.0,20.314999999999998,-20.3825
227113.0,-858.0,-1130.0,1.0,-882.5,-1163.5,1.0,626.5,261.5,1.0,576.0,421.0,1.0,20.3,-20.39
227114.0,-856.5,-1037.0,1.0,-881.0,-1271.0,1.0,626.0,331.0,1.0,578.5,395.0,1.0,20.475,-20.564999999999998
227115.0,-855.0,-944.0,1.0,-879.5,-1109.0,1.0,624.5,279.0,1.0,581.0,369.0,1.0,20.65,-20.74
227116.0,-861.0,-1072.5,1.0,-878.0,-947.0,1.0,623.0,227.0,1.0,581.0,445.0,1.0,22.09,-22.09
227117.0,-867.0,-1201.0,1.0,-877.5,-959.5,1.0,615.0,304.5,1.0,581.0,521.0,1.0,20.74,-20.92
227118.0,-859.5,-1037.5,1.0,-877.0,-972.0,1.0,607.0,382.0,1.0,579.0,448.0,1.0,20.915,-21.05
227119.0,-852.0,-874.0,1.0,-881.5,-1093.5,1.0,605.5,321.0,1.0,577.0,375.0,1.0,21.09,-21.18
227120.0,-852.0,-948.5,1.0,-886.0,-1215.0,1.0,604.0,260.0,1.0,577.0,437.0,1.0,21.515,-21.605
227121.0,-852.0,-1023.0,1.0,-880.5,-1055.5,1.0,601.0,282.5,1.0,577.0,499.0,1.0,21.94,-22.03
227122.0,-850.0,-987.0,1.0,-875.0,-896.0,1.0,598.0,305.0,1.0,575.0,404.5,1.0,21.87,-22.0
227123.0,-848.0,-951.0,1.0,-870.0,-1027.5,1.0,598.6666666666666,244.0,1.0,573.0,310.0,1.0,21.8,-21.97
227124.0,-847.3333333333334,-990.6666666666666,1.0,-865.0,-1159.0,1.0,599.3333333333334,183.0,1.0,586.5,372.5,1.0,21.884999999999998,-21.97
227125.0,-846.6666666666666,-1030.3333333333333,1.0,-859.5,-1032.5,1.0,600.0,122.0,1.0,600.0,435.0,1.0,21.97,-21.97
227126.0,-846.0,-1070.0,1.0,-854.0,-906.0,1.0,598.5,233.5,1.0,597.5,430.25,1.0,22.16,-22.16
227127.0,-849.5,-1025.5,1.0,-856.0,-988.0,1.0,597.0,345.0,1.0,595.0,425.5,1.0,21.97,-21.97
227128.0,-853.0,-981.0,1.0,-858.0,-1070.0,1.0,593.0,227.0,1.0,592.5,420.75,1.0,21.97,-21.97
227129.0,-854.75,-1009.75,1.0,-859.0,-957.0,1.0,589.0,109.0,1.0,590.0,416.0,1.0,21.97,-21.97
227130.0,-856.5,-1038.5,1.0,-860.0,-844.0,1.0,595.5,125.0,1.0,590.5,308.0,1.0,21.9625,-21.9625
227131.0,-858.25,-1067.25,1.0,-869.0,-965.0,1.0,602.0,141.0,1.0,591.0,200.0,1.0,21.955,-21.955
227132.0,-860.0,-1096.0,1.0,-878.0,-1086.0,1.0,595.5,135.0,1.0,589.0,327.0,1.0,21.9625,-21.9625
227133.0,-862.0,-1107.5,1.0,-872.0,-968.0,1.0,589.0,129.0,1.0,587.0,454.0,1.0,21.97,-21.97
227134.0,-864.0,-1119.0,1.0,-866.0,-850.0,1.0,593.5,231.0,1.0,583.0,346.0,1.0,21.97,-21.97
227135.0,-862.5,-1145.5,1.0,-871.0,-1005.0,1.0,598.0,333.0,1.0,579.0,238.0,1.0,21.97,-21.97
227136.0,-861.0,-1172.0,1.0,-876.0,-1160.0,1.0,602.0,344.0,1.0,579.5,280.5,1.0,21.83,-21.83
227137.0,-857.0,-1086.0,1.0,-874.6666666666666,-1092.0,1.0,606.0,355.0,1.0,580.0,323.0,1.0,21.97,-21.97
227138.0,-853.0,-1000.0,1.0,-873.3333333333334,-1024.0,1.0,609.0,372.0,1.0,581.8,315.0,1.0,21.97,-21.97
227139.0,-855.5,-1143.0,1.0,-872.0,-956.0,1.0,612.0,389.0,1.0,583.6,307.0,1.0,21.97,-21.97
227140.0,-858.0,-1286.0,1.0,-879.5,-969.5,1.0,609.0,373.5,1.0,585.4,299.0,1.0,21.7325,-21.7325
227141.0,-854.0,-1097.0,1.0,-887.0,-983.0,1.0,606.0,358.0,1.0,587.2,291.0,1.0,21.495,-21.495
227142.0,-850.0,-908.0,1.0,-882.0,-1021.5,1.0,605.0,410.0,1.0,589.0,283.0,1.0,21.7325,-21.7325
227143.0,-850.5,-1027.0,1.0,-877.0,-1060.0,1.0,604.0,462.0,1.0,591.0,273.0,1.0,21.97,-21.97
227144.0,-851.0,-1146.0,1.0,-873.5,-1073.0,1.0,605.5,455.5,1.0,593.0,263.0,1.0,21.84,-21.795
227145.0,-844.5,-995.0,1.0,-870.0,-1086.0,1.0,607.0,449.0,1.0,584.0,281.5,1.0,21.71,-21.62
227146.0,-838.0,-844.0,1.0,-871.0,-1183.0,1.0,602.5,333.5,1.0,575.0,300.0,1.0,19.97,-19.97
227147.0,-838.4,-889.6,1.0,-872.0,-1280.0,1.0,598.0,218.0,1.0,573.5,372.5,1.0,21.27,-21.27
227148.0,-838.8,-935.2,1.0,-872.0,-1334.0,1.0,595.0,292.0,1.0,572.0,445.0,1.0,21.095,-21.095
227149.0,-839.2,-980.8,1.0,-872.0,-1388.0,1.0,592.0,366.0,1.0,572.0,474.0,1.0,20.92,-20.92
227150.0,-839.6,-1026.4,1.0,-865.5,-1317.0,1.0,590.3333333333334,340.0,1.0,572.0,503.0,1.0,20.5025,-20.5025
227151.0,-840.0,-1072.0,1.0,-859.0,-1246.0,1.0,588.6666666666666,314.0,1.0,574.5,532.0,1.0,20.085,-20.085
227152.0,-835.5,-1062.0,1.0,-847.5,-1229.0,1.0,587.0,288.0,1.0,577.0,561.0,1.0,20.1475,-20.1075
227153.0,-831.0,-1052.0,1.0,-836.0,-1212.0,1.0,585.5,407.0,1.0,565.5,529.0,1.0,20.21,-20.13
227154.0,-821.5,-1053.5,1.0,-823.5,-1145.5,1.0,584.0,526.0,1.0,554.0,497.0,1.0,20.17,-20.085
227155.0,-812.0,-1055.0,1.0,-811.0,-1079.0,1.0,576.0,481.0,1.0,549.5,525.0,1.0,20.13,-20.04
227156.0,-805.0,-1144.5,1.0,-803.0,-1171.0,1.0,568.0,436.0,1.0,545.0,553.0,1.0,20.13,-20.04
227157.0,-798.0,-1234.0,1.0,-795.0,-1263.0,1.0,567.5,418.3333333333333,1.0,548.5,472.5,1.0,20.13,-20.04
227158.0,-785.5,-1167.5,1.0,-790.0,-1141.0,1.0,567.0,400.6666666666667,1.0,552.0,392.0,1.0,20.13,-20.04
227159.0,-773.0,-1101.0,1.0,-785.0,-1019.0,1.0,566.5,383.0,1.0,563.0,529.5,1.0,20.13,-20.04
227160.0,-780.0,-1194.5,1.0,-785.5,-1148.5,1.0,566.0,365.3333333333333,1.0,574.0,667.0,1.0,20.13,-20.04
227161.0,-787.0,-1288.0,1.0,-786.0,-1278.0,1.0,565.5,347.66666666666663,1.0,565.5,667.0,1.0,20.13,-20.04
227162.0,-779.5,-1158.5,1.0,-784.6666666666666,-1199.0,1.0,565.0,330.0,1.0,557.0,667.0,1.0,20.13,-20.04
227163.0,-772.0,-1029.0,1.0,-783.3333333333334,-1120.0,1.0,568.5,378.5,1.0,554.0,631.6666666666666,1.0,20.13,-20.04
227164.0,-777.5,-1086.0,1.0,-782.0,-1041.0,1.0,572.0,427.0,1.0,551.0,596.3333333333334,1.0,20.13,-20.04
227165.0,-783.0,-1143.0,1.0,-791.0,-1067.5,1.0,571.0,414.0,1.0,548.0,561.0,1.0,20.13,-20.04
227166.0,-784.0,-1193.0,1.0,-800.0,-1094.0,1.0,570.0,401.0,1.0,557.5,582.0,1.0,20.13,-20.04
227167.0,-785.0,-1243.0,1.0,-802.0,-1106.5,1.0,572.5,392.0,1.0,567.0,603.0,1.0,20.13,-20.04
227168.0,-785.5,-1075.0,1.0,-804.0,-1119.0,1.0,575.0,383.0,1.0,573.0,549.0,1.0,20.13,-20.04
227169.0,-786.0,-907.0,1.0,-807.0,-1048.0,1.0,580.0,397.0,1.0,579.0,495.0,1.0,20.13,-20.04
227170.0,-794.5,-1014.5,1.0,-810.0,-977.0,1.0,585.0,411.0,1.0,581.5,541.5,1.0,20.13,-20.04
227171.0,-803.0,-1122.0,1.0,-817.0,-1116.0,1.0,593.0,346.5,1.0,584.0,588.0,1.0,20.13,-20.04
227172.0,-815.0,-1055.0,1.0,-824.0,-1255.0,1.0,601.0,282.0,1.0,582.75,566.5,1.0,20.13,-20.04
227173.0,-827.0,-988.0,1.0,-827.5,-1059.0,1.0,611.5,344.0,1.0,581.5,545.0,1.0,20.13,-20.04
227174.0,-827.5,-1013.5,1.0,-831.0,-863.0,1.0,622.0,406.0,1.0,580.25,523.5,1.0,20.085,-20.04
227175.0,-828.0,-1039.0,1.0,-844.5,-996.0,1.0,628.0,332.5,1.0,579.0,502.0,1.0,20.04,-20.04
227176.0,-835.5,-874.5,1.0,-858.0,-1129.0,1.0,634.0,259.0,1.0,587.5,388.5,1.0,20.04,-20.04
227177.0,-843.0,-710.0,1.0,-870.5,-1066.0,1.0,630.0,172.0,1.0,596.0,275.0,1.0,20.04,-20.04
227178.0,-852.0,-824.0,1.0,-883.0,-1003.0,1.0,626.0,85.0,1.0,604.0,259.75,1.0,20.04,-20.04
227179.0,-861.0,-938.0,1.0,-883.5,-1019.0,1.0,629.6666666666666,107.33333333333333,1.0,612.0,244.5,1.0,20.04,-20.04
227180.0,-870.0,-1052.0,1.0,-884.0,-1035.0,1.0,633.3333333333334,129.66666666666666,1.0,620.0,229.25,1.0,20.04,-20.04
227181.0,-880.5,-1071.5,1.0,-886.0,-1081.5,1.0,637.0,152.0,1.0,628.0,214.0,1.0,20.04,-20.04
227182.0,-891.0,-1091.0,1.0,-888.0,-1128.0,1.0,638.0,115.0,1.0,635.0,355.0,1.0,20.04,-20.04
227183.0,-887.0,-1043.0,1.0,-886.5,-955.0,1.0,639.0,78.0,1.0,642.0,496.0,1.0,20.04,-20.04
227184.0,-883.0,-995.0,1.0,-885.0,-782.0,1.0,644.5,114.75,1.0,641.5,504.0,1.0,20.04,-20.04
227185.0,-877.5,-958.0,1.0,-891.5,-1016.5,1.0,650.0,151.5,1.0,641.0,512.0,1.0,20.04,-20.04
227186.0,-872.0,-921.0,1.0,-898.0,-1251.0,1.0,655.5,188.25,1.0,642.0,413.5,1.0,20.04,-20.04
227187.0,-871.0,-833.0,1.0,-897.5,-1153.0,1.0,661.0,225.0,1.0,643.0,315.0,1.0,20.04,-20.04
227188.0,-870.0,-745.0,1.0,-897.0,-1055.0,1.0,659.0,260.5,1.0,636.5,410.0,1.0,20.04,-20.04
227189.0,-874.25,-777.5,1.0,-886.5,-923.5,1.0,657.0,296.0,1.0,630.0,505.0,1.0,20.04,-20.04
227190.0,-878.5,-810.0,1.0,-876.0,-792.0,1.0,652.5,293.5,1.0,619.0,351.0,1.0,20.04,-20.04
227191.0,-882.75,-842.5,1.0,-875.0,-1029.5,1.0,648.0,291.0,1.0,608.0,197.0,1.0,20.04,-20.04
227192.0,-887.0,-875.0,1.0,-874.0,-1267.0,1.0,643.0,221.0,1.0,600.0,288.5,1.0,20.04,-20.04
227193.0,-883.0,-1029.5,1.0,-868.3333333333334,-1037.6666666666667,1.0,638.0,151.0,1.0,592.0,380.0,1.0,20.04,-20.04
227194.0,-879.0,-1184.0,1.0,-862.6666666666666,-808.3333333333333,1.0,635.75,197.5,1.0,592.0,357.3333333333333,1.0,20.04,-20.04
227195.0,-874.5,-1030.0,1.0,-857.0,-579.0,1.0,633.5,244.0,1.0,592.0,334.6666666666667,1.0,20.04,-20.04
227196.0,-870.0,-876.0,1.0,-863.5,-721.0,1.0,631.25,290.5,1.0,592.0,312.0,1.0,20.04,-20.04
227197.0,-865.5,-910.5,1.0,-870.0,-863.0,1.0,629.0,337.0,1.0,586.25,371.25,1.0,20.04,-20.04
227198.0,-861.0,-945.0,1.0,-876.5,-866.5,1.0,627.0,313.5,1.0,580.5,430.5,1.0,20.04,-20.04
227199.0,-865.0,-939.5,1.0,-883.0,-870.0,1.0,625.0,290.0,1.0,574.75,489.75,1.0,20.04,-20.04
227200.0,-869.0,-934.0,1.0,-883.0,-733.0,1.0,618.5,269.5,1.0,569.0,549.0,1.0,20.04,-20.04
227201.0,-866.5,-858.5,1.0,-883.0,-596.0,1.0,612.0,249.0,1.0,559.5,376.0,1.0,20.04,-20.04
227202.0,-864.0,-783.0,1.0,-889.5,-866.0,1.0,605.5,228.5,1.0,550.0,203.0,1.0,20.04,-20.04
227203.0,-870.0,-923.0,1.0,-896.0,-1136.0,1.0,599.0,208.0,1.0,550.5,340.5,1.0,20.04,-20.04
227204.0,-876.0,-1063.0,1.0,-889.0,-937.0,1.0,602.0,229.0,1.0,551.0,478.0,1.0,20.04,-20.04
227205.0,-876.0,-773.5,1.0,-882.0,-738.0,1.0,605.0,250.0,1.0,562.0,472.0,1.0,20.04,-20.04
227206.0,-876.0,-484.0,1.0,-887.0,-863.5,1.0,608.0,271.0,1.0,573.0,466.0,1.0,13.4,-13.4
227207.0,-876.5,-649.0,1.0,-892.0,-989.0,1.0,611.0,292.0,1.0,576.0,460.5,1.0,20.04,-20.04
227208.0,-877.0,-814.0,1.0,-890.0,-825.5,1.0,616.6,337.2,1.0,579.0,455.0,1.0,19.91,-19.91
227209.0,-879.6666666666666,-803.6666666666666,1.0,-888.0,-662.0,1.0,622.2,382.4,1.0,579.0,509.0,1.0,19.78,-19.78
227210.0,-882.3333333333334,-793.3333333333334,1.0,-897.5,-702.5,1.0,627.8,427.6,1.0,579.0,563.0,1.0,17.2025,-17.2025
227211.0,-885.0,-783.0,1.0,-907.0,-743.0,1.0,633.4,472.8,1.0,582.5,488.0,1.0,14.625,-14.625
227212.0,-879.0,-669.5,1.0,-906.5,-876.0,1.0,639.0,518.0,1.0,586.0,413.0,1.0,15.7925,-15.8375
227213.0,-873.0,-556.0,1.0,-906.0,-1009.0,1.0,645.0,592.0,1.0,596.0,580.0,1.0,16.96,-17.05
227214.0,-870.0,-675.5,1.0,-893.0,-856.0,1.0,651.0,666.0,1.0,606.0,747.0,1.0,15.865,-15.95
227215.0,-867.0,-795.0,1.0,-880.0,-703.0,1.0,645.5,583.25,1.0,617.0,614.5,1.0,14.77,-14.85
227216.0,-861.0,-695.0,1.0,-864.0,-862.0,1.0,640.0,500.5,1.0,628.0,482.0,1.0,10.52,-10.52
227217.0,-855.0,-595.0,1.0,-848.0,-1021.0,1.0,634.5,417.75,1.0,637.75,480.0,1.0,12.83,-12.83
227218.0,-845.0,-783.5,1.0,-838.5,-996.0,1.0,629.0,335.0,1.0,647.5,478.0,1.0,12.17,-12.215
227219.0,-835.0,-972.0,1.0,-829.0,-971.0,1.0,640.5,382.0,1.0,657.25,476.0,1.0,11.51,-11.6
227220.0,-828.0,-837.0,1.0,-824.0,-871.0,1.0,652.0,429.0,1.0,667.0,474.0,1.0,11.205,-11.25
227221.0,-821.0,-702.0,1.0,-819.0,-771.0,1.0,659.0,439.25,1.0,670.0,496.5,1.0,10.9,-10.9
227222.0,-822.0,-906.0,1.0,-819.0,-706.0,1.0,666.0,449.5,1.0,673.0,519.0,1.0,10.81,-10.81
227223.0,-823.0,-1110.0,1.0,-819.0,-641.0,1.0,673.0,459.75,1.0,682.5,536.0,1.0,10.72,-10.72
227224.0,-811.5,-847.0,1.0,-826.3333333333334,-691.3333333333334,1.0,680.0,470.0,1.0,692.0,553.0,1.0,10.72,-10.675
227225.0,-800.0,-584.0,1.0,-833.6666666666666,-741.6666666666666,1.0,681.5,418.0,1.0,691.0,571.5,1.0,10.72,-10.63
227226.0,-803.5,-758.0,1.0,-841.0,-792.0,1.0,683.0,366.0,1.0,690.0,590.0,1.0,10.4,-10.4
227227.0,-807.0,-932.0,1.0,-852.0,-728.5,1.0,684.0,410.0,1.0,690.6666666666666,619.3333333333334,1.0,10.72,-10.63
227228.0,-804.0,-762.0,1.0,-863.0,-665.0,1.0,685.0,454.0,1.0,691.3333333333334,648.6666666666666,1.0,10.72,-10.63
227229.0,-801.0,-592.0,1.0,-860.0,-656.0,1.0,686.0,498.0,1.0,692.0,678.0,1.0,10.72,-10.63
227230.0,-801.5,-912.5,1.0,-857.0,-647.0,1.0,687.0,542.0,1.0,692.5,637.0,1.0,10.6125,-10.545000000000002
227231.0,-802.0,-1233.0,1.0,-867.0,-485.0,1.0,688.0,586.0,1.0,693.0,596.0,1.0,10.505,-10.46
227232.0,-791.0,-998.5,1.0,-877.0,-323.0,1.0,689.0,630.0,1.0,688.0,546.5,1.0,10.6125,-10.545000000000002
227233.0,-780.0,-764.0,1.0,-898.5,-340.0,1.0,684.0,600.0,1.0,683.0,497.0,1.0,10.72,-10.63
227234.0,-778.5,-683.5,1.0,-920.0,-357.0,1.0,679.0,570.0,1.0,679.0,534.0,1.0,10.675,-10.63
227235.0,-777.0,-603.0,1.0,-933.5,-425.0,1.0,672.5,513.0,1.0,675.0,571.0,1.0,10.63,-10.63
227236.0,-775.5,-789.0,1.0,-947.0,-493.0,1.0,666.0,456.0,1.0,667.0,624.5,1.0,10.63,-10.63
227237.0,-774.0,-975.0,1.0,-957.5,-420.5,1.0,662.0,371.5,1.0,659.0,678.0,1.0,10.63,-10.63
227238.0,-775.5,-903.5,1.0,-968.0,-348.0,1.0,658.0,287.0,1.0,660.0,593.0,1.0,10.63,-10.63
227239.0,-777.0,-832.0,1.0,-975.5,-423.0,1.0,664.0,309.5,1.0,661.0,508.0,1.0,10.63,-10.63
227240.0,-778.2,-827.8,1.0,-983.0,-498.0,1.0,670.0,332.0,1.0,660.0,477.0,1.0,10.63,-10.63
227241.0,-779.4,-823.6,1.0,-950.5,-612.0,1.0,674.0,443.0,1.0,659.0,446.0,1.0,10.63,-10.63
227242.0,-780.6,-819.4,1.0,-918.0,-726.0,1.0,678.0,554.0,1.0,665.0,485.5,1.0,10.63,-10.63
227243.0,-781.8,-815.2,1.0,-902.0,-660.0,1.0,682.0,665.0,1.0,671.0,525.0,1.0,10.63,-10.63
227244.0,-783.0,-811.0,1.0,-886.0,-594.0,1.0,685.25,599.5,1.0,672.0,576.0,1.0,10.63,-10.63
227245.0,-791.0,-732.0,1.0,-881.5,-814.5,1.0,688.5,534.0,1.0,673.0,627.0,1.0,10.63,-10.63
227246.0,-799.0,-653.0,1.0,-877.0,-1035.0,1.0,691.75,468.5,1.0,679.0,482.0,1.0,10.63,-10.63
227247.0,-803.5,-645.5,1.0,-866.5,-948.0,1.0,695.0,403.0,1.0,685.0,337.0,1.0,10.63,-10.63
227248.0,-808.0,-638.0,1.0,-856.0,-861.0,1.0,701.5,435.5,1.0,685.0,295.0,1.0,10.63,-10.63
227249.0,-812.5,-630.5,1.0,-861.5,-854.5,1.0,708.0,468.0,1.0,685.0,253.0,1.0,10.63,-10.63
227250.0,-817.0,-623.0,1.0,-867.0,-848.0,1.0,714.5,544.5,1.0,695.5,283.0,1.0,10.63,-10.59
227251.0,-819.5,-760.5,1.0,-865.0,-790.5,1.0,721.0,621.0,1.0,706.0,313.0,1.0,10.63,-10.55
227252.0,-822.0,-898.0,1.0,-863.0,-733.0,1.0,720.75,543.0,1.0,707.0,367.0,1.0,10.63,-10.55
227253.0,-820.5,-708.0,1.0,-855.5,-810.5,1.0,720.5,465.0,1.0,708.0,421.0,1.0,10.63,-10.55
227254.0,-819.0,-518.0,1.0,-848.0,-888.0,1.0,720.25,387.0,1.0,711.0,366.0,1.0,10.63,-10.55
227255.0,-823.0,-762.5,1.0,-842.6666666666666,-817.6666666666666,1.0,720.0,309.0,1.0,714.0,311.0,1.0,10.63,-10.55
227256.0,-827.0,-1007.0,1.0,-837.3333333333334,-747.3333333333334,1.0,721.0,327.5,1.0,713.3333333333334,365.6666666666667,1.0,10.63,-10.55
227257.0,-823.5,-824.5,1.0,-832.0,-677.0,1.0,722.0,346.0,1.0,712.6666666666666,420.3333333333333,1.0,10.63,-10.55
227258.0,-820.0,-642.0,1.0,-823.0,-647.5,1.0,723.0,364.5,1.0,712.0,475.0,1.0,10.63,-10.55
227259.0,-820.5,-731.5,1.0,-814.0,-618.0,1.0,724.0,383.0,1.0,711.5,487.0,1.0,10.63,-10.55
227260.0,-821.0,-821.0,1.0,-809.5,-739.0,1.0,725.0,401.5,1.0,711.0,499.0,1.0,10.63,-10.55
227261.0,-813.0,-832.5,1.0,-805.0,-860.0,1.0,726.0,420.0,1.0,706.5,466.5,1.0,10.63,-10.55
227262.0,-805.0,-844.0,1.0,-807.0,-800.5,1.0,714.5,478.5,1.0,702.0,434.0,1.0,10.63,-10.55
227263.0,-808.0,-677.0,1.0,-809.0,-741.0,1.0,703.0,537.0,1.0,692.0,584.0,1.0,10.63,-10.55
227264.0,-811.0,-510.0,1.0,-804.0,-823.0,1.0,695.5,418.5,1.0,682.0,734.0,1.0,10.63,-10.55
227265.0,-814.5,-679.5,1.0,-799.0,-905.0,1.0,688.0,300.0,1.0,668.0,664.0,1.0,10.63,-10.55
227266.0,-818.0,-849.0,1.0,-788.0,-902.0,1.0,688.5,312.5,1.0,654.0,594.0,1.0,10.63,-10.55
227267.0,-830.0,-622.0,1.0,-777.0,-899.0,1.0,689.0,325.0,1.0,655.5,787.0,1.0,10.63,-10.55
227268.0,-842.0,-395.0,1.0,-769.5,-1025.0,1.0,690.4,328.6,1.0,657.0,980.0,1.0,10.63,-10.55
227269.0,-850.3333333333334,-361.3333333333333,1.0,-762.0,-1151.0,1.0,691.8,332.2,1.0,637.0,796.5,1.0,10.63,-10.55
227270.0,-858.6666666666666,-327.6666666666667,1.0,-752.5,-1063.5,1.0,693.2,335.8,1.0,617.0,613.0,1.0,10.63,-10.55
227271.0,-867.0,-294.0,1.0,-743.0,-976.0,1.0,694.6,339.4,1.0,607.5,746.5,1.0,10.63,-10.55
227272.0,-854.5,-638.0,1.0,-739.0,-922.5,1.0,696.0,343.0,1.0,598.0,880.0,1.0,10.63,-10.55
227273.0,-842.0,-982.0,1.0,-735.0,-869.0,1.0,698.2,342.4,1.0,593.5,830.0,1.0,10.63,-10.55
227274.0,-848.5,-818.0,1.0,-733.5,-1039.5,1.0,700.4,341.8,1.0,589.0,780.0,1.0,10.63,-10.55
227275.0,-855.0,-654.0,1.0,-732.0,-1210.0,1.0,702.6,341.2,1.0,585.0,704.5,1.0,10.63,-10.55
227276.0,-867.5,-689.0,1.0,-729.5,-1084.5,1.0,704.8,340.6,1.0,581.0,629.0,1.0,10.63,-10.55
227277.0,-880.0,-724.0,1.0,-727.0,-959.0,1.0,707.0,340.0,1.0,581.5,559.0,1.0,10.63,-10.55
227278.0,-876.0,-738.5,1.0,-727.5,-885.0,1.0,709.2,339.4,1.0,582.0,489.0,1.0,10.63,-10.55
227279.0,-872.0,-753.0,1.0,-728.0,-811.0,1.0,711.4,338.8,1.0,589.0,603.0,1.0,10.63,-10.55
227280.0,-865.0,-834.5,1.0,-737.5,-909.5,1.0,713.6,338.2,1.0,596.0,717.0,1.0,10.4525,-10.3925
227281.0,-858.0,-916.0,1.0,-747.0,-1008.0,1.0,715.8,337.6,1.0,602.5,585.0,1.0,10.275,-10.235
227282.0,-867.5,-742.5,1.0,-743.5,-1015.0,1.0,718.0,337.0,1.0,609.0,453.0,1.0,10.412500000000001,-10.3925
227283.0,-877.0,-569.0,1.0,-740.0,-1022.0,1.0,717.0,351.3333333333333,1.0,612.5,492.5,1.0,10.55,-10.55
227284.0,-867.5,-596.5,1.0,-752.3333333333334,-855.0,1.0,716.0,365.6666666666667,1.0,616.0,532.0,1.0,10.33,-10.33
227285.0,-858.0,-624.0,1.0,-764.6666666666666,-688.0,1.0,715.0,380.0,1.0,623.0,637.0,1.0,10.11,-10.11
227286.0,-844.5,-607.5,1.0,-777.0,-521.0,1.0,714.0,394.3333333333333,1.0,630.0,742.0,1.0,4.87,-4.87
227287.0,-831.0,-591.0,1.0,-780.5,-660.5,1.0,713.0,408.6666666666667,1.0,637.0,847.0,1.0,10.02,-10.11
227288.0,-835.5,-479.5,1.0,-784.0,-800.0,1.0,712.0,423.0,1.0,645.5,719.0,1.0,9.844999999999999,-9.934999999999999
227289.0,-840.0,-368.0,1.0,-792.5,-696.0,1.0,719.8,409.1,1.0,654.0,591.0,1.0,9.67,-9.76
227290.0,-837.5,-490.5,1.0,-801.0,-592.0,1.0,727.6,395.2,1.0,663.5,652.5,1.0,8.129999999999999,-8.1975
227291.0,-835.0,-613.0,1.0,-810.5,-676.0,1.0,735.4,381.3,1.0,673.0,714.0,1.0,6.59,-6.635
227292.0,-839.5,-616.5,1.0,-820.0,-760.0,1.0,743.2,367.4,1.0,674.5,415.5,1.0,6.855,-6.922499999999999
227293.0,-844.0,-620.0,1.0,-824.5,-695.5,1.0,751.0,353.5,1.0,676.0,117.0,1.0,7.12,-7.21
227294.0,-838.5,-567.0,1.0,-829.0,-631.0,1.0,758.8,339.6,1.0,694.5,313.5,1.0,6.415,-6.505
227295.0,-833.0,-514.0,1.0,-833.5,-692.5,1.0,766.6,325.7,1.0,713.0,510.0,1.0,5.71,-5.8
227296.0,-831.0,-436.5,1.0,-838.0,-754.0,1.0,774.4,311.8,1.0,720.5,421.5,1.0,4.33,-4.33
227297.0,-829.0,-359.0,1.0,-836.5,-610.0,1.0,782.2,297.9,1.0,728.0,333.0,1.0,4.92,-4.92
227298.0,-831.6666666666666,-470.0,1.0,-835.0,-466.0,1.0,790.0,284.0,1.0,740.0,453.0,1.0,4.79,-4.745
227299.0,-834.3333333333334,-581.0,1.0,-829.0,-397.5,1.0,788.0,317.3333333333333,1.0,752.0,573.0,1.0,4.66,-4.57
227300.0,-837.0,-692.0,1.0,-823.0,-329.0,1.0,786.0,350.6666666666667,1.0,762.5,527.5,1.0,4.48,-4.4350000000000005
227301.0,-829.0,-537.5,1.0,-816.5,-397.5,1.0,784.0,384.0,1.0,773.0,482.0,1.0,4.300000000000001,-4.300000000000001
227302.0,-821.0,-383.0,1.0,-810.0,-466.0,1.0,782.0,388.5,1.0,777.0,515.0,1.0,4.390000000000001,-4.390000000000001
227303.0,-824.0,-482.0,1.0,-811.5,-555.0,1.0,780.0,393.0,1.0,781.0,548.0,1.0,4.48,-4.48
227304.0,-827.0,-581.0,1.0,-813.0,-644.0,1.0,777.25,396.75,1.0,780.0,555.0,1.0,4.35,-4.35
227305.0,-816.5,-495.5,1.0,-809.0,-579.5,1.0,774.5,400.5,1.0,779.0,562.0,1.0,4.22,-4.22
227306.0,-806.0,-410.0,1.0,-805.0,-515.0,1.0,771.75,404.25,1.0,786.0,670.5,1.0,4.22,-4.175
227307.0,-803.0,-567.5,1.0,-802.0,-567.0,1.0,769.0,408.0,1.0,793.0,779.0,1.0,4.22,-4.13
227308.0,-800.0,-725.0,1.0,-799.0,-619.0,1.0,766.25,411.75,1.0,785.0,729.5,1.0,4.175,-4.13
227309.0,-794.5,-661.5,1.0,-797.0,-631.5,1.0,763.5,415.5,1.0,777.0,680.0,1.0,4.13,-4.13
227310.0,-789.0,-598.0,1.0,-795.0,-644.0,1.0,760.75,419.25,1.0,772.0,518.0,1.0,4.335,-4.3125
227311.0,-783.3333333333334,-691.0,1.0,-793.5,-649.5,1.0,758.0,423.0,1.0,767.0,356.0,1.0,4.54,-4.495
227313.0,-777.6666666666666,-784.0,1.0,-792.0,-655.0,1.0,756.0,437.0,1.0,765.5,528.0,1.0,4.13,-4.04
227314.0,-772.0,-877.0,1.0,-805.5,-652.0,1.0,755.5,427.1666666666667,1.0,764.0,700.0,1.0,4.175,-4.175
227315.0,-771.0,-812.0,1.0,-819.0,-649.0,1.0,755.0,417.3333333333333,1.0,759.0,604.0,1.0,4.22,-4.31
227316.0,-770.0,-747.0,1.0,-836.0,-608.0,1.0,754.5,407.5,1.0,754.0,508.0,1.0,9.23,-9.23
227317.0,-777.5,-859.5,1.0,-853.0,-567.0,1.0,754.0,397.6666666666667,1.0,751.0,513.0,1.0,4.57,-4.66
227318.0,-785.0,-972.0,1.0,-876.5,-673.5,1.0,753.5,387.8333333333333,1.0,748.0,518.0,1.0,4.745,-4.88
227319.0,-780.5,-856.5,1.0,-900.0,-780.0,1.0,753.0,378.0,1.0,749.5,469.0,1.0,4.92,-5.1
227320.0,-776.0,-741.0,1.0,-916.0,-629.0,1.0,757.0,275.0,1.0,751.0,420.0,1.0,6.625,-6.734999999999999
227321.0,-786.0,-909.0,1.0,-932.0,-478.0,1.0,761.0,172.0,1.0,749.5,392.5,1.0,8.33,-8.37
227322.0,-796.0,-1077.0,1.0,-924.0,-556.5,1.0,758.8333333333334,194.5,1.0,748.0,365.0,1.0,7.9,-7.965
227323.0,-797.0,-845.5,1.0,-916.0,-635.0,1.0,756.6666666666666,217.0,1.0,743.5,393.5,1.0,7.47,-7.56
227324.0,-798.0,-614.0,1.0,-906.0,-673.0,1.0,754.5,239.5,1.0,739.0,422.0,1.0,8.215,-8.305
227325.0,-804.6,-705.0,1.0,-896.0,-711.0,1.0,752.3333333333334,262.0,1.0,727.0,465.5,1.0,8.96,-9.05
227326.0,-811.2,-796.0,1.0,-900.0,-835.0,1.0,750.1666666666666,284.5,1.0,715.0,509.0,1.0,11.92,-11.92
227327.0,-817.8,-887.0,1.0,-904.0,-959.0,1.0,748.0,307.0,1.0,709.0,368.0,1.0,9.84,-10.02
227328.0,-824.4,-978.0,1.0,-903.0,-896.5,1.0,748.0,281.0,1.0,703.0,227.0,1.0,10.195,-10.370000000000001
227329.0,-831.0,-1069.0,1.0,-902.0,-834.0,1.0,748.0,255.0,1.0,706.5,282.0,1.0,10.55,-10.72
227330.0,-831.5,-801.0,1.0,-898.5,-677.5,1.0,748.0,229.0,1.0,710.0,337.0,1.0,11.175,-11.2825
227331.0,-832.0,-533.0,1.0,-895.0,-521.0,1.0,748.0,203.0,1.0,710.5,338.0,1.0,11.8,-11.845
227332.0,-843.0,-617.5,1.0,-896.5,-518.25,1.0,748.0,177.0,1.0,711.0,339.0,1.0,11.7,-11.7675
227333.0,-854.0,-702.0,1.0,-898.0,-515.5,1.0,748.0,151.0,1.0,715.5,284.0,1.0,11.6,-11.69
227334.0,-859.5,-844.0,1.0,-899.5,-512.75,1.0,748.0,125.0,1.0,720.0,229.0,1.0,11.735,-11.82
227335.0,-865.0,-986.0,1.0,-901.0,-510.0,1.0,752.5,239.0,1.0,725.5,162.5,1.0,11.87,-11.95
227336.0,-865.0,-628.0,1.0,-902.0,-592.5,1.0,757.0,353.0,1.0,731.0,96.0,1.0,13.83,-13.83
227337.0,-865.0,-270.0,1.0,-903.0,-675.0,1.0,757.3333333333334,335.1666666666667,1.0,734.0,132.0,1.0,11.95,-12.04
227338.0,-875.0,-513.5,1.0,-902.5,-652.5,1.0,757.6666666666666,317.3333333333333,1.0,737.0,168.0,1.0,12.085,-12.17
227339.0,-885.0,-757.0,1.0,-902.0,-630.0,1.0,758.0,299.5,1.0,739.0,126.5,1.0,12.22,-12.3
227340.0,-887.75,-699.75,1.0,-905.5,-595.5,1.0,758.3333333333334,281.6666666666667,1.0,741.0,85.0,1.0,13.1775,-13.260000000000002
227341.0,-890.5,-642.5,1.0,-909.0,-561.0,1.0,758.6666666666666,263.83333333333337,1.0,740.0,106.75,1.0,14.135,-14.22
227342.0,-893.25,-585.25,1.0,-915.5,-639.0,1.0,759.0,246.0,1.0,739.0,128.5,1.0,13.7925,-13.965
227343.0,-896.0,-528.0,1.0,-922.0,-717.0,1.0,756.0,225.75,1.0,738.0,150.25,1.0,13.45,-13.71
227344.0,-901.5,-667.0,1.0,-921.3333333333334,-687.6666666666666,1.0,753.0,205.5,1.0,737.0,172.0,1.0,13.844999999999999,-14.06
227345.0,-907.0,-806.0,1.0,-920.6666666666666,-658.3333333333334,1.0,750.0,185.25,1.0,737.0,229.33333333333334,1.0,14.24,-14.41
227346.0,-907.5,-678.0,1.0,-920.0,-629.0,1.0,747.0,165.0,1.0,737.0,286.6666666666667,1.0,15.33,-15.33
227347.0,-908.0,-550.0,1.0,-927.5,-631.5,1.0,744.0,144.75,1.0,737.0,344.0,1.0,14.77,-14.94
227348.0,-912.75,-652.0,1.0,-935.0,-634.0,1.0,741.0,124.5,1.0,741.0,395.0,1.0,14.855,-15.03
227349.0,-917.5,-754.0,1.0,-942.5,-786.5,1.0,738.0,104.25,1.0,745.0,446.0,1.0,14.94,-15.12
227350.0,-922.25,-856.0,1.0,-950.0,-939.0,1.0,735.0,84.0,1.0,735.5,370.0,1.0,14.985,-15.12
227351.0,-927.0,-958.0,1.0,-946.5,-843.5,1.0,733.6666666666666,101.86666666666667,1.0,726.0,294.0,1.0,15.03,-15.12
227352.0,-922.0,-756.5,1.0,-943.0,-748.0,1.0,732.3333333333334,119.73333333333333,1.0,728.5,310.5,1.0,15.03,-15.165
227353.0,-917.0,-555.0,1.0,-933.0,-673.5,1.0,731.0,137.6,1.0,731.0,327.0,1.0,15.03,-15.21
227354.0,-914.0,-606.0,1.0,-923.0,-599.0,1.0,729.6666666666666,155.46666666666667,1.0,731.5,481.0,1.0,15.03,-15.21
227355.0,-911.0,-657.0,1.0,-923.5,-732.5,1.0,728.3333333333334,173.33333333333334,1.0,732.0,635.0,1.0,15.03,-15.21
227356.0,-911.5,-692.5,1.0,-924.0,-866.0,1.0,727.0,191.2,1.0,723.5,441.5,1.0,15.03,-15.21
227357.0,-912.0,-728.0,1.0,-926.5,-885.5,1.0,725.6666666666666,209.06666666666666,1.0,715.0,248.0,1.0,15.03,-15.21
227358.0,-908.0,-816.0,1.0,-929.0,-905.0,1.0,724.3333333333334,226.93333333333334,1.0,715.0,317.0,1.0,15.03,-15.21
227359.0,-904.0,-904.0,1.0,-924.0,-805.0,1.0,723.0,244.8,1.0,715.0,386.0,1.0,15.03,-15.21
227360.0,-903.0,-847.3333333333334,1.0,-919.0,-705.0,1.0,721.6666666666666,262.6666666666667,1.0,715.0,477.5,1.0,15.03,-15.21
227361.0,-902.0,-790.6666666666666,1.0,-917.5,-675.5,1.0,720.3333333333334,280.5333333333333,1.0,715.0,569.0,1.0,15.03,-15.21
227362.0,-901.0,-734.0,1.0,-916.0,-646.0,1.0,719.0,298.4,1.0,704.5,488.5,1.0,15.03,-15.21
227363.0,-903.5,-697.5,1.0,-915.0,-717.0,1.0,717.6666666666666,316.26666666666665,1.0,694.0,408.0,1.0,15.03,-15.21
227364.0,-906.0,-661.0,1.0,-914.0,-788.0,1.0,716.3333333333334,334.1333333333333,1.0,689.5,350.5,1.0,15.03,-15.21
227365.0,-907.5,-726.5,1.0,-915.0,-642.5,1.0,715.0,352.0,1.0,685.0,293.0,1.0,15.03,-15.21
227366.0,-909.0,-792.0,1.0,-916.0,-497.0,1.0,705.0,337.5,1.0,679.0,321.0,1.0,15.87,-15.87
227367.0,-902.5,-790.0,1.0,-915.0,-483.5,1.0,695.0,323.0,1.0,673.0,349.0,1.0,15.03,-15.21
227368.0,-896.0,-788.0,1.0,-914.0,-470.0,1.0,695.0,294.5,1.0,671.5,333.5,1.0,15.120000000000001,-15.25
227369.0,-891.0,-668.0,1.0,-912.0,-626.0,1.0,695.0,266.0,1.0,670.0,318.0,1.0,15.21,-15.29
227370.0,-886.0,-548.0,1.0,-910.0,-782.0,1.0,692.0,251.5,1.0,665.0,419.0,1.0,16.427500000000002,-16.4875
227371.0,-891.0,-622.0,1.0,-916.5,-819.0,1.0,689.0,237.0,1.0,660.0,520.0,1.0,17.645,-17.685000000000002
227372.0,-896.0,-696.0,1.0,-923.0,-856.0,1.0,687.0,263.5,1.0,656.0,327.5,1.0,16.6425,-16.707500000000003
227373.0,-897.5,-751.5,1.0,-921.0,-818.3333333333334,1.0,685.0,290.0,1.0,652.0,135.0,1.0,15.64,-15.73
227374.0,-899.0,-807.0,1.0,-919.0,-780.6666666666666,1.0,684.25,244.0,1.0,656.0,109.0,1.0,15.905000000000001,-16.04
227375.0,-901.0,-884.5,1.0,-917.0,-743.0,1.0,683.5,198.0,1.0,660.0,83.0,1.0,16.17,-16.35
227376.0,-903.0,-962.0,1.0,-921.0,-688.0,1.0,682.75,152.0,1.0,664.3333333333334,77.66666666666667,1.0,21.22,-21.22
227377.0,-906.0,-974.0,1.0,-925.0,-633.0,1.0,682.0,106.0,1.0,668.6666666666666,72.33333333333333,1.0,17.49,-17.58
227378.0,-909.0,-986.0,1.0,-937.5,-735.0,1.0,680.5,105.5,1.0,673.0,67.0,1.0,18.235,-18.325
227379.0,-909.5,-867.5,1.0,-950.0,-837.0,1.0,679.0,105.0,1.0,677.5,133.5,1.0,18.98,-19.07
227380.0,-910.0,-749.0,1.0,-951.0,-872.0,1.0,680.0,118.0,1.0,682.0,200.0,1.0,19.865000000000002,-19.9525
227381.0,-919.5,-799.5,1.0,-952.0,-907.0,1.0,681.0,131.0,1.0,679.0,359.5,1.0,20.75,-20.835
227382.0,-929.0,-850.0,1.0,-953.5,-948.5,1.0,682.0,144.0,1.0,676.0,519.0,1.0,20.79,-20.8775
227383.0,-927.5,-877.0,1.0,-955.0,-990.0,1.0,683.0,157.0,1.0,663.0,357.5,1.0,20.83,-20.92
227384.0,-926.0,-904.0,1.0,-956.0,-1048.5,1.0,685.0,168.0,1.0,650.0,196.0,1.0,20.92,-21.005000000000003
227385.0,-927.0,-946.0,1.0,-957.0,-1107.0,1.0,687.0,179.0,1.0,639.0,163.5,1.0,21.01,-21.09
227386.0,-928.0,-988.0,1.0,-952.5,-921.0,1.0,682.0,148.0,1.0,628.0,131.0,1.0,21.05,-21.09
227387.0,-925.5,-990.5,1.0,-948.0,-735.0,1.0,677.0,117.0,1.0,621.25,208.0,1.0,21.09,-21.09
227388.0,-923.0,-993.0,1.0,-944.5,-841.0,1.0,669.0,220.0,1.0,614.5,285.0,1.0,21.09,-21.09
227389.0,-923.6666666666666,-997.3333333333334,1.0,-941.0,-947.0,1.0,661.0,323.0,1.0,607.75,362.0,1.0,21.09,-21.09
227390.0,-924.3333333333334,-1001.6666666666666,1.0,-939.5,-984.0,1.0,654.5,183.0,1.0,601.0,439.0,1.0,21.09,-21.09
227391.0,-925.0,-1006.0,1.0,-938.0,-1021.0,1.0,648.0,43.0,1.0,600.5,305.5,1.0,21.09,-21.09
227392.0,-922.0,-912.5,1.0,-940.5,-914.5,1.0,640.3333333333334,86.66666666666666,1.0,600.0,172.0,1.0,21.09,-21.09
227393.0,-919.0,-819.0,1.0,-943.0,-808.0,1.0,632.6666666666666,130.33333333333331,1.0,600.5,395.0,1.0,21.09,-21.09
227394.0,-920.5,-920.5,1.0,-944.0,-714.0,1.0,625.0,174.0,1.0,601.0,618.0,1.0,21.09,-21.09
227395.0,-922.0,-1022.0,1.0,-945.0,-620.0,1.0,627.0,209.5,1.0,597.5,525.0,1.0,21.09,-21.09
227396.0,-912.5,-991.0,1.0,-937.0,-787.0,1.0,629.0,245.0,1.0,594.0,432.0,1.0,21.09,-21.09
227397.0,-903.0,-960.0,1.0,-929.0,-954.0,1.0,631.0,280.5,1.0,588.0,432.0,1.0,21.09,-21.09
227398.0,-900.0,-848.0,1.0,-932.5,-979.0,1.0,633.0,316.0,1.0,582.0,432.0,1.0,21.09,-21.09
227399.0,-897.0,-736.0,1.0,-936.0,-1004.0,1.0,633.5,280.5,1.0,579.5,552.0,1.0,21.09,-21.09
227400.0,-895.0,-735.5,1.0,-932.0,-819.5,1.0,634.0,245.0,1.0,577.0,672.0,1.0,21.09,-21.09
227401.0,-893.0,-735.0,1.0,-928.0,-635.0,1.0,632.0,225.0,1.0,575.5,577.0,1.0,21.09,-21.09
227402.0,-899.5,-690.0,1.0,-930.5,-861.0,1.0,630.0,205.0,1.0,574.0,482.0,1.0,21.09,-21.09
227403.0,-906.0,-645.0,1.0,-933.0,-1087.0,1.0,628.0,185.0,1.0,576.0,494.5,1.0,21.09,-21.09
227404.0,-905.5,-695.0,1.0,-931.0,-893.0,1.0,626.0,165.0,1.0,578.0,507.0,1.0,21.09,-21.09
227405.0,-905.0,-745.0,1.0,-929.0,-699.0,1.0,629.3333333333334,238.66666666666669,1.0,577.0,486.5,1.0,21.09,-21.09
227407.0,-910.0,-1031.0,1.0,-928.0,-706.5,1.0,632.6666666666666,312.33333333333337,1.0,576.0,466.0,1.0,21.09,-21.09
227408.0,-915.0,-1001.5,1.0,-927.0,-714.0,1.0,636.0,386.0,1.0,572.5,474.0,1.0,21.09,-21.09
227409.0,-920.0,-972.0,1.0,-929.5,-827.5,1.0,635.0,339.5,1.0,569.0,482.0,1.0,21.09,-21.09
227410.0,-927.5,-1001.0,1.0,-932.0,-941.0,1.0,634.0,293.0,1.0,564.0,477.0,1.0,21.09,-21.09
227411.0,-935.0,-1030.0,1.0,-937.5,-841.0,1.0,627.75,271.75,1.0,559.0,472.0,1.0,21.09,-21.09
227412.0,-931.0,-954.0,1.0,-943.0,-741.0,1.0,621.5,250.5,1.0,560.5,418.5,1.0,21.09,-21.09
227413.0,-927.0,-878.0,1.0,-947.5,-743.5,1.0,615.25,229.25,1.0,562.0,365.0,1.0,21.09,-21.09
227414.0,-927.0,-798.0,1.0,-952.0,-746.0,1.0,609.0,208.0,1.0,566.0,419.0,1.0,21.09,-21.09
227415.0,-927.0,-718.0,1.0,-942.5,-893.0,1.0,610.0,337.5,1.0,570.0,473.0,1.0,21.09,-21.09
227416.0,-932.2,-771.4,1.0,-933.0,-1040.0,1.0,611.0,467.0,1.0,573.5,414.5,1.0,21.09,-21.09
227417.0,-937.4,-824.8,1.0,-939.5,-1057.0,1.0,610.0,378.0,1.0,577.0,356.0,1.0,21.09,-21.09
227418.0,-942.6,-878.2,1.0,-946.0,-1074.0,1.0,609.0,289.0,1.0,567.5,362.5,1.0,21.09,-21.09
227419.0,-947.8,-931.6,1.0,-950.5,-1047.0,1.0,608.6666666666666,278.0,1.0,558.0,369.0,1.0,21.09,-21.09
227420.0,-953.0,-985.0,1.0,-955.0,-1020.0,1.0,608.3333333333334,267.0,1.0,556.5,396.0,1.0,21.134999999999998,-21.09
227421.0,-965.5,-963.0,1.0,-947.5,-1043.0,1.0,608.0,256.0,1.0,555.0,423.0,1.0,21.18,-21.09
227422.0,-978.0,-941.0,1.0,-940.0,-1066.0,1.0,614.5,284.0,1.0,561.5,341.0,1.0,21.18,-21.134999999999998
227423.0,-968.5,-926.5,1.0,-939.5,-1064.5,1.0,621.0,312.0,1.0,568.0,259.0,1.0,21.18,-21.18
227424.0,-959.0,-912.0,1.0,-939.0,-1063.0,1.0,623.5,299.75,1.0,579.0,249.5,1.0,21.18,-21.18
227425.0,-953.5,-835.5,1.0,-946.0,-1039.0,1.0,626.0,287.5,1.0,590.0,240.0,1.0,21.18,-21.18
227426.0,-948.0,-759.0,1.0,-953.0,-1015.0,1.0,628.5,275.25,1.0,588.5,227.25,1.0,21.18,-21.18
227427.0,-941.5,-746.0,1.0,-952.0,-873.0,1.0,631.0,263.0,1.0,587.0,214.5,1.0,21.18,-21.18
227428.0,-935.0,-733.0,1.0,-951.0,-731.0,1.0,632.0,243.0,1.0,585.5,201.75,1.0,21.18,-21.18
227429.0,-932.5,-815.0,1.0,-945.0,-730.0,1.0,633.0,223.0,1.0,584.0,189.0,1.0,21.18,-21.18
227430.0,-930.0,-897.0,1.0,-939.0,-729.0,1.0,634.0,203.0,1.0,580.0,248.5,1.0,21.18,-21.18
227431.0,-922.5,-831.5,1.0,-936.5,-822.0,1.0,635.0,183.0,1.0,576.0,308.0,1.0,21.18,-21.18
227432.0,-915.0,-766.0,1.0,-934.0,-915.0,1.0,634.5,245.0,1.0,585.5,254.0,1.0,21.18,-21.18
227433.0,-914.0,-838.0,1.0,-927.0,-892.0,1.0,634.0,307.0,1.0,595.0,200.0,1.0,21.18,-21.18
227434.0,-913.0,-910.0,1.0,-920.0,-869.0,1.0,635.5,209.5,1.0,600.0,127.0,1.0,21.18,-21.18
227435.0,-905.5,-875.5,1.0,-918.5,-942.0,1.0,637.0,112.0,1.0,605.0,54.0,1.0,21.18,-21.18
227436.0,-898.0,-841.0,1.0,-917.0,-1015.0,1.0,634.5,186.5,1.0,614.5,220.5,1.0,21.18,-21.225
227437.0,-897.0,-963.0,1.0,-913.3333333333334,-976.0,1.0,632.0,261.0,1.0,624.0,387.0,1.0,21.18,-21.27
227438.0,-896.0,-1085.0,1.0,-909.6666666666666,-937.0,1.0,631.5,287.5,1.0,623.0,334.3333333333333,1.0,21.18,-21.27
227439.0,-889.5,-1037.5,1.0,-906.0,-898.0,1.0,631.0,314.0,1.0,622.0,281.6666666666667,1.0,21.18,-21.27
227440.0,-883.0,-990.0,1.0,-905.0,-823.0,1.0,628.5,345.75,1.0,621.0,229.0,1.0,19.0325,-19.1
227441.0,-877.5,-862.5,1.0,-904.0,-748.0,1.0,626.0,377.5,1.0,615.0,367.5,1.0,16.884999999999998,-16.93
227442.0,-872.0,-735.0,1.0,-899.5,-785.0,1.0,623.5,409.25,1.0,609.0,506.0,1.0,19.0325,-19.055
227443.0,-869.5,-662.0,1.0,-895.0,-822.0,1.0,621.0,441.0,1.0,608.5,527.0,1.0,21.18,-21.18
227444.0,-867.0,-589.0,1.0,-889.0,-783.0,1.0,620.5,549.5,1.0,608.0,548.0,1.0,21.134999999999998,-21.095
227445.0,-864.0,-500.5,1.0,-883.0,-744.0,1.0,620.0,658.0,1.0,607.5,569.0,1.0,21.09,-21.01
227446.0,-861.0,-412.0,1.0,-880.5,-700.5,1.0,619.5,593.25,1.0,607.0,590.0,1.0,10.74,-10.74
227447.0,-864.25,-444.75,1.0,-878.0,-657.0,1.0,619.0,528.5,1.0,616.0,588.5,1.0,19.78,-19.78
227448.0,-867.5,-477.5,1.0,-883.0,-703.5,1.0,618.5,463.75,1.0,625.0,587.0,1.0,18.725,-18.810000000000002
227449.0,-870.75,-510.25,1.0,-888.0,-750.0,1.0,618.0,399.0,1.0,631.5,601.5,1.0,17.67,-17.84
227450.0,-874.0,-543.0,1.0,-890.0,-867.0,1.0,624.0,367.0,1.0,638.0,616.0,1.0,16.48,-16.655
227451.0,-873.3333333333334,-616.6666666666666,1.0,-892.0,-984.0,1.0,630.0,335.0,1.0,645.0,605.0,1.0,15.29,-15.47
227452.0,-872.6666666666666,-690.3333333333334,1.0,-890.5,-863.5,1.0,638.8,387.0,1.0,652.0,594.0,1.0,14.235,-14.415
227453.0,-872.0,-764.0,1.0,-889.0,-743.0,1.0,647.6,439.0,1.0,662.0,555.0,1.0,13.18,-13.36
227454.0,-863.0,-691.5,1.0,-886.25,-730.0,1.0,656.4,491.0,1.0,672.0,516.0,1.0,12.48,-12.655
227455.0,-854.0,-619.0,1.0,-883.5,-717.0,1.0,665.2,543.0,1.0,677.5,574.5,1.0,11.78,-11.95
227456.0,-846.0,-676.5,1.0,-880.75,-704.0,1.0,674.0,595.0,1.0,683.0,633.0,1.0,10.64,-10.64
227457.0,-838.0,-734.0,1.0,-878.0,-691.0,1.0,683.25,566.0,1.0,688.5,573.5,1.0,11.16,-11.16
227458.0,-838.5,-706.5,1.0,-880.0,-784.0,1.0,692.5,537.0,1.0,694.0,514.0,1.0,11.075,-11.030000000000001
227459.0,-839.0,-679.0,1.0,-882.0,-877.0,1.0,701.75,508.0,1.0,699.0,503.0,1.0,10.99,-10.9
227460.0,-843.5,-725.0,1.0,-876.0,-790.5,1.0,711.0,479.0,1.0,704.0,492.0,1.0,10.945,-10.855
227461.0,-848.0,-771.0,1.0,-870.0,-704.0,1.0,715.75,476.75,1.0,707.0,413.0,1.0,10.9,-10.81
227462.0,-838.5,-780.5,1.0,-866.0,-637.0,1.0,720.5,474.5,1.0,710.0,334.0,1.0,10.855,-10.81
227463.0,-829.0,-790.0,1.0,-862.0,-570.0,1.0,725.25,472.25,1.0,716.5,398.5,1.0,10.81,-10.81
227464.0,-833.5,-666.0,1.0,-861.0,-634.0,1.0,730.0,470.0,1.0,723.0,463.0,1.0,10.81,-10.81
227465.0,-838.0,-542.0,1.0,-860.0,-698.0,1.0,728.5,476.0,1.0,715.5,351.0,1.0,10.81,-10.81
227466.0,-836.0,-686.0,1.0,-853.5,-648.0,1.0,727.0,482.0,1.0,708.0,239.0,1.0,10.81,-10.81
227467.0,-834.0,-830.0,1.0,-847.0,-598.0,1.0,725.5,488.0,1.0,708.5,305.5,1.0,10.81,-10.81
227468.0,-829.75,-754.5,1.0,-845.3333333333334,-587.3333333333334,1.0,724.0,494.0,1.0,709.0,372.0,1.0,10.81,-10.81
227469.0,-825.5,-679.0,1.0,-843.6666666666666,-576.6666666666666,1.0,722.5,500.0,1.0,712.0,358.3333333333333,1.0,10.81,-10.81
227470.0,-821.25,-603.5,1.0,-842.0,-566.0,1.0,721.0,506.0,1.0,715.0,344.6666666666667,1.0,10.9275,-10.9275
227471.0,-817.0,-528.0,1.0,-843.5,-613.0,1.0,719.75,465.75,1.0,718.0,331.0,1.0,11.045,-11.045
227472.0,-820.0,-669.5,1.0,-845.0,-660.0,1.0,718.5,425.5,1.0,714.0,411.5,1.0,10.9275,-10.9275
227473.0,-823.0,-811.0,1.0,-844.0,-696.0,1.0,717.25,385.25,1.0,710.0,492.0,1.0,10.81,-10.81
227474.0,-825.0,-807.75,1.0,-843.0,-732.0,1.0,716.0,345.0,1.0,712.0,424.0,1.0,10.855,-10.81
227475.0,-827.0,-804.5,1.0,-842.0,-761.5,1.0,724.0,404.0,1.0,714.0,356.0,1.0,10.9,-10.81
227476.0,-829.0,-801.25,1.0,-841.0,-791.0,1.0,732.0,463.0,1.0,714.0,333.5,1.0,13.63,-13.63
227477.0,-831.0,-798.0,1.0,-848.0,-694.0,1.0,736.5,442.5,1.0,714.0,311.0,1.0,10.9,-10.99
227478.0,-837.25,-860.5,1.0,-855.0,-597.0,1.0,741.0,422.0,1.0,722.0,328.0,1.0,11.030000000000001,-11.165
227479.0,-843.5,-923.0,1.0,-865.5,-824.5,1.0,742.5,313.5,1.0,730.0,345.0,1.0,11.16,-11.34
227480.0,-849.75,-985.5,1.0,-876.0,-1052.0,1.0,744.0,205.0,1.0,730.5,314.5,1.0,12.1075,-12.2425
227481.0,-856.0,-1048.0,1.0,-881.0,-932.0,1.0,749.0,261.5,1.0,731.0,284.0,1.0,13.055,-13.145
227482.0,-862.5,-828.0,1.0,-886.0,-812.0,1.0,754.0,318.0,1.0,733.0,316.25,1.0,13.032499999999999,-13.1625
227483.0,-869.0,-608.0,1.0,-890.5,-795.0,1.0,753.0,314.0,1.0,735.0,348.5,1.0,13.01,-13.18
227484.0,-872.3333333333334,-571.3333333333334,1.0,-895.0,-778.0,1.0,752.0,310.0,1.0,737.0,380.75,1.0,13.274999999999999,-13.445
227485.0,-875.6666666666666,-534.6666666666666,1.0,-894.5,-796.5,1.0,750.0,226.0,1.0,739.0,413.0,1.0,13.54,-13.71
227486.0,-879.0,-498.0,1.0,-894.0,-815.0,1.0,748.0,142.0,1.0,736.5,345.5,1.0,13.67,-13.8
227487.0,-887.5,-672.0,1.0,-897.0,-769.0,1.0,745.4,140.6,1.0,734.0,278.0,1.0,13.8,-13.89
227488.0,-896.0,-846.0,1.0,-900.0,-723.0,1.0,742.8,139.2,1.0,736.0,392.0,1.0,13.8,-13.89
227489.0,-899.5,-760.0,1.0,-911.0,-814.0,1.0,740.2,137.8,1.0,738.0,506.0,1.0,13.8,-13.89
227490.0,-903.0,-674.0,1.0,-922.0,-905.0,1.0,737.6,136.4,1.0,736.5,513.5,1.0,13.8,-13.89
227491.0,-901.5,-677.0,1.0,-921.0,-870.5,1.0,735.0,135.0,1.0,735.0,521.0,1.0,13.8,-13.89
227492.0,-900.0,-680.0,1.0,-920.0,-836.0,1.0,735.5,150.0,1.0,731.0,446.5,1.0,13.8,-13.89
227493.0,-903.0,-660.25,1.0,-914.5,-659.0,1.0,736.0,165.0,1.0,727.0,372.0,1.0,13.8,-13.89
227494.0,-906.0,-640.5,1.0,-909.0,-482.0,1.0,737.0,182.0,1.0,726.5,370.0,1.0,13.8,-13.89
227495.0,-909.0,-620.75,1.0,-907.0,-557.5,1.0,738.0,199.0,1.0,726.0,368.0,1.0,13.8,-13.89
227496.0,-912.0,-601.0,1.0,-905.0,-633.0,1.0,736.3125,198.25,1.0,729.0,424.5,1.0,13.8,-13.89
227497.0,-909.5,-629.0,1.0,-919.0,-659.0,1.0,734.625,197.5,1.0,732.0,481.0,1.0,13.8,-13.89
227498.0,-907.0,-657.0,1.0,-933.0,-685.0,1.0,732.9375,196.75,1.0,728.5,484.5,1.0,13.8,-13.89
227499.0,-916.0,-647.0,1.0,-938.5,-635.0,1.0,731.25,196.0,1.0,725.0,488.0,1.0,13.8,-13.89
227500.0,-925.0,-637.0,1.0,-944.0,-585.0,1.0,729.5625,195.25,1.0,714.5,405.5,1.0,13.8,-13.89
227501.0,-917.5,-613.0,1.0,-935.3333333333334,-579.0,1.0,727.875,194.5,1.0,704.0,323.0,1.0,13.8,-13.89
227502.0,-910.0,-589.0,1.0,-926.6666666666666,-573.0,1.0,726.1875,193.75,1.0,708.0,342.6666666666667,1.0,13.8,-13.89
227503.0,-911.5,-638.0,1.0,-918.0,-567.0,1.0,724.5,193.0,1.0,712.0,362.3333333333333,1.0,13.8,-13.89
227504.0,-913.0,-687.0,1.0,-923.5,-605.0,1.0,722.8125,192.25,1.0,716.0,382.0,1.0,13.8,-13.89
227505.0,-908.5,-727.0,1.0,-929.0,-643.0,1.0,721.125,191.5,1.0,712.5,365.5,1.0,13.8,-13.89
227506.0,-904.0,-767.0,1.0,-924.0,-659.0,1.0,719.4375,190.75,1.0,709.0,349.0,1.0,13.8,-13.89
227507.0,-894.5,-680.5,1.0,-919.0,-675.0,1.0,717.75,190.0,1.0,705.0,318.0,1.0,13.8,-13.89
227508.0,-885.0,-594.0,1.0,-914.5,-668.5,1.0,716.0625,189.25,1.0,701.0,287.0,1.0,13.845,-13.89
227509.0,-890.0,-656.5,1.0,-910.0,-662.0,1.0,714.375,188.5,1.0,698.0,305.5,1.0,13.89,-13.89
227510.0,-895.0,-719.0,1.0,-915.0,-584.5,1.0,712.6875,187.75,1.0,695.0,324.0,1.0,13.89,-13.89
227511.0,-895.0,-685.5,1.0,-920.0,-507.0,1.0,711.0,187.0,1.0,694.0,329.0,1.0,13.89,-13.89
227512.0,-895.0,-652.0,1.0,-924.0,-649.5,1.0,714.0,167.5,1.0,693.0,334.0,1.0,13.89,-13.89
227513.0,-896.0,-753.5,1.0,-928.0,-792.0,1.0,717.0,148.0,1.0,699.0,389.0,1.0,13.89,-13.89
227514.0,-897.0,-855.0,1.0,-921.0,-870.5,1.0,721.5,219.5,1.0,705.0,444.0,1.0,13.89,-13.89
227515.0,-899.0,-737.0,1.0,-914.0,-949.0,1.0,726.0,291.0,1.0,710.5,420.0,1.0,13.89,-13.89
227516.0,-901.0,-619.0,1.0,-908.5,-784.5,1.0,728.4,273.6,1.0,716.0,396.0,1.0,13.89,-13.89
227517.0,-898.0,-598.0,1.0,-903.0,-620.0,1.0,730.8,256.2,1.0,715.5,267.0,1.0,13.89,-13.89
227518.0,-895.0,-577.0,1.0,-909.0,-771.5,1.0,733.2,238.8,1.0,715.0,138.0,1.0,13.89,-13.89
227519.0,-892.0,-556.0,1.0,-915.0,-923.0,1.0,735.6,221.4,1.0,724.5,266.0,1.0,13.89,-13.89
227520.0,-901.0,-688.0,1.0,-923.0,-954.0,1.0,738.0,204.0,1.0,734.0,394.0,1.0,13.89,-13.89
227521.0,-910.0,-820.0,1.0,-931.0,-985.0,1.0,734.0,253.0,1.0,726.5,454.0,1.0,13.89,-13.89
227522.0,-908.5,-756.0,1.0,-920.5,-858.0,1.0,730.0,302.0,1.0,719.0,514.0,1.0,13.89,-13.89
227523.0,-907.0,-692.0,1.0,-910.0,-731.0,1.0,728.6666666666666,326.6666666666667,1.0,713.5,342.5,1.0,13.89,-13.89
227524.0,-895.0,-706.0,1.0,-899.0,-735.0,1.0,727.3333333333334,351.3333333333333,1.0,708.0,171.0,1.0,13.89,-13.89
227525.0,-883.0,-720.0,1.0,-888.0,-739.0,1.0,726.0,376.0,1.0,711.0,326.0,1.0,13.89,-13.89
227526.0,-889.0,-808.5,1.0,-889.0,-757.5,1.0,724.6666666666666,400.6666666666667,1.0,714.0,481.0,1.0,13.89,-13.89
227527.0,-895.0,-897.0,1.0,-890.0,-776.0,1.0,723.3333333333334,425.33333333333337,1.0,709.5,528.0,1.0,13.89,-13.89
227528.0,-890.0,-732.5,1.0,-890.5,-739.0,1.0,722.0,450.0,1.0,705.0,575.0,1.0,13.89,-13.89
227529.0,-885.0,-568.0,1.0,-891.0,-702.0,1.0,718.5,429.5,1.0,697.0,533.0,1.0,13.89,-13.89
227530.0,-881.5,-694.5,1.0,-886.0,-718.0,1.0,715.0,409.0,1.0,689.0,491.0,1.0,13.89,-13.89
227531.0,-878.0,-821.0,1.0,-881.0,-734.0,1.0,713.1,387.5,1.0,690.0,350.0,1.0,13.89,-13.89
227532.0,-873.5,-791.5,1.0,-879.0,-648.0,1.0,711.2,366.0,1.0,691.0,209.0,1.0,13.89,-13.89
227533.0,-869.0,-762.0,1.0,-877.0,-562.0,1.0,709.3,344.5,1.0,695.5,393.5,1.0,13.89,-13.89
227534.0,-869.5,-731.0,1.0,-879.3333333333334,-602.0,1.0,707.4,323.0,1.0,700.0,578.0,1.0,13.89,-13.89
227535.0,-870.0,-700.0,1.0,-881.6666666666666,-642.0,1.0,705.5,301.5,1.0,695.6666666666666,541.3333333333334,1.0,13.89,-13.89
227536.0,-872.0,-638.0,1.0,-884.0,-682.0,1.0,703.6,280.0,1.0,691.3333333333334,504.6666666666667,1.0,13.89,-13.89
227537.0,-874.0,-576.0,1.0,-885.0,-697.5,1.0,701.7,258.5,1.0,687.0,468.0,1.0,13.89,-13.89
227538.0,-874.5,-699.5,1.0,-886.0,-713.0,1.0,699.8,237.0,1.0,685.5,421.5,1.0,13.89,-13.89
227539.0,-875.0,-823.0,1.0,-886.5,-684.0,1.0,697.9,215.5,1.0,684.0,375.0,1.0,13.89,-13.89
227540.0,-879.0,-841.0,1.0,-887.0,-655.0,1.0,696.0,194.0,1.0,682.5,273.0,1.0,14.165,-14.165
227541.0,-883.0,-859.0,1.0,-890.5,-745.5,1.0,700.5,241.5,1.0,681.0,171.0,1.0,14.44,-14.44
227542.0,-876.0,-722.0,1.0,-894.0,-836.0,1.0,705.0,289.0,1.0,683.0,304.5,1.0,14.165,-14.165
227543.0,-869.0,-585.0,1.0,-894.0,-703.0,1.0,706.25,264.5,1.0,685.0,438.0,1.0,13.89,-13.89
227544.0,-871.0,-670.5,1.0,-894.0,-570.0,1.0,707.5,240.0,1.0,689.5,493.0,1.0,14.065000000000001,-14.11
227545.0,-873.0,-756.0,1.0,-902.5,-764.5,1.0,708.75,215.5,1.0,694.0,548.0,1.0,14.24,-14.33
227546.0,-876.5,-756.0,1.0,-911.0,-959.0,1.0,710.0,191.0,1.0,689.0,393.0,1.0,15.21,-15.21
227547.0,-880.0,-756.0,1.0,-909.0,-898.5,1.0,711.8333333333334,179.5,1.0,684.0,238.0,1.0,14.68,-14.68
227548.0,-885.0,-787.5,1.0,-907.0,-838.0,1.0,713.6666666666666,168.0,1.0,689.5,209.0,1.0,14.725,-14.765
227549.0,-890.0,-819.0,1.0,-901.5,-712.5,1.0,715.5,156.5,1.0,695.0,180.0,1.0,14.77,-14.85
227550.0,-892.5,-800.5,1.0,-896.0,-587.0,1.0,717.3333333333334,145.0,1.0,695.0,90.5,1.0,14.855,-14.94
227551.0,-895.0,-782.0,1.0,-903.0,-762.5,1.0,719.1666666666666,133.5,1.0,695.0,1.0,1.0,14.94,-15.03
227552.0,-894.3333333333334,-722.0,1.0,-910.0,-938.0,1.0,721.0,122.0,1.0,700.5,172.5,1.0,14.94,-15.03
227553.0,-893.6666666666666,-662.0,1.0,-912.5,-964.0,1.0,722.3333333333334,103.33333333333333,1.0,706.0,344.0,1.0,14.94,-15.03
227554.0,-893.0,-602.0,1.0,-915.0,-990.0,1.0,723.6666666666666,84.66666666666666,1.0,704.0,216.0,1.0,14.94,-15.03
227555.0,-897.0,-748.5,1.0,-914.5,-894.0,1.0,725.0,66.0,1.0,702.0,88.0,1.0,14.94,-15.03
227556.0,-901.0,-895.0,1.0,-914.0,-798.0,1.0,725.0,96.5,1.0,704.0,87.5,1.0,14.94,-15.03
227557.0,-901.5,-816.0,1.0,-907.5,-726.0,1.0,725.0,127.0,1.0,706.0,87.0,1.0,14.94,-15.03
227558.0,-902.0,-737.0,1.0,-901.0,-654.0,1.0,725.0,154.0,1.0,713.0,293.0,1.0,14.94,-15.03
227559.0,-896.5,-698.0,1.0,-898.5,-641.5,1.0,725.0,181.0,1.0,720.0,499.0,1.0,14.94,-15.03
227560.0,-891.0,-659.0,1.0,-896.0,-629.0,1.0,725.0,208.0,1.0,717.5,312.5,1.0,14.94,-15.03
227561.0,-893.5,-641.0,1.0,-900.5,-777.5,1.0,725.0,235.0,1.0,715.0,126.0,1.0,14.94,-15.03
227562.0,-896.0,-623.0,1.0,-905.0,-926.0,1.0,725.0,262.0,1.0,709.5,129.0,1.0,14.94,-15.03
227563.0,-897.5,-641.0,1.0,-905.5,-799.5,1.0,725.0,289.0,1.0,704.0,132.0,1.0,14.94,-15.03
227564.0,-899.0,-659.0,1.0,-906.0,-673.0,1.0,722.0,224.75,1.0,709.0,243.5,1.0,14.94,-15.03
227565.0,-895.5,-739.5,1.0,-904.0,-502.0,1.0,719.0,160.5,1.0,714.0,355.0,1.0,14.94,-15.03
227566.0,-892.0,-820.0,1.0,-902.0,-331.0,1.0,716.0,96.25,1.0,709.5,479.0,1.0,15.28,-15.28
227567.0,-891.5,-668.5,1.0,-911.0,-534.0,1.0,713.0,32.0,1.0,705.0,603.0,1.0,14.94,-15.03
227568.0,-891.0,-517.0,1.0,-920.0,-737.0,1.0,712.5,117.75,1.0,700.3333333333334,600.0,1.0,14.94,-15.03
227569.0,-892.5,-602.5,1.0,-919.0,-755.3333333333334,1.0,712.0,203.5,1.0,695.6666666666666,597.0,1.0,14.94,-15.03
227570.0,-894.0,-688.0,1.0,-918.0,-773.6666666666666,1.0,711.5,289.25,1.0,691.0,594.0,1.0,15.1175,-15.184999999999999
227571.0,-893.5,-714.0,1.0,-917.0,-792.0,1.0,711.0,375.0,1.0,689.0,446.5,1.0,15.295,-15.34
227572.0,-893.0,-740.0,1.0,-914.0,-637.0,1.0,705.5,316.5,1.0,687.0,299.0,1.0,15.1625,-15.184999999999999
227573.0,-904.5,-717.0,1.0,-911.0,-482.0,1.0,700.0,258.0,1.0,682.5,356.0,1.0,15.03,-15.03
227574.0,-916.0,-694.0,1.0,-917.5,-621.0,1.0,703.25,250.25,1.0,678.0,413.0,1.0,15.120000000000001,-15.205
227575.0,-901.5,-779.0,1.0,-924.0,-760.0,1.0,706.5,242.5,1.0,682.0,364.5,1.0,15.21,-15.38
227576.0,-887.0,-864.0,1.0,-921.5,-814.0,1.0,709.75,234.75,1.0,686.0,316.0,1.0,15.97,-15.97
227577.0,-882.0,-771.5,1.0,-919.0,-868.0,1.0,713.0,227.0,1.0,689.0,428.5,1.0,15.38,-15.47
227578.0,-877.0,-679.0,1.0,-917.0,-841.5,1.0,711.5,355.0,1.0,692.0,541.0,1.0,15.425,-15.555
227579.0,-883.5,-693.5,1.0,-915.0,-815.0,1.0,710.0,483.0,1.0,688.5,527.5,1.0,15.47,-15.64
227580.0,-890.0,-708.0,1.0,-909.5,-854.0,1.0,709.0,429.0,1.0,685.0,514.0,1.0,15.695,-15.8025
227581.0,-891.0,-705.25,1.0,-904.0,-893.0,1.0,708.0,375.0,1.0,687.5,421.0,1.0,15.92,-15.965
227582.0,-892.0,-702.5,1.0,-900.5,-853.5,1.0,710.0,320.5,1.0,690.0,328.0,1.0,15.780000000000001,-15.8475
227583.0,-893.0,-699.75,1.0,-897.0,-814.0,1.0,712.0,266.0,1.0,693.0,361.5,1.0,15.64,-15.73
227584.0,-894.0,-697.0,1.0,-909.0,-978.5,1.0,714.5,264.5,1.0,696.0,395.0,1.0,15.73,-15.82
227585.0,-895.3333333333334,-773.6666666666666,1.0,-921.0,-1143.0,1.0,717.0,263.0,1.0,694.5,453.5,1.0,15.82,-15.91
227586.0,-896.6666666666666,-850.3333333333334,1.0,-922.5,-1057.0,1.0,716.8888888888889,268.6666666666667,1.0,693.0,512.0,1.0,16.35,-16.35
227587.0,-898.0,-927.0,1.0,-924.0,-971.0,1.0,716.7777777777778,274.3333333333333,1.0,692.5,410.0,1.0,16.0,-15.91
227588.0,-899.0,-836.5,1.0,-917.0,-787.0,1.0,716.6666666666666,280.0,1.0,692.0,308.0,1.0,16.0,-15.955
227589.0,-900.0,-746.0,1.0,-910.0,-603.0,1.0,716.5555555555555,285.6666666666667,1.0,687.0,269.5,1.0,16.0,-16.0
227590.0,-905.0,-754.0,1.0,-906.5,-659.5,1.0,716.4444444444445,291.3333333333333,1.0,682.0,231.0,1.0,16.0,-16.085
227591.0,-910.0,-762.0,1.0,-903.0,-716.0,1.0,716.3333333333334,297.0,1.0,687.0,238.0,1.0,16.0,-16.17
227592.0,-912.0,-867.5,1.0,-908.0,-842.5,1.0,716.2222222222222,302.6666666666667,1.0,692.0,245.0,1.0,16.0,-16.215000000000003
227593.0,-914.0,-973.0,1.0,-913.0,-969.0,1.0,716.1111111111111,308.3333333333333,1.0,691.0,317.0,1.0,16.0,-16.26
227594.0,-902.0,-819.5,1.0,-908.0,-818.5,1.0,716.0,314.0,1.0,690.0,389.0,1.0,16.0,-16.26
227595.0,-890.0,-666.0,1.0,-903.0,-668.0,1.0,713.1666666666666,286.5,1.0,683.5,328.0,1.0,16.0,-16.26
227596.0,-892.0,-646.0,1.0,-901.5,-638.5,1.0,710.3333333333334,259.0,1.0,677.0,267.0,1.0,16.0,-16.26
227597.0,-894.0,-626.0,1.0,-900.0,-609.0,1.0,707.5,231.5,1.0,672.5,199.5,1.0,16.0,-16.26
227598.0,-894.5,-797.5,1.0,-895.5,-615.0,1.0,704.6666666666666,204.0,1.0,668.0,132.0,1.0,16.0,-16.26
227599.0,-895.0,-969.0,1.0,-891.0,-621.0,1.0,701.8333333333334,176.5,1.0,677.0,166.5,1.0,16.0,-16.26
227600.0,-889.5,-913.0,1.0,-893.0,-676.5,1.0,699.0,149.0,1.0,686.0,201.0,1.0,16.0,-16.26
227601.0,-884.0,-857.0,1.0,-895.0,-732.0,1.0,697.75,176.25,1.0,687.0,268.5,1.0,16.0,-16.26
227602.0,-884.0,-823.0,1.0,-897.0,-756.5,1.0,696.5,203.5,1.0,688.0,336.0,1.0,16.0,-16.26
227603.0,-884.0,-789.0,1.0,-899.0,-781.0,1.0,695.25,230.75,1.0,690.0,314.0,1.0,16.0,-16.26
227604.0,-879.0,-686.0,1.0,-898.6666666666666,-736.0,1.0,694.0,258.0,1.0,692.0,292.0,1.0,16.0,-16.26
227605.0,-874.0,-583.0,1.0,-898.3333333333334,-691.0,1.0,691.0,219.25,1.0,689.3333333333334,243.0,1.0,16.0,-16.26
227606.0,-879.0,-752.5,1.0,-898.0,-646.0,1.0,688.0,180.5,1.0,686.6666666666666,194.0,1.0,16.42,-16.42
227607.0,-884.0,-922.0,1.0,-904.5,-722.0,1.0,685.0,141.75,1.0,684.0,145.0,1.0,16.0,-16.26
227608.0,-882.0,-892.0,1.0,-911.0,-798.0,1.0,682.0,103.0,1.0,682.0,177.0,1.0,16.0,-16.26
227609.0,-880.0,-862.0,1.0,-916.0,-823.5,1.0,686.0,247.5,1.0,680.0,209.0,1.0,16.0,-16.26
227610.0,-876.5,-720.0,1.0,-921.0,-849.0,1.0,690.0,392.0,1.0,684.0,347.5,1.0,16.1225,-16.317500000000003
227611.0,-873.0,-578.0,1.0,-916.5,-790.5,1.0,688.5,333.25,1.0,688.0,486.0,1.0,16.244999999999997,-16.375
227612.0,-881.0,-730.0,1.0,-912.0,-732.0,1.0,687.0,274.5,1.0,691.5,516.5,1.0,16.1225,-16.317500000000003
227613.0,-889.0,-882.0,1.0,-908.0,-775.0,1.0,685.5,215.75,1.0,695.0,547.0,1.0,16.0,-16.26
227614.0,-884.5,-776.5,1.0,-904.0,-818.0,1.0,684.0,157.0,1.0,694.0,471.0,1.0,16.04,-16.26
227615.0,-880.0,-671.0,1.0,-905.5,-856.0,1.0,684.5,205.25,1.0,693.0,395.0,1.0,16.08,-16.26
227616.0,-879.75,-703.5,1.0,-907.0,-894.0,1.0,685.0,253.5,1.0,690.0,375.0,1.0,18.67,-18.67
227617.0,-879.5,-736.0,1.0,-906.0,-992.0,1.0,685.5,301.75,1.0,687.0,355.0,1.0,16.17,-16.26
227618.0,-879.25,-768.5,1.0,-905.0,-1090.0,1.0,686.0,350.0,1.0,687.0,302.5,1.0,16.17,-16.305
227619.0,-879.0,-801.0,1.0,-909.0,-1025.5,1.0,685.5,347.5,1.0,687.0,250.0,1.0,16.17,-16.35
227620.0,-882.0,-798.0,1.0,-913.0,-961.0,1.0,685.0,345.0,1.0,686.0,345.0,1.0,17.555,-17.6675
227621.0,-885.0,-795.0,1.0,-911.0,-884.5,1.0,682.0,292.6666666666667,1.0,685.0,440.0,1.0,18.94,-18.985
227622.0,-887.6666666666666,-821.0,1.0,-909.0,-808.0,1.0,679.0,240.33333333333331,1.0,682.0,381.0,1.0,18.435000000000002,-18.5875
227623.0,-890.3333333333334,-847.0,1.0,-905.5,-856.0,1.0,676.0,188.0,1.0,679.0,322.0,1.0,17.93,-18.19
227624.0,-893.0,-873.0,1.0,-902.0,-904.0,1.0,672.0,105.5,1.0,673.5,307.5,1.0,18.455,-18.630000000000003
227625.0,-894.0,-916.5,1.0,-907.5,-948.0,1.0,668.0,23.0,1.0,668.0,293.0,1.0,18.98,-19.07
227626.0,-895.0,-960.0,1.0,-913.0,-992.0,1.0,672.5,63.5,1.0,665.5,261.5,1.0,20.92,-20.92
227627.0,-900.0,-1063.0,1.0,-916.5,-906.0,1.0,677.0,104.0,1.0,663.0,230.0,1.0,19.95,-20.04
227628.0,-905.0,-1166.0,1.0,-920.0,-820.0,1.0,678.5,141.0,1.0,658.5,267.5,1.0,20.17,-20.305
227629.0,-900.0,-907.5,1.0,-918.0,-739.0,1.0,680.0,178.0,1.0,654.0,305.0,1.0,20.39,-20.57
227630.0,-895.0,-649.0,1.0,-916.0,-658.0,1.0,678.0,210.75,1.0,651.0,300.0,1.0,20.585,-20.7175
227631.0,-893.5,-771.5,1.0,-916.0,-738.5,1.0,676.0,243.5,1.0,648.0,295.0,1.0,20.78,-20.865
227632.0,-892.0,-894.0,1.0,-916.0,-819.0,1.0,674.0,276.25,1.0,646.5,293.75,1.0,20.715,-20.8025
227633.0,-896.5,-926.0,1.0,-920.5,-923.0,1.0,672.0,309.0,1.0,645.0,292.5,1.0,20.65,-20.74
227634.0,-901.0,-958.0,1.0,-925.0,-1027.0,1.0,666.25,250.0,1.0,643.5,291.25,1.0,20.65,-20.74
227635.0,-900.0,-863.0,1.0,-922.6666666666666,-991.3333333333334,1.0,660.5,191.0,1.0,642.0,290.0,1.0,20.65,-20.74
227636.0,-899.0,-768.0,1.0,-920.3333333333334,-955.6666666666666,1.0,654.75,132.0,1.0,639.5,231.0,1.0,22.1,-22.1
227637.0,-902.0,-958.0,1.0,-918.0,-920.0,1.0,649.0,73.0,1.0,637.0,172.0,1.0,20.65,-20.74
227638.0,-905.0,-1148.0,1.0,-921.0,-911.0,1.0,644.5,171.0,1.0,638.6666666666666,168.66666666666666,1.0,20.695,-20.83
227639.0,-901.0,-1073.5,1.0,-922.3333333333334,-874.0,1.0,640.0,269.0,1.0,640.3333333333334,165.33333333333334,1.0,20.74,-20.92
227640.0,-897.0,-999.0,1.0,-923.6666666666666,-837.0,1.0,637.5,178.0,1.0,642.0,162.0,1.0,21.455,-21.587500000000002
227641.0,-894.0,-898.0,1.0,-925.0,-800.0,1.0,635.0,87.0,1.0,638.5,200.5,1.0,22.17,-22.255000000000003
227642.0,-891.0,-797.0,1.0,-926.5,-838.5,1.0,636.0,129.5,1.0,635.0,239.0,1.0,21.985,-22.067500000000003
227643.0,-893.0,-934.0,1.0,-928.0,-877.0,1.0,637.0,172.0,1.0,628.5,243.0,1.0,21.8,-21.88
227644.0,-895.0,-1071.0,1.0,-929.0,-955.5,1.0,636.0,172.0,1.0,622.0,247.0,1.0,21.975,-22.1
227645.0,-897.5,-1029.0,1.0,-930.0,-1034.0,1.0,635.0,172.0,1.0,624.5,219.0,1.0,22.15,-22.32
227646.0,-900.0,-987.0,1.0,-933.0,-1083.0,1.0,635.0,108.5,1.0,627.0,191.0,1.0,23.12,-23.12
227647.0,-900.0,-1015.5,1.0,-936.0,-1132.0,1.0,635.0,45.0,1.0,623.5,242.5,1.0,22.5,-22.68
227648.0,-900.0,-1044.0,1.0,-938.0,-1199.0,1.0,636.5,130.0,1.0,620.0,294.0,1.0,22.59,-22.68
227649.0,-905.5,-1051.5,1.0,-940.0,-1266.0,1.0,638.0,215.0,1.0,617.5,249.0,1.0,22.68,-22.68
227650.0,-911.0,-1059.0,1.0,-931.5,-1219.0,1.0,636.5,203.5,1.0,615.0,204.0,1.0,22.85,-22.85
227651.0,-904.5,-942.5,1.0,-923.0,-1172.0,1.0,635.0,192.0,1.0,610.5,241.0,1.0,23.020000000000003,-23.020000000000003
227652.0,-898.0,-826.0,1.0,-912.5,-1170.5,1.0,627.5,165.5,1.0,606.0,278.0,1.0,22.935000000000002,-23.025000000000002
227653.0,-898.6666666666666,-973.0,1.0,-902.0,-1169.0,1.0,620.0,139.0,1.0,602.5,262.0,1.0,22.85,-23.03
227654.0,-899.3333333333334,-1120.0,1.0,-891.0,-1103.0,1.0,618.0,162.66666666666666,1.0,599.0,246.0,1.0,22.85,-23.03
227655.0,-900.0,-1267.0,1.0,-880.0,-1037.0,1.0,616.0,186.33333333333334,1.0,589.0,159.5,1.0,22.85,-23.03
227656.0,-883.0,-1170.5,1.0,-872.0,-1110.5,1.0,614.0,210.0,1.0,579.0,73.0,1.0,22.85,-23.03
227657.0,-866.0,-1074.0,1.0,-864.0,-1184.0,1.0,611.25,214.75,1.0,578.0,227.0,1.0,22.85,-23.03
227658.0,-865.5,-1095.0,1.0,-867.0,-1044.0,1.0,608.5,219.5,1.0,577.0,381.0,1.0,22.85,-23.03
227659.0,-865.0,-1116.0,1.0,-870.0,-904.0,1.0,605.75,224.25,1.0,578.5,259.5,1.0,22.85,-23.03
227660.0,-861.5,-1103.0,1.0,-867.5,-962.5,1.0,603.0,229.0,1.0,580.0,138.0,1.0,22.85,-23.03
227661.0,-858.0,-1090.0,1.0,-865.0,-1021.0,1.0,600.0,141.0,1.0,577.0,161.75,1.0,22.85,-23.03
227662.0,-856.5,-1150.5,1.0,-860.0,-936.5,1.0,597.0,53.0,1.0,574.0,185.5,1.0,22.85,-23.03
227663.0,-855.0,-1211.0,1.0,-855.0,-852.0,1.0,600.5,136.0,1.0,571.0,209.25,1.0,22.85,-23.03
227664.0,-852.5,-1209.5,1.0,-856.5,-983.0,1.0,604.0,219.0,1.0,568.0,233.0,1.0,22.85,-23.03
227665.0,-850.0,-1208.0,1.0,-858.0,-1114.0,1.0,610.5,205.5,1.0,569.0,290.5,1.0,22.85,-23.03
227666.0,-851.5,-1192.5,1.0,-864.0,-1075.0,1.0,617.0,192.0,1.0,570.0,348.0,1.0,22.9525,-23.087500000000002
227667.0,-853.0,-1177.0,1.0,-870.0,-1036.0,1.0,616.0,203.5,1.0,569.5,411.5,1.0,23.055,-23.145000000000003
227668.0,-855.0,-1144.0,1.0,-876.0,-1100.0,1.0,615.0,215.0,1.0,569.0,475.0,1.0,22.9525,-23.087500000000002
227669.0,-857.0,-1111.0,1.0,-882.0,-1164.0,1.0,609.75,235.75,1.0,569.0,365.0,1.0,22.85,-23.03
227670.0,-854.0,-1087.5,1.0,-878.0,-1104.0,1.0,604.5,256.5,1.0,569.0,255.0,1.0,22.85,-23.03
227671.0,-851.0,-1064.0,1.0,-874.0,-1044.0,1.0,599.25,277.25,1.0,570.0,347.0,1.0,22.85,-23.03
227672.0,-854.0,-1106.5,1.0,-878.3333333333334,-1065.0,1.0,594.0,298.0,1.0,571.0,439.0,1.0,22.85,-23.03
227673.0,-857.0,-1149.0,1.0,-882.6666666666666,-1086.0,1.0,594.5,294.0,1.0,572.0,531.0,1.0,22.85,-23.03
227674.0,-863.5,-1228.0,1.0,-887.0,-1107.0,1.0,595.0,290.0,1.0,558.0,506.5,1.0,22.85,-23.03
227675.0,-870.0,-1307.0,1.0,-886.5,-1079.5,1.0,602.5,311.5,1.0,544.0,482.0,1.0,22.85,-23.03
227676.0,-864.0,-1193.5,1.0,-886.0,-1052.0,1.0,610.0,333.0,1.0,540.5,462.0,1.0,22.85,-23.03
227677.0,-858.0,-1080.0,1.0,-890.0,-997.5,1.0,603.5,323.5,1.0,537.0,442.0,1.0,22.85,-23.03
227678.0,-855.0,-1055.0,1.0,-894.0,-943.0,1.0,597.0,314.0,1.0,535.1666666666666,441.6666666666667,1.0,22.85,-23.03
227679.0,-852.0,-1030.0,1.0,-888.5,-1092.5,1.0,589.0,278.5,1.0,533.3333333333334,441.3333333333333,1.0,22.85,-23.03
227680.0,-849.5,-1161.5,1.0,-883.0,-1242.0,1.0,581.0,243.0,1.0,531.5,441.0,1.0,22.85,-23.03
227681.0,-847.0,-1293.0,1.0,-874.0,-1091.0,1.0,583.0,326.5,1.0,529.6666666666666,440.6666666666667,1.0,22.85,-23.03
227682.0,-853.0,-1133.0,1.0,-865.0,-940.0,1.0,585.0,410.0,1.0,527.8333333333334,440.3333333333333,1.0,23.05,-23.05
227683.0,-859.0,-973.0,1.0,-876.5,-1093.0,1.0,583.0,360.5,1.0,526.0,440.0,1.0,22.85,-23.03
227684.0,-857.75,-944.0,1.0,-888.0,-1246.0,1.0,581.0,311.0,1.0,516.0,534.5,1.0,22.85,-23.03
227685.0,-856.5,-915.0,1.0,-882.5,-1207.5,1.0,581.0,336.0,1.0,506.0,629.0,1.0,22.85,-23.03
227686.0,-855.25,-886.0,1.0,-877.0,-1169.0,1.0,581.0,361.0,1.0,502.5,547.5,1.0,17.3,-17.435000000000002
227687.0,-854.0,-857.0,1.0,-868.5,-907.0,1.0,595.0,515.5,1.0,499.0,466.0,1.0,11.75,-11.84
227688.0,-852.6666666666666,-762.6666666666666,1.0,-860.0,-645.0,1.0,609.0,670.0,1.0,501.5,748.5,1.0,17.3,-17.435000000000002
227689.0,-851.3333333333334,-668.3333333333334,1.0,-855.5,-652.0,1.0,615.2,674.4,1.0,504.0,1031.0,1.0,22.85,-23.03
227690.0,-850.0,-574.0,1.0,-851.0,-659.0,1.0,621.4,678.8,1.0,499.5,1095.0,1.0,22.72,-22.72
227691.0,-833.0,-497.5,1.0,-841.0,-461.5,1.0,627.6,683.2,1.0,495.0,1159.0,1.0,22.59,-22.41
227692.0,-816.0,-421.0,1.0,-831.0,-264.0,1.0,633.8,687.6,1.0,503.5,1359.5,1.0,-16.39,16.39
227693.0,-799.0,-317.0,1.0,-829.0,-281.5,1.0,640.0,692.0,1.0,512.0,1560.0,1.0,20.92,-20.92
227694.0,-782.0,-213.0,1.0,-827.0,-299.0,1.0,647.5,831.5,1.0,520.5,1516.0,1.0,19.82,-19.82
227695.0,-774.0,-51.5,1.0,-811.5,-105.5,1.0,655.0,971.0,1.0,529.0,1472.0,1.0,18.72,-18.72
227696.0,-766.0,110.0,1.0,-796.0,88.0,1.0,664.5,1232.5,1.0,532.0,1730.0,1.0,4.5649999999999995,-4.587499999999999
227697.0,-774.0,35.0,1.0,-799.0,33.5,1.0,674.0,1494.0,1.0,535.0,1988.0,1.0,-9.59,9.545
227698.0,-782.0,-40.0,1.0,-802.0,-21.0,1.0,691.0,1554.0,1.0,549.0,2053.5,1.0,1.3550000000000004,-1.4225000000000012
227699.0,-772.0,36.0,1.0,-801.0,17.5,1.0,708.0,1614.0,1.0,563.0,2119.0,1.0,12.3,-12.39
227700.0,-762.0,112.0,1.0,-800.0,56.0,1.0,725.5,1706.5,1.0,580.0,2031.0,1.0,10.195,-10.325
227701.0,-758.0,76.5,1.0,-792.0,11.5,1.0,743.0,1799.0,1.0,597.0,1943.0,1.0,8.09,-8.26
227702.0,-754.0,41.0,1.0,-784.0,-33.0,1.0,746.5,1708.5,1.0,629.5,1886.0,1.0,5.67,-5.8
227703.0,-759.5,50.0,1.0,-772.0,-20.5,1.0,750.0,1618.0,1.0,662.0,1829.0,1.0,3.25,-3.34
227704.0,-765.0,59.0,1.0,-760.0,-8.0,1.0,767.5,1625.5,1.0,692.5,1767.5,1.0,0.3500000000000001,-0.4849999999999999
227705.0,-751.0,23.5,1.0,-757.3333333333334,-6.666666666666667,1.0,785.0,1633.0,1.0,723.0,1706.0,1.0,-2.55,2.37
227706.0,-737.0,-12.0,1.0,-754.6666666666666,-5.333333333333334,1.0,792.7142857142857,1628.2380952380952,1.0,744.6666666666666,1628.6666666666667,1.0,-5.625,5.404999999999999
227707.0,-740.0,27.5,1.0,-752.0,-4.0,1.0,800.4285714285714,1623.4761904761904,1.0,766.3333333333334,1551.3333333333333,1.0,-8.7,8.44
227708.0,-743.0,67.0,1.0,-740.5,14.5,1.0,808.1428571428571,1618.7142857142858,1.0,788.0,1474.0,1.0,-11.515,11.25
227709.0,-736.5,37.0,1.0,-729.0,33.0,1.0,815.8571428571429,1613.952380952381,1.0,835.5,1549.5,1.0,-14.33,14.06
227710.0,-730.0,7.0,1.0,-710.0,-5.5,1.0,823.5714285714286,1609.1904761904761,1.0,883.0,1625.0,1.0,-16.79,16.565
227711.0,-714.0,30.0,1.0,-691.0,-44.0,1.0,831.2857142857143,1604.4285714285713,1.0,904.0,1478.5,1.0,-19.25,19.07
227712.0,-698.0,53.0,1.0,-680.5,7.0,1.0,839.0,1599.6666666666667,1.0,925.0,1332.0,1.0,-21.445,21.27
227713.0,-678.0,31.0,1.0,-670.0,58.0,1.0,846.7142857142857,1594.904761904762,1.0,940.5,1232.5,1.0,-23.64,23.47
227714.0,-658.0,9.0,1.0,-647.5,-24.0,1.0,854.4285714285714,1590.142857142857,1.0,956.0,1133.0,1.0,-25.445,25.27
227715.0,-646.0,7.0,1.0,-625.0,-106.0,1.0,862.1428571428571,1585.3809523809523,1.0,977.5,1334.5,1.0,-27.25,27.07
227716.0,-634.0,5.0,1.0,-609.0,-88.5,1.0,869.8571428571429,1580.6190476190477,1.0,999.0,1536.0,1.0,-28.655,28.52
227717.0,-628.5,-45.0,1.0,-593.0,-71.0,1.0,877.5714285714286,1575.857142857143,1.0,994.5,1581.5,1.0,-30.06,29.97
227718.0,-623.0,-95.0,1.0,-585.0,-85.5,1.0,885.2857142857143,1571.095238095238,1.0,990.0,1627.0,1.0,-31.159999999999997,31.07
227719.0,-598.5,-83.5,1.0,-577.0,-100.0,1.0,893.0,1566.3333333333333,1.0,987.5,1676.0,1.0,-32.26,32.17
227720.0,-574.0,-72.0,1.0,-574.0,-173.5,1.0,900.7142857142858,1561.5714285714287,1.0,985.0,1725.0,1.0,-33.004999999999995,32.915
227721.0,-565.0,-109.5,1.0,-571.0,-247.0,1.0,908.4285714285714,1556.8095238095239,1.0,977.5,1655.0,1.0,-33.75,33.66
227722.0,-556.0,-147.0,1.0,-552.5,-239.0,1.0,916.1428571428571,1552.047619047619,1.0,970.0,1585.0,1.0,-34.144999999999996,34.055
227723.0,-547.3333333333334,-182.33333333333334,1.0,-534.0,-231.0,1.0,923.8571428571429,1547.2857142857142,1.0,963.0,1786.0,1.0,-34.54,34.45
227724.0,-538.6666666666666,-217.66666666666669,1.0,-530.0,-263.0,1.0,931.5714285714286,1542.5238095238096,1.0,956.0,1987.0,1.0,-34.629999999999995,34.585
227725.0,-530.0,-253.0,1.0,-526.0,-295.0,1.0,939.2857142857142,1537.7619047619048,1.0,948.5,1908.5,1.0,-34.72,34.72
227726.0,-523.0,-241.0,1.0,-529.5,-335.0,1.0,947.0,1533.0,1.0,941.0,1830.0,1.0,-34.76,34.805
227727.0,-516.0,-229.0,1.0,-533.0,-375.0,1.0,923.75,1545.5,1.0,941.5,1817.5,1.0,-34.8,34.89
227728.0,-509.0,-258.5,1.0,-512.5,-301.5,1.0,900.5,1558.0,1.0,942.0,1805.0,1.0,-34.8,34.89
227729.0,-502.0,-288.0,1.0,-492.0,-228.0,1.0,877.25,1570.5,1.0,924.5,1855.0,1.0,-34.8,34.89
227730.0,-489.0,-251.5,1.0,-485.5,-258.0,1.0,854.0,1583.0,1.0,907.0,1905.0,1.0,-34.8,34.845
227731.0,-476.0,-215.0,1.0,-479.0,-288.0,1.0,840.5,1542.0,1.0,899.5,1767.0,1.0,-34.8,34.8
227732.0,-463.5,-154.0,1.0,-492.0,-309.0,1.0,827.0,1501.0,1.0,892.0,1629.0,1.0,-34.8,34.8
227733.0,-451.0,-93.0,1.0,-505.0,-330.0,1.0,826.5,1534.0,1.0,878.5,1791.5,1.0,-34.8,34.8
227734.0,-436.5,-115.0,1.0,-494.0,-321.5,1.0,826.0,1567.0,1.0,865.0,1954.0,1.0,-34.8,34.8
227735.0,-422.0,-137.0,1.0,-483.0,-313.0,1.0,839.5,1545.5,1.0,871.0,1858.0,1.0,-34.8,34.8
227736.0,-423.0,-180.5,1.0,-486.0,-291.0,1.0,853.0,1524.0,1.0,877.0,1762.0,1.0,-34.8,34.845
227737.0,-424.0,-224.0,1.0,-489.0,-269.0,1.0,874.5,1606.0,1.0,873.5,1765.5,1.0,-34.8,34.89
227738.0,-417.5,-242.5,1.0,-478.0,-266.5,1.0,896.0,1688.0,1.0,870.0,1769.0,1.0,-34.8,34.845
227739.0,-411.0,-261.0,1.0,-467.0,-264.0,1.0,887.5,1637.0,1.0,869.3333333333334,1689.0,1.0,-34.8,34.8
227740.0,-400.0,-176.0,1.0,-463.5,-111.0,1.0,879.0,1586.0,1.0,868.6666666666666,1609.0,1.0,-34.8,34.8
227741.0,-389.0,-91.0,1.0,-460.0,42.0,1.0,873.0,1697.5,1.0,868.0,1529.0,1.0,-34.8,34.8
227742.0,-390.0,-149.5,1.0,-465.0,-15.0,1.0,867.0,1809.0,1.0,853.0,1607.0,1.0,-34.8,34.8
227743.0,-391.0,-208.0,1.0,-470.0,-72.0,1.0,862.0,1691.5,1.0,838.0,1685.0,1.0,-34.8,34.8
227744.0,-393.0,-160.5,1.0,-475.0,-129.0,1.0,857.0,1574.0,1.0,827.5,1536.0,1.0,-34.8,34.8
227745.0,-395.0,-113.0,1.0,-457.0,-93.5,1.0,850.0,1614.0,1.0,817.0,1387.0,1.0,-34.8,34.8
227746.0,-397.0,-101.0,1.0,-439.0,-58.0,1.0,843.0,1654.0,1.0,816.0,1469.0,1.0,-34.8,34.8
227747.0,-399.0,-89.0,1.0,-447.5,-26.5,1.0,831.5,1566.0,1.0,815.0,1551.0,1.0,-34.8,34.8
227748.0,-404.0,-74.0,1.0,-456.0,5.0,1.0,820.0,1478.0,1.0,808.0,1528.5,1.0,-34.8,34.8
227749.0,-409.0,-59.0,1.0,-458.5,-13.0,1.0,816.0,1584.0,1.0,801.0,1506.0,1.0,-34.8,34.8
227750.0,-416.0,-121.5,1.0,-461.0,-31.0,1.0,812.0,1690.0,1.0,809.0,1689.5,1.0,-34.8,34.8
227751.0,-423.0,-184.0,1.0,-458.5,-111.5,1.0,813.0,1647.5,1.0,817.0,1873.0,1.0,-34.8,34.8
227752.0,-419.0,-165.0,1.0,-456.0,-192.0,1.0,814.0,1605.0,1.0,825.0,1645.0,1.0,-34.8,34.8
227753.0,-415.0,-146.0,1.0,-453.0,-101.0,1.0,814.5,1705.5,1.0,833.0,1417.0,1.0,-34.8,34.8
227754.0,-415.0,-195.0,1.0,-450.0,-10.0,1.0,815.0,1806.0,1.0,843.0,1534.5,1.0,-34.8,34.8
227755.0,-415.0,-244.0,1.0,-456.0,-14.0,1.0,818.0,1621.0,1.0,853.0,1652.0,1.0,-34.8,34.8
227756.0,-405.0,-152.5,1.0,-462.0,-18.0,1.0,821.0,1436.0,1.0,847.0,1529.0,1.0,-34.8,34.8
227757.0,-395.0,-61.0,1.0,-460.0,-26.0,1.0,834.0,1538.5,1.0,841.0,1406.0,1.0,-34.8,34.8
227758.0,-393.0,-171.0,1.0,-458.0,-34.0,1.0,847.0,1641.0,1.0,850.5,1610.0,1.0,-34.8,34.8
227759.0,-391.0,-281.0,1.0,-469.5,-59.5,1.0,853.3333333333334,1622.6666666666667,1.0,860.0,1814.0,1.0,-34.8,34.8
227760.0,-389.0,-391.0,1.0,-481.0,-85.0,1.0,859.6666666666666,1604.3333333333333,1.0,868.0,1721.5,1.0,-34.8,34.8
227761.0,-382.0,-315.5,1.0,-484.5,-67.0,1.0,866.0,1586.0,1.0,876.0,1629.0,1.0,-34.8,34.8
227762.0,-375.0,-240.0,1.0,-488.0,-49.0,1.0,867.5,1558.5,1.0,875.5,1611.5,1.0,-33.02,33.02
227763.0,-369.0,-282.5,1.0,-498.5,-273.5,1.0,869.0,1531.0,1.0,875.0,1594.0,1.0,-34.8,34.72
227764.0,-363.0,-325.0,1.0,-509.0,-498.0,1.0,879.5,1663.0,1.0,881.0,1656.0,1.0,-34.76,34.72
227765.0,-366.0,-469.0,1.0,-499.5,-311.5,1.0,890.0,1795.0,1.0,887.0,1718.0,1.0,-34.72,34.72
227766.0,-369.0,-613.0,1.0,-490.0,-125.0,1.0,891.1176470588235,1766.235294117647,1.0,891.5,1608.5,1.0,-31.752499999999998,31.7075
227767.0,-364.5,-735.0,1.0,-502.5,-241.0,1.0,892.2352941176471,1737.4705882352941,1.0,896.0,1499.0,1.0,-28.785,28.695
227768.0,-360.0,-857.0,1.0,-515.0,-357.0,1.0,893.3529411764706,1708.7058823529412,1.0,887.0,1501.5,1.0,-31.002499999999998,30.9125
227769.0,-356.5,-816.5,1.0,-526.5,-387.0,1.0,894.4705882352941,1679.9411764705883,1.0,878.0,1504.0,1.0,-33.22,33.13
227770.0,-353.0,-776.0,1.0,-538.0,-417.0,1.0,895.5882352941177,1651.1764705882354,1.0,891.5,1364.5,1.0,-32.65,32.56
227771.0,-361.5,-860.5,1.0,-542.0,-374.0,1.0,896.7058823529412,1622.4117647058824,1.0,905.0,1225.0,1.0,-32.08,31.99
227772.0,-370.0,-945.0,1.0,-546.0,-331.0,1.0,897.8235294117648,1593.6470588235293,1.0,911.5,1200.0,1.0,-18.0,18.0
227773.0,-377.3333333333333,-852.3333333333334,1.0,-542.0,-393.0,1.0,898.9411764705883,1564.8823529411766,1.0,918.0,1175.0,1.0,-30.32,30.32
227775.0,-384.6666666666667,-759.6666666666666,1.0,-538.0,-455.0,1.0,900.0588235294117,1536.1176470588234,1.0,899.5,1124.0,1.0,-27.86,27.86
227776.0,-392.0,-667.0,1.0,-539.0,-701.0,1.0,901.1764705882352,1507.3529411764707,1.0,881.0,1073.0,1.0,-23.27,23.27
227777.0,-406.5,-822.5,1.0,-540.0,-947.0,1.0,902.2941176470588,1478.5882352941176,1.0,874.0,961.5,1.0,-18.68,18.68
227778.0,-421.0,-978.0,1.0,-537.5,-739.0,1.0,903.4117647058823,1449.8235294117646,1.0,867.0,850.0,1.0,-20.325,20.369999999999997
227779.0,-439.5,-890.5,1.0,-535.0,-531.0,1.0,904.5294117647059,1421.0588235294117,1.0,864.5,917.5,1.0,-21.97,22.06
227780.0,-458.0,-803.0,1.0,-567.0,-578.0,1.0,905.6470588235294,1392.2941176470588,1.0,862.0,985.0,1.0,-20.564999999999998,20.564999999999998
227781.0,-481.5,-829.0,1.0,-599.0,-625.0,1.0,906.7647058823529,1363.5294117647059,1.0,868.5,922.5,1.0,-19.16,19.07
227782.0,-505.0,-855.0,1.0,-594.0,-586.0,1.0,907.8823529411765,1334.764705882353,1.0,875.0,860.0,1.0,-6.78,6.78
227783.0,-523.0,-843.0,1.0,-589.0,-547.0,1.0,909.0,1306.0,1.0,881.5,919.5,1.0,-16.52,16.52
227784.0,-541.0,-831.0,1.0,-603.0,-633.0,1.0,910.1176470588235,1277.235294117647,1.0,888.0,979.0,1.0,-15.29,15.29
227785.0,-558.0,-842.0,1.0,-617.0,-719.0,1.0,911.2352941176471,1248.4705882352941,1.0,887.5,848.5,1.0,-14.06,14.06
227786.0,-575.0,-853.0,1.0,-627.5,-760.5,1.0,912.3529411764706,1219.7058823529412,1.0,887.0,718.0,1.0,-10.9475,10.9475
227787.0,-593.5,-832.0,1.0,-638.0,-802.0,1.0,913.4705882352941,1190.9411764705883,1.0,889.0,617.5,1.0,-7.835,7.835
227788.0,-612.0,-811.0,1.0,-649.0,-787.5,1.0,914.5882352941177,1162.1764705882351,1.0,891.0,517.0,1.0,-8.4875,8.4875
227789.0,-631.0,-576.0,1.0,-660.0,-773.0,1.0,915.7058823529412,1133.4117647058824,1.0,891.5,565.5,1.0,-9.14,9.14
227790.0,-650.0,-341.0,1.0,-672.5,-713.0,1.0,916.8235294117648,1104.6470588235293,1.0,892.0,614.0,1.0,-8.13,8.085
227791.0,-663.3333333333334,-344.0,1.0,-685.0,-653.0,1.0,917.9411764705883,1075.8823529411766,1.0,900.5,550.0,1.0,-7.12,7.03
227792.0,-676.6666666666666,-347.0,1.0,-698.5,-637.0,1.0,919.0588235294117,1047.1176470588234,1.0,909.0,486.0,1.0,-4.01,4.01
227793.0,-690.0,-350.0,1.0,-712.0,-621.0,1.0,920.1764705882352,1018.3529411764706,1.0,909.5,354.0,1.0,-5.54,5.54
227794.0,-711.0,-468.0,1.0,-725.0,-568.5,1.0,921.2941176470588,989.5882352941176,1.0,910.0,222.0,1.0,-5.055,5.055
227795.0,-732.0,-586.0,1.0,-738.0,-516.0,1.0,922.4117647058823,960.8235294117646,1.0,906.0,356.0,1.0,-4.57,4.57
227796.0,-742.5,-367.5,1.0,-745.0,-386.5,1.0,923.5294117647059,932.0588235294117,1.0,902.0,490.0,1.0,-4.295,4.295
227797.0,-753.0,-149.0,1.0,-752.0,-257.0,1.0,924.6470588235294,903.2941176470588,1.0,905.0,468.5,1.0,-4.02,4.02
227798.0,-769.0,-296.0,1.0,-760.5,-344.0,1.0,925.7647058823529,874.5294117647059,1.0,908.0,447.0,1.0,-4.074999999999999,4.029999999999999
227799.0,-785.0,-443.0,1.0,-769.0,-431.0,1.0,926.8823529411765,845.7647058823529,1.0,918.0,403.5,1.0,-4.13,4.04
227800.0,-790.0,-525.0,1.0,-769.75,-373.0,1.0,928.0,817.0,1.0,928.0,360.0,1.0,-4.13,4.0
227801.0,-795.0,-607.0,1.0,-770.5,-315.0,1.0,917.0,546.0,1.0,922.0,357.0,1.0,-4.13,3.96
227802.0,-794.5,-438.5,1.0,-771.25,-257.0,1.0,906.0,275.0,1.0,916.0,354.0,1.0,-5.31,5.31
227803.0,-794.0,-270.0,1.0,-772.0,-199.0,1.0,902.5,341.5,1.0,910.5,396.0,1.0,-4.04,3.96
227804.0,-795.5,-378.5,1.0,-773.5,-334.0,1.0,899.0,408.0,1.0,905.0,438.0,1.0,-4.085,3.96
227805.0,-797.0,-487.0,1.0,-775.0,-469.0,1.0,897.0,459.0,1.0,899.5,572.0,1.0,-4.13,3.96
227806.0,-781.5,-321.5,1.0,-767.5,-383.5,1.0,895.0,510.0,1.0,894.0,706.0,1.0,-4.637499999999999,4.5525
227807.0,-766.0,-156.0,1.0,-760.0,-298.0,1.0,894.1818181818181,508.3454545454546,1.0,900.5,684.5,1.0,-5.145,5.145
227808.0,-762.5,-275.0,1.0,-757.3333333333334,-444.66666666666663,1.0,893.3636363636364,506.6909090909091,1.0,907.0,663.0,1.0,-5.1225,5.1225
227809.0,-759.0,-394.0,1.0,-754.6666666666666,-591.3333333333333,1.0,892.5454545454545,505.03636363636366,1.0,902.0,588.6666666666666,1.0,-5.1,5.1
227810.0,-753.5,-512.5,1.0,-752.0,-738.0,1.0,891.7272727272727,503.3818181818182,1.0,897.0,514.3333333333334,1.0,-5.275,5.275
227811.0,-748.0,-631.0,1.0,-746.0,-667.5,1.0,890.9090909090909,501.72727272727275,1.0,892.0,440.0,1.0,-5.45,5.45
227812.0,-741.0,-382.0,1.0,-740.0,-597.0,1.0,890.0909090909091,500.07272727272726,1.0,879.5,612.5,1.0,-5.495,5.535
227813.0,-734.0,-133.0,1.0,-738.5,-554.5,1.0,889.2727272727273,498.41818181818184,1.0,867.0,785.0,1.0,-5.54,5.62
227814.0,-732.0,-343.5,1.0,-737.0,-512.0,1.0,888.4545454545455,496.76363636363635,1.0,862.5,673.0,1.0,-5.54,5.62
227815.0,-730.0,-554.0,1.0,-735.5,-506.5,1.0,887.6363636363636,495.1090909090909,1.0,858.0,561.0,1.0,-5.54,5.62
227816.0,-729.0,-502.5,1.0,-734.0,-501.0,1.0,886.8181818181819,493.45454545454544,1.0,863.0,767.0,1.0,-5.54,5.62
227817.0,-728.0,-451.0,1.0,-732.5,-625.0,1.0,886.0,491.8,1.0,868.0,973.0,1.0,-5.54,5.62
227818.0,-726.0,-414.0,1.0,-731.0,-749.0,1.0,885.1818181818181,490.1454545454545,1.0,864.5,814.5,1.0,-5.58,5.62
227819.0,-724.0,-377.0,1.0,-726.0,-609.0,1.0,884.3636363636364,488.4909090909091,1.0,861.0,656.0,1.0,-5.62,5.62
227820.0,-724.5,-343.5,1.0,-721.0,-469.0,1.0,883.5454545454545,486.8363636363636,1.0,854.0,729.0,1.0,-5.62,5.62
227821.0,-725.0,-310.0,1.0,-722.5,-496.0,1.0,882.7272727272727,485.1818181818182,1.0,847.0,802.0,1.0,-5.62,5.62
227822.0,-726.0,-504.5,1.0,-724.0,-523.0,1.0,881.9090909090909,483.5272727272727,1.0,842.0,741.0,1.0,-6.05,6.05
227823.0,-727.0,-699.0,1.0,-720.0,-618.5,1.0,881.0909090909091,481.8727272727273,1.0,837.0,680.0,1.0,-5.62,5.62
227824.0,-719.0,-475.5,1.0,-716.0,-714.0,1.0,880.2727272727273,480.21818181818185,1.0,841.0,719.0,1.0,-5.62,5.62
227825.0,-711.0,-252.0,1.0,-710.5,-764.0,1.0,879.4545454545455,478.56363636363636,1.0,845.0,758.0,1.0,-5.62,5.62
227826.0,-712.0,-305.3333333333333,1.0,-705.0,-814.0,1.0,878.6363636363636,476.9090909090909,1.0,839.5,690.5,1.0,-5.7524999999999995,5.775
227827.0,-713.0,-358.6666666666667,1.0,-698.5,-645.5,1.0,877.8181818181819,475.25454545454545,1.0,834.0,623.0,1.0,-5.885,5.93
227828.0,-714.0,-412.0,1.0,-692.0,-477.0,1.0,877.0,473.6,1.0,839.5,628.5,1.0,-5.797499999999999,5.865
227829.0,-719.0,-431.5,1.0,-694.0,-545.0,1.0,876.1818181818181,471.94545454545454,1.0,845.0,634.0,1.0,-5.71,5.8
227830.0,-724.0,-451.0,1.0,-696.0,-613.0,1.0,875.3636363636364,470.2909090909091,1.0,848.5,647.0,1.0,-5.8,5.8
227831.0,-721.0,-588.0,1.0,-693.5,-566.5,1.0,874.5454545454545,468.6363636363636,1.0,852.0,660.0,1.0,-5.89,5.8
227832.0,-718.0,-725.0,1.0,-691.0,-520.0,1.0,873.7272727272727,466.9818181818182,1.0,853.5,723.0,1.0,-6.38,6.38
227833.0,-713.5,-536.5,1.0,-689.5,-532.0,1.0,872.9090909090909,465.3272727272727,1.0,855.0,786.0,1.0,-5.89,5.8
227834.0,-709.0,-348.0,1.0,-688.0,-544.0,1.0,872.0909090909091,463.6727272727273,1.0,850.0,548.0,1.0,-5.89,5.93
227835.0,-708.5,-338.5,1.0,-689.5,-442.0,1.0,871.2727272727273,462.0181818181818,1.0,845.0,310.0,1.0,-5.89,6.06
227836.0,-708.0,-329.0,1.0,-691.0,-340.0,1.0,870.4545454545455,460.3636363636364,1.0,846.0,445.0,1.0,-6.0375,6.1875
227837.0,-713.5,-505.5,1.0,-692.0,-438.5,1.0,869.6363636363636,458.7090909090909,1.0,847.0,580.0,1.0,-6.1850000000000005,6.315
227838.0,-719.0,-682.0,1.0,-693.0,-537.0,1.0,868.8181818181819,457.05454545454546,1.0,853.0,633.0,1.0,-6.0375,6.2325
227839.0,-714.5,-611.0,1.0,-694.0,-543.5,1.0,868.0,455.4,1.0,859.0,686.0,1.0,-5.89,6.15
227840.0,-710.0,-540.0,1.0,-695.0,-550.0,1.0,867.1818181818181,453.74545454545455,1.0,866.5,674.0,1.0,-5.89,6.15
227841.0,-706.5,-379.0,1.0,-694.5,-523.5,1.0,866.3636363636364,452.0909090909091,1.0,874.0,662.0,1.0,-5.89,6.15
227842.0,-703.0,-218.0,1.0,-694.0,-497.0,1.0,865.5454545454545,450.43636363636364,1.0,874.0,651.0,1.0,-6.59,6.59
227843.0,-710.5,-399.0,1.0,-694.6666666666666,-446.0,1.0,864.7272727272727,448.78181818181815,1.0,874.0,640.0,1.0,-5.98,6.24
227844.0,-718.0,-580.0,1.0,-695.3333333333334,-395.0,1.0,863.9090909090909,447.1272727272727,1.0,868.6666666666666,614.3333333333334,1.0,-5.98,6.24
227845.0,-722.5,-714.0,1.0,-696.0,-344.0,1.0,863.0909090909091,445.4727272727273,1.0,863.3333333333334,588.6666666666666,1.0,-5.98,6.24
227846.0,-727.0,-848.0,1.0,-695.5,-414.5,1.0,862.2727272727273,443.8181818181818,1.0,858.0,563.0,1.0,-6.065,6.24
227847.0,-716.0,-616.0,1.0,-695.0,-485.0,1.0,861.4545454545455,442.16363636363633,1.0,855.0,697.0,1.0,-6.15,6.24
227848.0,-705.0,-384.0,1.0,-696.0,-528.5,1.0,860.6363636363636,440.5090909090909,1.0,852.0,831.0,1.0,-6.195,6.24
227849.0,-707.0,-368.0,1.0,-697.0,-572.0,1.0,859.8181818181818,438.8545454545455,1.0,849.0,741.0,1.0,-6.24,6.24
227850.0,-709.0,-352.0,1.0,-695.0,-491.0,1.0,859.0,437.2,1.0,846.0,651.0,1.0,-6.24,6.24
227851.0,-713.0,-466.5,1.0,-693.0,-410.0,1.0,858.1818181818181,435.54545454545456,1.0,851.0,729.5,1.0,-6.24,6.24
227852.0,-717.0,-581.0,1.0,-694.5,-404.5,1.0,857.3636363636364,433.8909090909091,1.0,856.0,808.0,1.0,-6.69,6.69
227853.0,-718.5,-592.5,1.0,-696.0,-399.0,1.0,856.5454545454545,432.23636363636365,1.0,856.0,809.0,1.0,-6.24,6.24
227854.0,-720.0,-604.0,1.0,-703.0,-404.0,1.0,855.7272727272727,430.58181818181816,1.0,856.0,810.0,1.0,-6.285,6.285
227855.0,-719.5,-413.0,1.0,-710.0,-409.0,1.0,854.9090909090909,428.92727272727274,1.0,852.0,778.5,1.0,-6.33,6.33
227856.0,-719.0,-222.0,1.0,-712.0,-469.5,1.0,854.0909090909091,427.27272727272725,1.0,848.0,747.0,1.0,-6.84,6.8625
227857.0,-721.0,-369.0,1.0,-714.0,-530.0,1.0,853.2727272727273,425.6181818181818,1.0,843.0,682.0,1.0,-7.35,7.395
227858.0,-723.0,-516.0,1.0,-709.5,-440.0,1.0,852.4545454545455,423.9636363636364,1.0,838.0,617.0,1.0,-6.84,6.9925
227859.0,-720.0,-547.5,1.0,-705.0,-350.0,1.0,851.6363636363636,422.3090909090909,1.0,848.0,687.0,1.0,-6.33,6.59
227860.0,-717.0,-579.0,1.0,-705.5,-336.5,1.0,850.8181818181818,420.6545454545454,1.0,858.0,757.0,1.0,-6.725,6.9
227861.0,-714.3333333333334,-476.3333333333333,1.0,-706.0,-323.0,1.0,850.0,419.0,1.0,856.5,828.5,1.0,-7.12,7.21
227862.0,-711.6666666666666,-373.66666666666663,1.0,-705.0,-371.0,1.0,849.3611111111111,432.3333333333333,1.0,855.0,900.0,1.0,-13.12,13.12
227863.0,-709.0,-271.0,1.0,-704.0,-419.0,1.0,848.7222222222222,445.6666666666667,1.0,859.0,756.0,1.0,-7.91,7.91
227864.0,-704.5,-221.5,1.0,-704.5,-499.0,1.0,848.0833333333334,459.0,1.0,863.0,612.0,1.0,-8.175,8.219999999999999
227865.0,-700.0,-172.0,1.0,-705.0,-579.0,1.0,847.4444444444445,472.3333333333333,1.0,862.0,585.5,1.0,-8.44,8.53
227866.0,-700.0,-245.5,1.0,-699.5,-555.5,1.0,846.8055555555555,485.6666666666667,1.0,861.0,559.0,1.0,-10.3625,10.407499999999999
227867.0,-700.0,-319.0,1.0,-694.0,-532.0,1.0,846.1666666666666,499.0,1.0,859.5,679.5,1.0,-12.285,12.285
227868.0,-697.5,-401.0,1.0,-689.0,-557.5,1.0,845.5277777777778,512.3333333333334,1.0,858.0,800.0,1.0,-11.7675,11.7675
227869.0,-695.0,-483.0,1.0,-684.0,-583.0,1.0,844.8888888888889,525.6666666666666,1.0,864.0,759.0,1.0,-11.25,11.25
227870.0,-684.0,-381.0,1.0,-677.0,-532.0,1.0,844.25,539.0,1.0,870.0,718.0,1.0,-12.129999999999999,12.085
227871.0,-673.0,-279.0,1.0,-670.0,-481.0,1.0,843.6111111111111,552.3333333333334,1.0,878.0,727.5,1.0,-13.01,12.92
227872.0,-671.5,-255.5,1.0,-656.0,-486.0,1.0,842.9722222222222,565.6666666666667,1.0,886.0,737.0,1.0,-16.62,16.62
227873.0,-670.0,-232.0,1.0,-642.0,-491.0,1.0,842.3333333333334,579.0,1.0,891.0,844.5,1.0,-14.06,14.06
227874.0,-663.5,-212.5,1.0,-639.0,-508.5,1.0,841.6944444444445,592.3333333333334,1.0,896.0,952.0,1.0,-14.5,14.5
227875.0,-657.0,-193.0,1.0,-636.0,-526.0,1.0,841.0555555555555,605.6666666666667,1.0,893.5,788.5,1.0,-14.94,14.94
227876.0,-658.5,-185.5,1.0,-630.0,-515.6666666666666,1.0,840.4166666666666,619.0,1.0,891.0,625.0,1.0,-16.645,16.645
227877.0,-660.0,-178.0,1.0,-624.0,-505.3333333333333,1.0,839.7777777777778,632.3333333333334,1.0,895.3333333333334,688.3333333333334,1.0,-18.35,18.35
227878.0,-654.0,-334.5,1.0,-618.0,-495.0,1.0,839.1388888888889,645.6666666666667,1.0,899.6666666666666,751.6666666666666,1.0,-17.395000000000003,17.35
227879.0,-648.0,-491.0,1.0,-610.5,-414.5,1.0,838.5,659.0,1.0,904.0,815.0,1.0,-16.44,16.35
227880.0,-640.5,-368.0,1.0,-603.0,-334.0,1.0,837.8611111111111,672.3333333333334,1.0,913.5,983.5,1.0,-16.79,16.700000000000003
227881.0,-633.0,-245.0,1.0,-596.5,-308.5,1.0,837.2222222222222,685.6666666666667,1.0,923.0,1152.0,1.0,-17.14,17.05
227882.0,-630.0,-173.0,1.0,-590.0,-283.0,1.0,836.5833333333334,699.0,1.0,920.5,1152.0,1.0,-23.2,23.2
227883.0,-627.0,-101.0,1.0,-582.5,-220.5,1.0,835.9444444444445,712.3333333333334,1.0,918.0,1152.0,1.0,-18.37,18.37
227884.0,-621.5,-101.0,1.0,-575.0,-158.0,1.0,835.3055555555555,725.6666666666667,1.0,910.5,1171.0,1.0,-19.205,19.16
227885.0,-616.0,-101.0,1.0,-570.0,-111.0,1.0,834.6666666666666,739.0,1.0,903.0,1190.0,1.0,-20.04,19.95
227886.0,-608.5,-51.0,1.0,-565.0,-64.0,1.0,834.0277777777778,752.3333333333334,1.0,906.0,1179.0,1.0,-21.5125,21.445
227887.0,-601.0,-1.0,1.0,-564.5,-64.0,1.0,833.3888888888889,765.6666666666667,1.0,909.0,1168.0,1.0,-22.985,22.94
227888.0,-592.5,-62.0,1.0,-564.0,-64.0,1.0,832.75,779.0,1.0,900.0,1141.5,1.0,-22.7875,22.765
227889.0,-584.0,-123.0,1.0,-562.5,-83.5,1.0,832.1111111111111,792.3333333333334,1.0,891.0,1115.0,1.0,-22.59,22.59
227890.0,-585.5,-101.5,1.0,-561.0,-103.0,1.0,831.4722222222222,805.6666666666667,1.0,893.0,1166.5,1.0,-23.115000000000002,23.07
227891.0,-587.0,-80.0,1.0,-548.0,-167.5,1.0,830.8333333333334,819.0,1.0,895.0,1218.0,1.0,-23.64,23.55
227892.0,-583.3333333333334,-78.66666666666667,1.0,-535.0,-232.0,1.0,830.1944444444445,832.3333333333334,1.0,890.5,1140.0,1.0,-25.0,25.0
227893.0,-579.6666666666666,-77.33333333333333,1.0,-532.0,-319.0,1.0,829.5555555555555,845.6666666666667,1.0,886.0,1062.0,1.0,-23.99,23.99
227894.0,-576.0,-76.0,1.0,-529.0,-406.0,1.0,828.9166666666666,859.0,1.0,889.0,1147.5,1.0,-24.17,24.17
227895.0,-572.0,-129.0,1.0,-527.5,-377.5,1.0,828.2777777777778,872.3333333333334,1.0,892.0,1233.0,1.0,-24.35,24.35
227896.0,-568.0,-182.0,1.0,-526.0,-349.0,1.0,827.6388888888889,885.6666666666667,1.0,888.5,1340.0,1.0,-24.625,24.625
227897.0,-561.5,-147.5,1.0,-524.0,-363.5,1.0,827.0,899.0,1.0,885.0,1447.0,1.0,-24.9,24.9
227898.0,-555.0,-113.0,1.0,-522.0,-378.0,1.0,833.7,901.5,1.0,885.0,1273.0,1.0,-24.799999999999997,24.845
227899.0,-555.5,-184.5,1.0,-532.5,-387.5,1.0,840.4,904.0,1.0,885.0,1099.0,1.0,-24.7,24.79
227900.0,-556.0,-256.0,1.0,-543.0,-397.0,1.0,847.1,906.5,1.0,881.0,1286.5,1.0,-24.7,24.79
227901.0,-551.25,-260.25,1.0,-552.5,-397.5,1.0,853.8,909.0,1.0,877.0,1474.0,1.0,-24.7,24.79
227902.0,-546.5,-264.5,1.0,-562.0,-398.0,1.0,860.5,911.5,1.0,869.5,1342.0,1.0,-24.7,24.79
227903.0,-541.75,-268.75,1.0,-561.0,-415.5,1.0,867.2,914.0,1.0,862.0,1210.0,1.0,-24.7,24.79
227904.0,-537.0,-273.0,1.0,-560.0,-433.0,1.0,873.9,916.5,1.0,861.5,1156.5,1.0,-24.7,24.79
227905.0,-523.0,-287.0,1.0,-550.5,-379.5,1.0,880.6,919.0,1.0,861.0,1103.0,1.0,-24.7,24.79
227906.0,-509.0,-301.0,1.0,-541.0,-326.0,1.0,887.3,921.5,1.0,880.0,1066.5,1.0,-24.7,24.79
227907.0,-503.0,-227.5,1.0,-552.0,-324.5,1.0,894.0,924.0,1.0,899.0,1030.0,1.0,-24.7,24.79
227908.0,-497.0,-154.0,1.0,-563.0,-323.0,1.0,898.25,927.4375,1.0,899.5,984.5,1.0,-24.744999999999997,24.79
227909.0,-495.0,-300.5,1.0,-564.0,-321.3333333333333,1.0,902.5,930.875,1.0,900.0,939.0,1.0,-24.79,24.79
227910.0,-493.0,-447.0,1.0,-565.0,-319.6666666666667,1.0,906.75,934.3125,1.0,899.0,970.3333333333334,1.0,-24.83,24.79
227911.0,-491.0,-407.0,1.0,-566.0,-318.0,1.0,911.0,937.75,1.0,898.0,1001.6666666666666,1.0,-24.87,24.79
227912.0,-489.0,-367.0,1.0,-559.5,-233.0,1.0,915.25,941.1875,1.0,897.0,1033.0,1.0,-24.87,24.83
227913.0,-491.0,-283.0,1.0,-553.0,-148.0,1.0,919.5,944.625,1.0,905.0,1060.0,1.0,-24.87,24.87
227914.0,-493.0,-199.0,1.0,-552.5,-168.0,1.0,923.75,948.0625,1.0,913.0,1087.0,1.0,-24.87,24.87
227915.0,-500.0,-276.5,1.0,-552.0,-188.0,1.0,928.0,951.5,1.0,921.5,1122.5,1.0,-24.87,24.87
227916.0,-507.0,-354.0,1.0,-564.0,-214.5,1.0,932.25,954.9375,1.0,930.0,1158.0,1.0,-25.9375,25.9375
227917.0,-506.0,-295.0,1.0,-576.0,-241.0,1.0,936.5,958.375,1.0,932.0,1178.5,1.0,-27.005000000000003,27.005000000000003
227918.0,-505.0,-236.0,1.0,-572.0,-258.5,1.0,940.75,961.8125,1.0,934.0,1199.0,1.0,-25.9375,25.9375
227919.0,-505.0,-117.0,1.0,-568.0,-276.0,1.0,945.0,965.25,1.0,934.5,1087.5,1.0,-24.87,24.87
227920.0,-505.0,2.0,1.0,-558.5,-193.0,1.0,949.25,968.6875,1.0,935.0,976.0,1.0,-25.18,25.225
227921.0,-511.0,-93.0,1.0,-549.0,-110.0,1.0,953.5,972.125,1.0,936.0,1015.5,1.0,-25.49,25.58
227922.0,-517.0,-188.0,1.0,-547.0,-90.0,1.0,957.75,975.5625,1.0,937.0,1055.0,1.0,-30.36,30.36
227923.0,-513.0,-135.5,1.0,-545.0,-70.0,1.0,962.0,979.0,1.0,939.0,1056.0,1.0,-26.81,26.81
227924.0,-509.0,-83.0,1.0,-554.5,-168.0,1.0,968.5,1067.0,1.0,941.0,1057.0,1.0,-27.6,27.555
227925.0,-508.0,-77.5,1.0,-564.0,-266.0,1.0,975.0,1155.0,1.0,954.0,1146.0,1.0,-28.39,28.3
227926.0,-507.0,-72.0,1.0,-560.0,-246.5,1.0,976.2727272727273,1183.2727272727273,1.0,967.0,1235.0,1.0,-29.192500000000003,29.125
227927.0,-501.6666666666667,-85.0,1.0,-556.0,-227.0,1.0,977.5454545454545,1211.5454545454545,1.0,977.0,1319.0,1.0,-29.995,29.950000000000003
227928.0,-496.3333333333333,-98.0,1.0,-551.5,-150.5,1.0,978.8181818181819,1239.8181818181818,1.0,987.0,1403.0,1.0,-29.9825,29.96
227929.0,-491.0,-111.0,1.0,-547.0,-74.0,1.0,980.0909090909091,1268.090909090909,1.0,986.0,1383.5,1.0,-29.97,29.97
227930.0,-490.0,-183.0,1.0,-557.0,-83.5,1.0,981.3636363636364,1296.3636363636365,1.0,985.0,1364.0,1.0,-30.06,30.1
227931.0,-489.0,-255.0,1.0,-567.0,-93.0,1.0,982.6363636363636,1324.6363636363635,1.0,970.5,1398.5,1.0,-30.15,30.23
227932.0,-490.5,-291.5,1.0,-574.0,-223.5,1.0,983.9090909090909,1352.909090909091,1.0,956.0,1433.0,1.0,-30.15,30.23
227933.0,-492.0,-328.0,1.0,-581.0,-354.0,1.0,985.1818181818181,1381.1818181818182,1.0,960.5,1503.5,1.0,-30.15,30.23
227934.0,-488.5,-336.5,1.0,-575.0,-420.5,1.0,986.4545454545455,1409.4545454545455,1.0,965.0,1574.0,1.0,-30.15,30.275
227935.0,-485.0,-345.0,1.0,-569.0,-487.0,1.0,987.7272727272727,1437.7272727272727,1.0,958.5,1517.0,1.0,-30.15,30.32
227936.0,-479.5,-288.5,1.0,-554.5,-492.5,1.0,989.0,1466.0,1.0,952.0,1460.0,1.0,-30.15,30.32
227937.0,-474.0,-232.0,1.0,-540.0,-498.0,1.0,981.2,1456.0,1.0,947.0,1444.5,1.0,-30.15,30.32
227938.0,-468.5,-209.0,1.0,-540.5,-429.0,1.0,973.4,1446.0,1.0,942.0,1429.0,1.0,-30.15,30.32
227939.0,-463.0,-186.0,1.0,-541.0,-360.0,1.0,965.6,1436.0,1.0,936.5,1521.5,1.0,-30.15,30.32
227940.0,-464.5,-234.5,1.0,-542.5,-408.5,1.0,957.8,1426.0,1.0,931.0,1614.0,1.0,-30.15,30.32
227941.0,-466.0,-283.0,1.0,-544.0,-457.0,1.0,950.0,1416.0,1.0,932.5,1601.5,1.0,-30.15,30.32
227942.0,-463.0,-187.5,1.0,-536.6666666666666,-403.0,1.0,942.2,1406.0,1.0,934.0,1589.0,1.0,-30.15,30.32
227943.0,-460.0,-92.0,1.0,-529.3333333333334,-349.0,1.0,934.4,1396.0,1.0,920.6666666666666,1433.3333333333333,1.0,-30.15,30.32
227944.0,-462.5,-139.0,1.0,-522.0,-295.0,1.0,926.6,1386.0,1.0,907.3333333333334,1277.6666666666667,1.0,-30.15,30.32
227945.0,-465.0,-186.0,1.0,-517.0,-184.0,1.0,918.8,1376.0,1.0,894.0,1122.0,1.0,-30.15,30.32
227946.0,-463.0,-145.5,1.0,-512.0,-73.0,1.0,911.0,1366.0,1.0,887.0,1191.5,1.0,-30.15,30.32
227947.0,-461.0,-105.0,1.0,-507.5,-53.5,1.0,907.5,1440.0,1.0,880.0,1261.0,1.0,-30.15,30.32
227948.0,-463.5,-154.5,1.0,-503.0,-34.0,1.0,904.0,1514.0,1.0,875.0,1321.5,1.0,-30.189999999999998,30.32
227949.0,-466.0,-204.0,1.0,-508.0,-47.0,1.0,901.5,1493.625,1.0,870.0,1382.0,1.0,-30.23,30.32
227950.0,-466.0,-211.5,1.0,-513.0,-60.0,1.0,899.0,1473.25,1.0,872.5,1555.0,1.0,-30.23,30.32
227951.0,-466.0,-219.0,1.0,-513.0,-69.0,1.0,896.5,1452.875,1.0,875.0,1728.0,1.0,-30.23,30.32
227952.0,-470.0,-176.0,1.0,-513.0,-78.0,1.0,894.0,1432.5,1.0,879.0,1691.0,1.0,-30.189999999999998,30.32
227953.0,-474.0,-133.0,1.0,-520.0,-144.0,1.0,891.5,1412.125,1.0,883.0,1654.0,1.0,-30.15,30.32
227954.0,-481.5,-289.0,1.0,-527.0,-210.0,1.0,889.0,1391.75,1.0,884.0,1755.0,1.0,-30.15,30.32
227955.0,-489.0,-445.0,1.0,-524.5,-203.0,1.0,886.5,1371.375,1.0,885.0,1856.0,1.0,-30.15,30.32
227956.0,-484.0,-346.0,1.0,-522.0,-196.0,1.0,884.0,1351.0,1.0,872.5,1678.5,1.0,-24.805,24.9325
227957.0,-479.0,-247.0,1.0,-523.5,-150.5,1.0,883.741935483871,1329.7096774193549,1.0,860.0,1501.0,1.0,-19.46,19.545
227958.0,-485.3333333333333,-524.3333333333333,1.0,-525.0,-105.0,1.0,883.483870967742,1308.4193548387098,1.0,862.5,1437.0,1.0,-24.805,24.9325
227959.0,-491.6666666666667,-801.6666666666666,1.0,-533.5,-557.0,1.0,883.2258064516129,1287.1290322580646,1.0,865.0,1373.0,1.0,-30.15,30.32
227960.0,-498.0,-1079.0,1.0,-542.0,-1009.0,1.0,882.9677419354839,1265.8387096774193,1.0,854.0,1087.5,1.0,-30.104999999999997,30.235
227961.0,-500.5,-992.0,1.0,-541.0,-864.0,1.0,882.7096774193549,1244.5483870967741,1.0,843.0,802.0,1.0,-30.06,30.15
227962.0,-503.0,-905.0,1.0,-540.0,-719.0,1.0,882.4516129032259,1223.258064516129,1.0,835.0,755.0,1.0,-1.25,1.25
227963.0,-506.0,-908.5,1.0,-543.0,-873.5,1.0,882.1935483870968,1201.967741935484,1.0,827.0,708.0,1.0,-28.92,28.74
227964.0,-509.0,-912.0,1.0,-546.0,-1028.0,1.0,881.9354838709677,1180.6774193548388,1.0,825.0,635.5,1.0,-27.865000000000002,27.775
227965.0,-512.0,-915.5,1.0,-551.5,-1063.0,1.0,881.6774193548387,1159.3870967741937,1.0,823.0,563.0,1.0,-26.81,26.81
227966.0,-515.0,-919.0,1.0,-557.0,-1098.0,1.0,881.4193548387096,1138.0967741935483,1.0,819.0,488.0,1.0,-19.490000000000002,19.490000000000002
227967.0,-526.5,-1114.0,1.0,-566.5,-1094.5,1.0,881.1612903225806,1116.8064516129032,1.0,815.0,413.0,1.0,-12.170000000000002,12.170000000000002
227968.0,-538.0,-1309.0,1.0,-576.0,-1091.0,1.0,880.9032258064516,1095.516129032258,1.0,817.5,419.0,1.0,-16.455,16.5
227969.0,-536.5,-1113.5,1.0,-575.5,-1065.0,1.0,880.6451612903226,1074.225806451613,1.0,820.0,425.0,1.0,-20.74,20.83
227970.0,-535.0,-918.0,1.0,-575.0,-1039.0,1.0,880.3870967741935,1052.9354838709678,1.0,823.5,460.0,1.0,-18.72,18.81
227971.0,-542.5,-1063.0,1.0,-579.0,-966.5,1.0,880.1290322580645,1031.6451612903227,1.0,827.0,495.0,1.0,-16.7,16.79
227972.0,-550.0,-1208.0,1.0,-583.0,-894.0,1.0,879.8709677419355,1010.3548387096774,1.0,835.0,480.5,1.0,-0.1,0.1
227973.0,-560.0,-982.0,1.0,-592.3333333333334,-929.0,1.0,879.6129032258065,989.0645161290322,1.0,843.0,466.0,1.0,-12.48,12.57
227974.0,-570.0,-756.0,1.0,-601.6666666666666,-964.0,1.0,879.3548387096774,967.7741935483871,1.0,848.6666666666666,483.3333333333333,1.0,-10.59,10.68
227975.0,-592.5,-869.5,1.0,-611.0,-999.0,1.0,879.0967741935484,946.483870967742,1.0,854.3333333333334,500.6666666666667,1.0,-8.7,8.79
227976.0,-615.0,-983.0,1.0,-626.0,-954.5,1.0,878.8387096774194,925.1935483870968,1.0,860.0,518.0,1.0,-6.4075,6.475
227977.0,-634.5,-797.0,1.0,-641.0,-910.0,1.0,878.5806451612904,903.9032258064517,1.0,866.0,463.5,1.0,-4.115,4.16
227978.0,-654.0,-611.0,1.0,-659.0,-823.5,1.0,878.3225806451613,882.6129032258065,1.0,872.0,409.0,1.0,-3.6825,3.705
227979.0,-671.0,-554.5,1.0,-677.0,-737.0,1.0,878.0645161290323,861.3225806451613,1.0,867.5,388.0,1.0,-3.25,3.25
227980.0,-688.0,-498.0,1.0,-690.0,-629.0,1.0,877.8064516129032,840.0322580645161,1.0,863.0,367.0,1.0,-2.415,2.37
227981.0,-711.5,-465.0,1.0,-703.0,-521.0,1.0,877.5483870967741,818.741935483871,1.0,861.5,475.0,1.0,-1.58,1.49
227982.0,-735.0,-432.0,1.0,-723.0,-617.0,1.0,877.2903225806451,797.4516129032259,1.0,860.0,583.0,1.0,-1.98,1.98
227983.0,-749.0,-446.0,1.0,-743.0,-713.0,1.0,877.0322580645161,776.1612903225807,1.0,864.0,534.0,1.0,-0.62,0.53
227984.0,-763.0,-460.0,1.0,-753.0,-533.5,1.0,876.7741935483871,754.8709677419355,1.0,868.0,485.0,1.0,-0.53,0.44
227985.0,-777.0,-356.5,1.0,-763.0,-354.0,1.0,876.516129032258,733.5806451612904,1.0,865.0,594.5,1.0,-0.44,0.35
227986.0,-791.0,-253.0,1.0,-773.0,-345.5,1.0,876.258064516129,712.2903225806452,1.0,862.0,704.0,1.0,-0.7675000000000001,0.7224999999999999
227987.0,-794.0,-326.0,1.0,-783.0,-337.0,1.0,876.0,691.0,1.0,861.0,658.5,1.0,-1.095,1.095
227988.0,-797.0,-399.0,1.0,-777.0,-347.5,1.0,871.8,646.8,1.0,860.0,613.0,1.0,-1.2525,1.2525
227989.0,-794.5,-451.5,1.0,-771.0,-358.0,1.0,867.6,602.6,1.0,859.0,520.5,1.0,-1.41,1.41
227990.0,-792.0,-504.0,1.0,-764.5,-312.5,1.0,863.4,558.4,1.0,858.0,428.0,1.0,-1.495,1.45
227991.0,-794.6666666666666,-466.0,1.0,-758.0,-267.0,1.0,859.2,514.2,1.0,855.0,612.0,1.0,-1.58,1.49
227992.0,-797.3333333333334,-428.0,1.0,-772.0,-382.0,1.0,855.0,470.0,1.0,852.0,796.0,1.0,-7.08,7.08
227993.0,-800.0,-390.0,1.0,-786.0,-497.0,1.0,852.5,529.5,1.0,852.0,628.0,1.0,-1.58,1.49
227994.0,-797.0,-338.5,1.0,-778.5,-368.5,1.0,850.0,589.0,1.0,852.0,460.0,1.0,-1.625,1.5350000000000001
227995.0,-794.0,-287.0,1.0,-771.0,-240.0,1.0,850.5,581.25,1.0,858.5,637.0,1.0,-1.67,1.58
227996.0,-791.0,-286.0,1.0,-772.5,-200.5,1.0,851.0,573.5,1.0,865.0,814.0,1.0,-4.705,4.6375
227997.0,-788.0,-285.0,1.0,-774.0,-161.0,1.0,851.5,565.75,1.0,855.0,695.5,1.0,-7.74,7.695
227998.0,-788.0,-353.5,1.0,-772.0,-247.0,1.0,852.0,558.0,1.0,845.0,577.0,1.0,-5.9350000000000005,5.8675
227999.0,-788.0,-422.0,1.0,-770.0,-333.0,1.0,857.0,655.5,1.0,846.5,676.0,1.0,-4.13,4.04
228000.0,-778.5,-269.5,1.0,-759.5,-194.0,1.0,862.0,753.0,1.0,848.0,775.0,1.0,-5.275,5.1850000000000005
228001.0,-769.0,-117.0,1.0,-749.0,-55.0,1.0,863.3157894736842,772.578947368421,1.0,844.5,785.0,1.0,-6.42,6.33
228002.0,-757.5,-168.5,1.0,-742.5,-194.5,1.0,864.6315789473684,792.1578947368421,1.0,841.0,795.0,1.0,-18.54,18.54
228003.0,-746.0,-220.0,1.0,-736.0,-334.0,1.0,865.9473684210526,811.7368421052631,1.0,851.0,877.0,1.0,-8.96,8.79
228004.0,-729.5,-247.0,1.0,-728.0,-362.0,1.0,867.2631578947369,831.3157894736842,1.0,861.0,959.0,1.0,-10.06,9.93
228005.0,-713.0,-274.0,1.0,-720.0,-390.0,1.0,868.578947368421,850.8947368421052,1.0,868.5,880.0,1.0,-11.16,11.07
228006.0,-694.5,-218.5,1.0,-701.5,-471.0,1.0,869.8947368421053,870.4736842105262,1.0,876.0,801.0,1.0,-13.8575,13.7675
228007.0,-676.0,-163.0,1.0,-683.0,-552.0,1.0,871.2105263157895,890.0526315789474,1.0,886.5,788.0,1.0,-16.555,16.465
228009.0,-644.0,-277.0,1.0,-660.5,-426.0,1.0,872.5263157894736,909.6315789473684,1.0,897.0,775.0,1.0,-15.91,15.82
228010.0,-634.5,-229.0,1.0,-638.0,-300.0,1.0,873.8421052631579,929.2105263157895,1.0,906.0,856.0,1.0,-16.744999999999997,16.655
228011.0,-625.0,-181.0,1.0,-621.5,-368.0,1.0,875.1578947368421,948.7894736842105,1.0,915.0,937.0,1.0,-17.58,17.49
228012.0,-622.5,-244.5,1.0,-605.0,-436.0,1.0,876.4736842105264,968.3684210526316,1.0,918.0,1029.0,1.0,-19.42,19.42
228013.0,-620.0,-308.0,1.0,-594.5,-396.0,1.0,877.7894736842105,987.9473684210526,1.0,921.0,1121.0,1.0,-18.54,18.54
228014.0,-610.5,-321.5,1.0,-584.0,-356.0,1.0,879.1052631578948,1007.5263157894736,1.0,926.0,1064.5,1.0,-18.72,18.759999999999998
228015.0,-601.0,-335.0,1.0,-577.0,-521.0,1.0,880.421052631579,1027.1052631578948,1.0,931.0,1008.0,1.0,-18.9,18.98
228016.0,-598.0,-359.5,1.0,-570.0,-686.0,1.0,881.7368421052631,1046.6842105263158,1.0,938.0,997.0,1.0,-19.0975,19.16
228017.0,-595.0,-384.0,1.0,-552.5,-619.5,1.0,883.0526315789474,1066.2631578947369,1.0,945.0,986.0,1.0,-19.295,19.34
228018.0,-594.5,-318.5,1.0,-535.0,-553.0,1.0,884.3684210526316,1085.842105263158,1.0,937.5,1062.0,1.0,-19.1825,19.25
228019.0,-594.0,-253.0,1.0,-535.0,-371.5,1.0,885.6842105263158,1105.421052631579,1.0,930.0,1138.0,1.0,-19.07,19.16
228020.0,-602.5,-332.0,1.0,-535.0,-190.0,1.0,887.0,1125.0,1.0,926.0,1082.0,1.0,-19.07,19.205
228021.0,-611.0,-411.0,1.0,-549.5,-231.5,1.0,883.8260869565217,1119.9565217391305,1.0,922.0,1026.0,1.0,-19.07,19.25
228022.0,-603.5,-328.5,1.0,-564.0,-273.0,1.0,880.6521739130435,1114.9130434782608,1.0,914.0,1098.5,1.0,-19.63,19.63
228023.0,-596.0,-246.0,1.0,-580.0,-329.5,1.0,877.4782608695652,1109.8695652173913,1.0,906.0,1171.0,1.0,-19.16,19.34
228024.0,-597.3333333333334,-308.6666666666667,1.0,-596.0,-386.0,1.0,874.304347826087,1104.8260869565217,1.0,890.0,1092.0,1.0,-19.16,19.34
228025.0,-598.6666666666666,-371.3333333333333,1.0,-587.0,-332.5,1.0,871.1304347826087,1099.7826086956522,1.0,874.0,1013.0,1.0,-19.16,19.34
228026.0,-600.0,-434.0,1.0,-578.0,-279.0,1.0,867.9565217391305,1094.7391304347825,1.0,876.0,1024.0,1.0,-19.73,19.8425
228027.0,-593.0,-270.5,1.0,-569.0,-298.5,1.0,864.7826086956521,1089.695652173913,1.0,878.0,1035.0,1.0,-20.3,20.345
228028.0,-586.0,-107.0,1.0,-560.0,-318.0,1.0,861.6086956521739,1084.6521739130435,1.0,879.5,1124.5,1.0,-19.86,19.8425
228029.0,-588.0,-152.5,1.0,-561.5,-241.0,1.0,858.4347826086956,1079.608695652174,1.0,881.0,1214.0,1.0,-19.42,19.34
228030.0,-590.0,-198.0,1.0,-563.0,-164.0,1.0,855.2608695652174,1074.5652173913043,1.0,885.5,1137.5,1.0,-19.685000000000002,19.645
228031.0,-589.0,-219.5,1.0,-569.0,-210.5,1.0,852.0869565217391,1069.5217391304348,1.0,890.0,1061.0,1.0,-19.95,19.95
228032.0,-588.0,-241.0,1.0,-575.0,-257.0,1.0,848.9130434782609,1064.4782608695652,1.0,880.5,1123.0,1.0,-22.44,22.44
228033.0,-587.5,-224.5,1.0,-569.5,-361.5,1.0,845.7391304347826,1059.4347826086957,1.0,871.0,1185.0,1.0,-20.74,20.74
228034.0,-587.0,-208.0,1.0,-564.0,-466.0,1.0,842.5652173913044,1054.391304347826,1.0,864.5,1129.5,1.0,-21.005,21.005
228035.0,-582.0,-210.5,1.0,-546.0,-435.5,1.0,839.3913043478261,1049.3478260869565,1.0,858.0,1074.0,1.0,-21.27,21.27
228036.0,-577.0,-213.0,1.0,-528.0,-405.0,1.0,836.2173913043479,1044.304347826087,1.0,862.0,1162.0,1.0,-21.82,21.82
228037.0,-572.0,-215.5,1.0,-523.0,-429.5,1.0,833.0434782608696,1039.2608695652175,1.0,866.0,1250.0,1.0,-22.37,22.37
228038.0,-567.0,-218.0,1.0,-518.0,-454.0,1.0,829.8695652173913,1034.2173913043478,1.0,858.0,1197.0,1.0,-22.215,22.259999999999998
228039.0,-561.5,-289.0,1.0,-514.6666666666666,-482.0,1.0,826.695652173913,1029.1739130434783,1.0,850.0,1144.0,1.0,-22.06,22.15
228040.0,-556.0,-360.0,1.0,-511.3333333333333,-510.0,1.0,823.5217391304348,1024.1304347826087,1.0,853.3333333333334,1128.3333333333333,1.0,-22.235,22.325
228041.0,-554.5,-241.0,1.0,-508.0,-538.0,1.0,820.3478260869565,1019.0869565217391,1.0,856.6666666666666,1112.6666666666667,1.0,-22.41,22.5
228042.0,-553.0,-122.0,1.0,-504.0,-463.5,1.0,817.1739130434783,1014.0434782608695,1.0,860.0,1097.0,1.0,-23.61,23.61
228043.0,-546.5,-259.0,1.0,-500.0,-389.0,1.0,814.0,1009.0,1.0,859.5,1248.0,1.0,-22.5,22.5
228044.0,-540.0,-396.0,1.0,-512.0,-343.5,1.0,816.0434782608696,1013.9565217391304,1.0,859.0,1399.0,1.0,-22.630000000000003,22.630000000000003
228045.0,-533.5,-292.5,1.0,-524.0,-298.0,1.0,818.0869565217391,1018.9130434782609,1.0,846.5,1381.5,1.0,-22.76,22.76
228046.0,-527.0,-189.0,1.0,-533.0,-326.5,1.0,820.1304347826087,1023.8695652173913,1.0,834.0,1364.0,1.0,-23.285,23.265
228047.0,-523.5,-278.0,1.0,-542.0,-355.0,1.0,822.1739130434783,1028.8260869565217,1.0,827.5,1178.5,1.0,-23.81,23.770000000000003
228048.0,-520.0,-367.0,1.0,-535.0,-330.0,1.0,824.2173913043479,1033.7826086956522,1.0,821.0,993.0,1.0,-23.549999999999997,23.575000000000003
228049.0,-509.5,-343.5,1.0,-528.0,-305.0,1.0,826.2608695652174,1038.7391304347825,1.0,819.5,1095.0,1.0,-23.29,23.38
228050.0,-499.0,-320.0,1.0,-528.5,-418.0,1.0,828.304347826087,1043.695652173913,1.0,818.0,1197.0,1.0,-23.509999999999998,23.555
228051.0,-494.0,-369.0,1.0,-529.0,-531.0,1.0,830.3478260869565,1048.6521739130435,1.0,820.5,1174.5,1.0,-23.73,23.73
228052.0,-489.0,-418.0,1.0,-522.0,-292.0,1.0,832.3913043478261,1053.608695652174,1.0,823.0,1152.0,1.0,-24.63,24.63
228053.0,-486.0,-418.6666666666667,1.0,-515.0,-53.0,1.0,834.4347826086956,1058.5652173913043,1.0,832.5,1305.0,1.0,-24.08,24.08
228054.0,-483.0,-419.3333333333333,1.0,-518.0,-178.0,1.0,836.4782608695652,1063.5217391304348,1.0,842.0,1458.0,1.0,-24.17,24.17
228055.0,-480.0,-420.0,1.0,-521.0,-303.0,1.0,838.5217391304348,1068.4782608695652,1.0,854.0,1477.0,1.0,-24.26,24.26
228056.0,-473.5,-385.0,1.0,-526.0,-361.5,1.0,840.5652173913044,1073.4347826086957,1.0,866.0,1496.0,1.0,-24.305,24.345
228057.0,-467.0,-350.0,1.0,-531.0,-420.0,1.0,842.6086956521739,1078.391304347826,1.0,869.0,1470.0,1.0,-24.35,24.43
228058.0,-471.5,-349.5,1.0,-544.0,-327.0,1.0,844.6521739130435,1083.3478260869565,1.0,872.0,1444.0,1.0,-24.35,24.43
228059.0,-476.0,-349.0,1.0,-557.0,-234.0,1.0,846.695652173913,1088.304347826087,1.0,863.0,1314.5,1.0,-24.35,24.43
228060.0,-481.5,-334.0,1.0,-547.0,-283.5,1.0,848.7391304347826,1093.2608695652175,1.0,854.0,1185.0,1.0,-24.35,24.43
228061.0,-487.0,-319.0,1.0,-537.0,-333.0,1.0,850.7826086956521,1098.2173913043478,1.0,859.5,1314.5,1.0,-24.35,24.43
228062.0,-482.5,-385.0,1.0,-536.0,-329.0,1.0,852.8260869565217,1103.1739130434783,1.0,865.0,1444.0,1.0,-24.35,24.475
228063.0,-478.0,-451.0,1.0,-535.0,-325.0,1.0,854.8695652173913,1108.1304347826087,1.0,866.5,1491.5,1.0,-24.35,24.52
228064.0,-478.0,-388.5,1.0,-539.5,-390.5,1.0,856.9130434782609,1113.086956521739,1.0,868.0,1539.0,1.0,-24.35,24.52
228065.0,-478.0,-326.0,1.0,-544.0,-456.0,1.0,858.9565217391305,1118.0434782608695,1.0,867.5,1482.0,1.0,-24.35,24.52
228066.0,-480.5,-494.0,1.0,-546.5,-477.0,1.0,861.0,1123.0,1.0,867.0,1425.0,1.0,-24.35,24.52
228067.0,-483.0,-662.0,1.0,-549.0,-498.0,1.0,856.8,1140.5,1.0,857.0,1440.0,1.0,-24.35,24.52
228068.0,-481.5,-499.0,1.0,-533.0,-484.5,1.0,852.6,1158.0,1.0,847.0,1455.0,1.0,-24.35,24.52
228069.0,-480.0,-336.0,1.0,-517.0,-471.0,1.0,848.4,1175.5,1.0,837.0,1337.5,1.0,-24.35,24.52
228070.0,-486.0,-435.5,1.0,-517.0,-487.3333333333333,1.0,844.2,1193.0,1.0,827.0,1220.0,1.0,-24.35,24.52
228071.0,-492.0,-535.0,1.0,-517.0,-503.6666666666667,1.0,840.0,1210.5,1.0,824.0,1248.6666666666667,1.0,-24.35,24.52
228072.0,-485.5,-376.0,1.0,-517.0,-520.0,1.0,835.8,1228.0,1.0,821.0,1277.3333333333333,1.0,-24.35,24.52
228073.0,-479.0,-217.0,1.0,-519.5,-510.0,1.0,831.6,1245.5,1.0,818.0,1306.0,1.0,-24.35,24.52
228074.0,-478.5,-339.5,1.0,-522.0,-500.0,1.0,827.4,1263.0,1.0,811.0,1256.5,1.0,-24.35,24.52
228075.0,-478.0,-462.0,1.0,-508.5,-425.0,1.0,823.2,1280.5,1.0,804.0,1207.0,1.0,-24.35,24.52
228076.0,-472.0,-396.0,1.0,-495.0,-350.0,1.0,819.0,1298.0,1.0,812.0,1222.0,1.0,-24.35,24.52
228077.0,-466.0,-330.0,1.0,-502.5,-403.5,1.0,819.5,1243.0,1.0,820.0,1237.0,1.0,-24.35,24.52
228078.0,-460.5,-491.0,1.0,-510.0,-457.0,1.0,820.0,1188.0,1.0,820.5,1229.5,1.0,-24.35,24.52
228079.0,-455.0,-652.0,1.0,-511.0,-583.5,1.0,825.0,1214.5,1.0,821.0,1222.0,1.0,-24.35,24.52
228080.0,-450.5,-525.5,1.0,-512.0,-710.0,1.0,830.0,1241.0,1.0,829.0,1296.5,1.0,-24.35,24.475
228081.0,-446.0,-399.0,1.0,-501.0,-517.0,1.0,835.0,1267.5,1.0,837.0,1371.0,1.0,-24.35,24.43
228082.0,-456.5,-506.5,1.0,-490.0,-324.0,1.0,840.0,1294.0,1.0,838.0,1343.0,1.0,-24.56,24.56
228083.0,-467.0,-614.0,1.0,-502.0,-436.0,1.0,837.5,1291.3333333333333,1.0,839.0,1315.0,1.0,-24.35,24.43
228084.0,-464.5,-462.0,1.0,-514.0,-548.0,1.0,835.0,1288.6666666666667,1.0,838.0,1234.5,1.0,-24.35,24.43
228085.0,-462.0,-310.0,1.0,-516.0,-479.0,1.0,832.5,1286.0,1.0,837.0,1154.0,1.0,-24.35,24.43
228086.0,-463.0,-406.0,1.0,-518.0,-410.0,1.0,830.0,1283.3333333333333,1.0,832.5,1225.5,1.0,-24.385,24.445
228087.0,-464.0,-502.0,1.0,-511.5,-380.5,1.0,827.5,1280.6666666666667,1.0,828.0,1297.0,1.0,-24.42,24.46
228088.0,-464.3333333333333,-445.0,1.0,-505.0,-351.0,1.0,825.0,1278.0,1.0,825.5,1346.0,1.0,-24.385,24.445
228089.0,-464.6666666666667,-388.0,1.0,-505.0,-291.5,1.0,829.3333333333334,1272.3333333333333,1.0,823.0,1395.0,1.0,-24.35,24.43
228090.0,-465.0,-331.0,1.0,-505.0,-232.0,1.0,833.6666666666666,1266.6666666666667,1.0,839.5,1362.5,1.0,-24.35,24.43
228091.0,-468.0,-460.5,1.0,-512.0,-177.0,1.0,838.0,1261.0,1.0,856.0,1330.0,1.0,-24.35,24.43
228092.0,-471.0,-590.0,1.0,-519.0,-122.0,1.0,840.3333333333334,1232.8333333333333,1.0,848.5,1375.0,1.0,-24.35,24.43
228093.0,-469.5,-507.5,1.0,-520.0,-252.5,1.0,842.6666666666666,1204.6666666666667,1.0,841.0,1420.0,1.0,-24.35,24.43
228094.0,-468.0,-425.0,1.0,-521.0,-383.0,1.0,845.0,1176.5,1.0,849.0,1324.5,1.0,-24.35,24.43
228095.0,-472.0,-420.5,1.0,-513.5,-347.0,1.0,847.3333333333334,1148.3333333333333,1.0,857.0,1229.0,1.0,-24.35,24.43
228096.0,-476.0,-416.0,1.0,-506.0,-311.0,1.0,849.6666666666666,1120.1666666666667,1.0,847.0,1296.5,1.0,-24.35,24.43
228097.0,-477.5,-357.0,1.0,-513.5,-287.0,1.0,852.0,1092.0,1.0,837.0,1364.0,1.0,-24.35,24.43
228098.0,-479.0,-298.0,1.0,-521.0,-263.0,1.0,848.5,1087.25,1.0,836.5,1408.5,1.0,-24.35,24.43
228099.0,-477.0,-428.0,1.0,-516.5,-342.0,1.0,845.0,1082.5,1.0,836.0,1453.0,1.0,-24.35,24.43
228100.0,-475.0,-558.0,1.0,-512.0,-421.0,1.0,841.5,1077.75,1.0,839.0,1422.0,1.0,-24.35,24.43
228101.0,-471.0,-425.0,1.0,-519.5,-309.0,1.0,838.0,1073.0,1.0,842.0,1391.0,1.0,-24.35,24.43
228102.0,-467.0,-292.0,1.0,-527.0,-197.0,1.0,837.0,1139.1666666666667,1.0,845.5,1459.5,1.0,-24.35,24.43
228103.0,-472.0,-404.0,1.0,-526.3333333333334,-253.0,1.0,836.0,1205.3333333333333,1.0,849.0,1528.0,1.0,-24.35,24.43
228104.0,-477.0,-516.0,1.0,-525.6666666666666,-309.0,1.0,835.0,1271.5,1.0,843.0,1393.3333333333333,1.0,-24.35,24.43
228105.0,-472.0,-467.0,1.0,-525.0,-365.0,1.0,834.0,1337.6666666666667,1.0,837.0,1258.6666666666667,1.0,-24.35,24.43
228106.0,-467.0,-418.0,1.0,-516.0,-339.0,1.0,833.0,1403.8333333333335,1.0,831.0,1124.0,1.0,-24.35,24.43
228107.0,-470.0,-474.5,1.0,-507.0,-313.0,1.0,832.0,1470.0,1.0,840.0,1264.5,1.0,-24.35,24.43
228108.0,-473.0,-531.0,1.0,-515.5,-343.5,1.0,835.25,1447.75,1.0,849.0,1405.0,1.0,-24.35,24.43
228109.0,-457.0,-567.5,1.0,-524.0,-374.0,1.0,838.5,1425.5,1.0,844.5,1184.5,1.0,-24.35,24.43
228110.0,-441.0,-604.0,1.0,-522.0,-386.5,1.0,841.75,1403.25,1.0,840.0,964.0,1.0,-24.35,24.43
228111.0,-440.5,-572.5,1.0,-520.0,-399.0,1.0,845.0,1381.0,1.0,841.0,958.0,1.0,-24.35,24.43
228112.0,-440.0,-541.0,1.0,-521.5,-405.5,1.0,848.25,1358.75,1.0,842.0,952.0,1.0,-17.32,17.32
228113.0,-446.5,-631.5,1.0,-523.0,-412.0,1.0,851.5,1336.5,1.0,843.0,1057.5,1.0,-24.35,24.43
228114.0,-453.0,-722.0,1.0,-529.0,-436.5,1.0,854.75,1314.25,1.0,844.0,1163.0,1.0,-24.35,24.43
228115.0,-455.5,-672.5,1.0,-535.0,-461.0,1.0,858.0,1292.0,1.0,853.0,1096.0,1.0,-24.35,24.43
228116.0,-458.0,-623.0,1.0,-551.5,-536.0,1.0,861.25,1269.75,1.0,862.0,1029.0,1.0,-22.025,22.02
228117.0,-468.0,-790.0,1.0,-568.0,-611.0,1.0,864.5,1247.5,1.0,866.0,1151.0,1.0,-19.7,19.61
228118.0,-478.0,-957.0,1.0,-574.5,-657.0,1.0,867.75,1225.25,1.0,870.0,1273.0,1.0,-20.924999999999997,20.835
228119.0,-475.5,-827.0,1.0,-581.0,-703.0,1.0,871.0,1203.0,1.0,862.5,1085.5,1.0,-22.15,22.06
228120.0,-473.0,-697.0,1.0,-572.0,-568.0,1.0,867.5882352941177,1183.4705882352941,1.0,855.0,898.0,1.0,-21.049999999999997,21.005
228121.0,-477.3333333333333,-684.3333333333334,1.0,-563.0,-433.0,1.0,864.1764705882352,1163.9411764705883,1.0,845.0,943.0,1.0,-19.95,19.95
228122.0,-481.6666666666667,-671.6666666666666,1.0,-560.5,-531.5,1.0,860.7647058823529,1144.4117647058824,1.0,835.0,988.0,1.0,-15.42,15.42
228123.0,-486.0,-659.0,1.0,-558.0,-630.0,1.0,857.3529411764706,1124.8823529411766,1.0,833.0,933.0,1.0,-17.93,17.93
228124.0,-499.5,-622.0,1.0,-564.5,-625.0,1.0,853.9411764705883,1105.3529411764705,1.0,831.0,878.0,1.0,-17.225,17.185000000000002
228125.0,-513.0,-585.0,1.0,-571.0,-620.0,1.0,850.5294117647059,1085.8235294117646,1.0,829.5,1009.5,1.0,-16.52,16.44
228126.0,-521.0,-579.5,1.0,-577.0,-681.5,1.0,847.1176470588235,1066.2941176470588,1.0,828.0,1141.0,1.0,-16.052500000000002,15.99
228127.0,-529.0,-574.0,1.0,-583.0,-743.0,1.0,843.7058823529412,1046.764705882353,1.0,826.0,993.0,1.0,-15.585,15.54
228128.0,-531.5,-486.5,1.0,-571.0,-682.5,1.0,840.2941176470588,1027.235294117647,1.0,824.0,845.0,1.0,-15.6125,15.59
228129.0,-534.0,-399.0,1.0,-559.0,-622.0,1.0,836.8823529411765,1007.7058823529412,1.0,821.5,907.0,1.0,-15.64,15.64
228130.0,-539.0,-434.5,1.0,-556.0,-541.5,1.0,833.4705882352941,988.1764705882352,1.0,819.0,969.0,1.0,-15.64,15.64
228131.0,-544.0,-470.0,1.0,-553.0,-461.0,1.0,830.0588235294117,968.6470588235294,1.0,822.5,926.0,1.0,-15.64,15.64
228132.0,-552.5,-466.5,1.0,-557.0,-538.0,1.0,826.6470588235294,949.1176470588235,1.0,826.0,883.0,1.0,-14.31,14.31
228133.0,-561.0,-463.0,1.0,-561.0,-615.0,1.0,823.2352941176471,929.5882352941176,1.0,823.0,860.5,1.0,-15.56,15.56
228134.0,-564.5,-457.0,1.0,-569.5,-645.0,1.0,819.8235294117648,910.0588235294117,1.0,820.0,838.0,1.0,-15.56,15.47
228135.0,-568.0,-451.0,1.0,-578.0,-675.0,1.0,816.4117647058823,890.5294117647059,1.0,814.0,811.0,1.0,-15.56,15.38
228136.0,-574.0,-543.0,1.0,-573.6666666666666,-638.3333333333334,1.0,813.0,871.0,1.0,808.0,784.0,1.0,-13.537500000000001,13.425
228137.0,-580.0,-635.0,1.0,-569.3333333333334,-601.6666666666666,1.0,812.6129032258065,870.3548387096774,1.0,809.0,840.6666666666666,1.0,-11.515,11.47
228138.0,-584.5,-575.5,1.0,-565.0,-565.0,1.0,812.2258064516129,869.7096774193549,1.0,810.0,897.3333333333334,1.0,-13.0075,12.940000000000001
228139.0,-589.0,-516.0,1.0,-561.5,-681.0,1.0,811.8387096774194,869.0645161290323,1.0,811.0,954.0,1.0,-14.5,14.41
228140.0,-596.0,-732.0,1.0,-558.0,-797.0,1.0,811.4516129032259,868.4193548387096,1.0,813.5,892.0,1.0,-14.235,14.15
228141.0,-603.0,-948.0,1.0,-561.5,-714.5,1.0,811.0645161290323,867.7741935483871,1.0,816.0,830.0,1.0,-13.97,13.89
228142.0,-606.0,-817.0,1.0,-565.0,-632.0,1.0,810.6774193548387,867.1290322580645,1.0,816.0,892.5,1.0,-5.73,5.73
228143.0,-609.0,-686.0,1.0,-573.5,-659.0,1.0,810.2903225806451,866.483870967742,1.0,816.0,955.0,1.0,-12.74,12.74
228144.0,-611.5,-857.5,1.0,-582.0,-686.0,1.0,809.9032258064516,865.8387096774194,1.0,823.0,836.0,1.0,-11.82,11.775
228145.0,-614.0,-1029.0,1.0,-584.0,-729.5,1.0,809.516129032258,865.1935483870968,1.0,830.0,717.0,1.0,-10.9,10.81
228146.0,-619.75,-978.0,1.0,-586.0,-773.0,1.0,809.1290322580645,864.5483870967741,1.0,830.0,800.0,1.0,-8.1725,8.1275
228147.0,-625.5,-927.0,1.0,-596.5,-727.5,1.0,808.741935483871,863.9032258064516,1.0,830.0,883.0,1.0,-5.444999999999999,5.444999999999999
228148.0,-631.25,-876.0,1.0,-607.0,-682.0,1.0,808.3548387096774,863.258064516129,1.0,824.0,692.5,1.0,-6.3275,6.2825
228149.0,-637.0,-825.0,1.0,-613.5,-760.0,1.0,807.9677419354839,862.6129032258065,1.0,818.0,502.0,1.0,-7.21,7.12
228150.0,-641.0,-671.0,1.0,-620.0,-838.0,1.0,807.5806451612904,861.9677419354839,1.0,818.0,568.0,1.0,-6.33,6.285
228151.0,-645.0,-517.0,1.0,-628.0,-828.0,1.0,807.1935483870968,861.3225806451613,1.0,818.0,634.0,1.0,-5.45,5.45
228152.0,-649.0,-363.0,1.0,-636.0,-818.0,1.0,806.8064516129032,860.6774193548387,1.0,809.5,533.5,1.0,0.66,-0.66
228153.0,-664.5,-566.0,1.0,-647.0,-790.5,1.0,806.4193548387096,860.0322580645161,1.0,801.0,433.0,1.0,-3.87,3.69
228154.0,-680.0,-769.0,1.0,-658.0,-763.0,1.0,806.0322580645161,859.3870967741935,1.0,807.0,524.0,1.0,-3.21,3.0300000000000002
228155.0,-690.5,-831.0,1.0,-668.0,-623.5,1.0,805.6451612903226,858.741935483871,1.0,813.0,615.0,1.0,-2.55,2.37
228156.0,-701.0,-893.0,1.0,-678.0,-484.0,1.0,805.258064516129,858.0967741935484,1.0,806.5,664.5,1.0,-1.2449999999999999,1.135
228157.0,-708.0,-861.0,1.0,-696.0,-669.0,1.0,804.8709677419355,857.4516129032259,1.0,800.0,714.0,1.0,0.0599999999999999,-0.0999999999999999
228158.0,-715.0,-829.0,1.0,-714.0,-854.0,1.0,804.483870967742,856.8064516129032,1.0,802.5,600.5,1.0,0.02999999999999995,-0.09499999999999995
228159.0,-721.0,-602.5,1.0,-727.0,-722.5,1.0,804.0967741935484,856.1612903225806,1.0,805.0,487.0,1.0,0.0,-0.09
228160.0,-727.0,-376.0,1.0,-740.0,-591.0,1.0,803.7096774193549,855.516129032258,1.0,806.5,623.0,1.0,0.31,-0.395
228161.0,-741.0,-594.0,1.0,-750.0,-598.0,1.0,803.3225806451613,854.8709677419355,1.0,808.0,759.0,1.0,0.62,-0.7
228162.0,-755.0,-812.0,1.0,-760.0,-605.0,1.0,802.9354838709677,854.2258064516129,1.0,806.5,709.5,1.0,1.24,-1.24
228163.0,-754.5,-646.5,1.0,-767.0,-646.0,1.0,802.5483870967741,853.5806451612904,1.0,805.0,660.0,1.0,0.88,-0.88
228164.0,-754.0,-481.0,1.0,-774.0,-687.0,1.0,802.1612903225806,852.9354838709678,1.0,801.0,563.6666666666666,1.0,0.88,-0.88
228165.0,-759.5,-563.5,1.0,-775.3333333333334,-739.6666666666666,1.0,801.7741935483871,852.2903225806451,1.0,797.0,467.33333333333337,1.0,0.88,-0.88
228166.0,-765.0,-646.0,1.0,-776.6666666666666,-792.3333333333334,1.0,801.3870967741935,851.6451612903226,1.0,793.0,371.0,1.0,0.915,-0.915
228167.0,-768.5,-759.5,1.0,-778.0,-845.0,1.0,801.0,851.0,1.0,793.0,441.5,1.0,0.95,-0.95
228168.0,-772.0,-873.0,1.0,-778.5,-821.5,1.0,801.5,624.5,1.0,793.0,512.0,1.0,0.915,-0.915
228169.0,-763.0,-612.0,1.0,-779.0,-798.0,1.0,802.0,398.0,1.0,797.0,656.5,1.0,0.88,-0.88
228170.0,-754.0,-351.0,1.0,-777.5,-841.5,1.0,798.5,393.5,1.0,801.0,801.0,1.0,0.88,-0.88
228171.0,-759.5,-608.0,1.0,-776.0,-885.0,1.0,795.0,389.0,1.0,789.5,532.5,1.0,0.88,-0.88
228172.0,-765.0,-865.0,1.0,-768.0,-777.5,1.0,791.0,432.5,1.0,778.0,264.0,1.0,-0.03,0.03
228173.0,-755.0,-631.0,1.0,-760.0,-670.0,1.0,787.0,476.0,1.0,784.0,555.5,1.0,0.88,-0.88
228174.0,-745.0,-397.0,1.0,-758.0,-712.25,1.0,783.5,487.5,1.0,790.0,847.0,1.0,0.88,-0.88
228175.0,-745.0,-421.0,1.0,-756.0,-754.5,1.0,780.0,499.0,1.0,781.0,692.5,1.0,0.88,-0.88
228176.0,-745.0,-445.0,1.0,-754.0,-796.75,1.0,778.2222222222222,531.5555555555555,1.0,772.0,538.0,1.0,-0.9774999999999999,0.9774999999999999
228177.0,-743.0,-539.0,1.0,-752.0,-839.0,1.0,776.4444444444445,564.1111111111111,1.0,776.0,573.5,1.0,-2.835,2.835
228178.0,-741.0,-633.0,1.0,-746.0,-715.0,1.0,774.6666666666666,596.6666666666666,1.0,780.0,609.0,1.0,-1.2875,1.2875
228179.0,-738.0,-492.0,1.0,-740.0,-591.0,1.0,772.8888888888889,629.2222222222222,1.0,781.0,799.5,1.0,0.26,-0.26
228180.0,-735.0,-351.0,1.0,-736.5,-538.5,1.0,771.1111111111111,661.7777777777778,1.0,782.0,990.0,1.0,0.0,-0.04000000000000001
228181.0,-730.6666666666666,-307.6666666666667,1.0,-733.0,-486.0,1.0,769.3333333333334,694.3333333333334,1.0,778.0,802.0,1.0,-0.26,0.18
228182.0,-726.3333333333334,-264.3333333333333,1.0,-721.0,-453.75,1.0,767.5555555555555,726.8888888888889,1.0,774.0,614.0,1.0,-4.7175,4.655
228183.0,-722.0,-221.0,1.0,-709.0,-421.5,1.0,765.7777777777778,759.4444444444445,1.0,779.5,858.0,1.0,-9.175,9.13
228184.0,-715.5,-162.0,1.0,-697.0,-389.25,1.0,764.0,792.0,1.0,785.0,1102.0,1.0,-6.2125,6.1450000000000005
228185.0,-709.0,-103.0,1.0,-685.0,-357.0,1.0,768.5833333333334,787.7916666666666,1.0,786.0,1096.0,1.0,-3.25,3.16
228186.0,-710.5,-284.0,1.0,-673.5,-316.5,1.0,773.1666666666666,783.5833333333334,1.0,787.0,1090.0,1.0,-4.525,4.390000000000001
228187.0,-712.0,-465.0,1.0,-662.0,-276.0,1.0,777.75,779.375,1.0,796.0,1048.5,1.0,-5.8,5.62
228188.0,-703.0,-358.5,1.0,-653.5,-196.0,1.0,782.3333333333334,775.1666666666666,1.0,805.0,1007.0,1.0,-15.09,15.09
228189.0,-694.0,-252.0,1.0,-645.0,-116.0,1.0,786.9166666666666,770.9583333333334,1.0,809.0,1079.5,1.0,-8.96,8.79
228190.0,-689.5,-240.0,1.0,-641.0,-378.5,1.0,791.5,766.75,1.0,813.0,1152.0,1.0,-10.370000000000001,10.195
228191.0,-685.0,-228.0,1.0,-637.0,-641.0,1.0,796.0833333333334,762.5416666666666,1.0,822.0,867.5,1.0,-11.78,11.6
228192.0,-685.0,-463.5,1.0,-633.0,-671.0,1.0,800.6666666666666,758.3333333333334,1.0,831.0,583.0,1.0,-9.942499999999999,9.8325
228193.0,-685.0,-699.0,1.0,-629.0,-701.0,1.0,805.25,754.125,1.0,842.0,723.0,1.0,-8.105,8.065000000000001
228194.0,-681.5,-834.0,1.0,-628.0,-780.5,1.0,809.8333333333334,749.9166666666666,1.0,853.0,863.0,1.0,-11.8325,11.767500000000002
228195.0,-678.0,-969.0,1.0,-627.0,-860.0,1.0,814.4166666666666,745.7083333333334,1.0,859.5,766.0,1.0,-15.56,15.47
228196.0,-667.0,-978.5,1.0,-626.6666666666666,-876.6666666666666,1.0,819.0,741.5,1.0,866.0,669.0,1.0,-15.955000000000002,15.865000000000002
228197.0,-656.0,-988.0,1.0,-626.3333333333334,-893.3333333333334,1.0,823.5833333333334,737.2916666666666,1.0,862.0,577.3333333333334,1.0,-16.35,16.26
228198.0,-648.5,-958.0,1.0,-626.0,-910.0,1.0,828.1666666666666,733.0833333333334,1.0,858.0,485.66666666666663,1.0,0.33,-0.33
228199.0,-641.0,-928.0,1.0,-623.5,-884.5,1.0,832.75,728.875,1.0,854.0,394.0,1.0,-16.44,16.44
228200.0,-633.0,-763.5,1.0,-621.0,-859.0,1.0,837.3333333333334,724.6666666666666,1.0,853.0,481.0,1.0,-16.259999999999998,16.22
228201.0,-625.0,-599.0,1.0,-615.5,-900.5,1.0,841.9166666666666,720.4583333333334,1.0,852.0,568.0,1.0,-16.08,16.0
228202.0,-629.0,-757.0,1.0,-610.0,-942.0,1.0,846.5,716.25,1.0,849.0,382.5,1.0,-11.184999999999999,11.1675
228203.0,-633.0,-915.0,1.0,-614.5,-861.5,1.0,851.0833333333334,712.0416666666666,1.0,846.0,197.0,1.0,-6.29,6.335
228204.0,-635.5,-875.5,1.0,-619.0,-781.0,1.0,855.6666666666666,707.8333333333334,1.0,852.0,419.0,1.0,-9.12,9.1875
228205.0,-638.0,-836.0,1.0,-629.5,-853.0,1.0,860.25,703.625,1.0,858.0,641.0,1.0,-11.95,12.04
228206.0,-642.5,-872.75,1.0,-640.0,-925.0,1.0,864.8333333333334,699.4166666666666,1.0,857.0,498.5,1.0,-10.415,10.545
228207.0,-647.0,-909.5,1.0,-655.0,-894.0,1.0,869.4166666666666,695.2083333333334,1.0,856.0,356.0,1.0,-8.88,9.05
228208.0,-651.5,-946.25,1.0,-670.0,-863.0,1.0,874.0,691.0,1.0,855.5,498.5,1.0,5.05,-5.05
228209.0,-656.0,-983.0,1.0,-682.5,-1017.5,1.0,865.4545454545455,661.1818181818181,1.0,855.0,641.0,1.0,-5.71,5.71
228210.0,-664.6666666666666,-991.0,1.0,-695.0,-1172.0,1.0,856.9090909090909,631.3636363636364,1.0,841.0,441.0,1.0,-4.085,4.13
228211.0,-673.3333333333334,-999.0,1.0,-701.5,-1020.0,1.0,848.3636363636364,601.5454545454545,1.0,827.0,241.0,1.0,-2.46,2.55
228212.0,-682.0,-1007.0,1.0,-708.0,-868.0,1.0,839.8181818181819,571.7272727272727,1.0,817.5,205.5,1.0,3.0100000000000007,-2.9425
228213.0,-689.5,-865.5,1.0,-725.0,-1074.0,1.0,831.2727272727273,541.9090909090909,1.0,808.0,170.0,1.0,8.48,-8.435
228214.0,-697.0,-724.0,1.0,-742.0,-1280.0,1.0,822.7272727272727,512.0909090909091,1.0,797.5,138.5,1.0,5.5600000000000005,-5.5375000000000005
228215.0,-716.0,-1064.5,1.0,-755.0,-1224.5,1.0,814.1818181818182,482.27272727272725,1.0,787.0,107.0,1.0,2.64,-2.64
228216.0,-735.0,-1405.0,1.0,-768.0,-1169.0,1.0,805.6363636363636,452.4545454545455,1.0,786.5,80.5,1.0,4.045,-4.0
228217.0,-739.5,-1212.5,1.0,-779.0,-1234.5,1.0,797.0909090909091,422.6363636363636,1.0,786.0,54.0,1.0,5.45,-5.36
228218.0,-744.0,-1020.0,1.0,-790.0,-1300.0,1.0,788.5454545454545,392.8181818181818,1.0,776.5,4.5,1.0,19.47,-19.47
228219.0,-756.5,-1004.5,1.0,-808.5,-1207.5,1.0,780.0,363.0,1.0,767.0,-45.0,1.0,8.61,-8.61
228220.0,-769.0,-989.0,1.0,-827.0,-1115.0,1.0,767.5,336.0,1.0,760.0,54.0,1.0,10.239999999999998,-10.239999999999998
228221.0,-784.0,-960.5,1.0,-837.5,-1060.0,1.0,755.0,309.0,1.0,753.0,153.0,1.0,11.87,-11.87
228222.0,-799.0,-932.0,1.0,-848.0,-1005.0,1.0,742.5,273.5,1.0,740.5,212.5,1.0,11.0975,-11.12
228223.0,-809.0,-853.0,1.0,-848.6666666666666,-919.0,1.0,730.0,238.0,1.0,728.0,272.0,1.0,10.325,-10.37
228224.0,-819.0,-774.0,1.0,-849.3333333333334,-833.0,1.0,716.75,250.75,1.0,716.3333333333334,257.0,1.0,13.5575,-13.620000000000001
228225.0,-827.0,-717.0,1.0,-850.0,-747.0,1.0,703.5,263.5,1.0,704.6666666666666,242.0,1.0,16.79,-16.87
228226.0,-835.0,-660.0,1.0,-846.5,-575.5,1.0,690.25,276.25,1.0,693.0,227.0,1.0,17.490000000000002,-17.62
228227.0,-830.5,-443.5,1.0,-843.0,-404.0,1.0,677.0,289.0,1.0,684.0,413.5,1.0,18.19,-18.37
228228.0,-826.0,-227.0,1.0,-833.5,-248.0,1.0,667.0,303.5,1.0,675.0,600.0,1.0,2.22,-2.22
228229.0,-822.0,-90.0,1.0,-824.0,-92.0,1.0,657.0,318.0,1.0,662.0,506.5,1.0,18.9,-19.16
228230.0,-818.0,47.0,1.0,-814.5,-32.0,1.0,642.0,328.0,1.0,649.0,413.0,1.0,18.9,-19.16
228231.0,-790.0,27.5,1.0,-805.0,28.0,1.0,627.0,338.0,1.0,630.0,347.0,1.0,18.9,-19.16
228232.0,-762.0,8.0,1.0,-775.5,9.0,1.0,604.4545454545455,352.72727272727275,1.0,611.0,281.0,1.0,14.565,-14.715
228233.0,-748.5,13.0,1.0,-746.0,-10.0,1.0,581.9090909090909,367.45454545454544,1.0,596.5,275.0,1.0,10.23,-10.27
228234.0,-735.0,18.0,1.0,-714.5,29.0,1.0,559.3636363636364,382.1818181818182,1.0,582.0,269.0,1.0,13.375,-13.485
228235.0,-711.3333333333334,40.33333333333333,1.0,-683.0,68.0,1.0,536.8181818181818,396.9090909090909,1.0,540.5,135.5,1.0,16.52,-16.7
228236.0,-687.6666666666666,62.666666666666664,1.0,-646.0,120.5,1.0,514.2727272727273,411.6363636363636,1.0,499.0,2.0,1.0,15.29,-15.555
228237.0,-664.0,85.0,1.0,-609.0,173.0,1.0,491.72727272727275,426.3636363636364,1.0,476.0,-60.5,1.0,14.06,-14.41
228238.0,-622.0,143.5,1.0,-569.5,213.5,1.0,469.1818181818182,441.0909090909091,1.0,453.0,-123.0,1.0,12.525,-12.875
228239.0,-580.0,202.0,1.0,-530.0,254.0,1.0,446.6363636363636,455.8181818181818,1.0,421.5,-108.5,1.0,10.99,-11.34
228240.0,-537.0,236.0,1.0,-487.5,253.5,1.0,424.09090909090907,470.5454545454545,1.0,390.0,-94.0,1.0,9.45,-9.754999999999999
228241.0,-494.0,270.0,1.0,-445.0,253.0,1.0,401.5454545454545,485.27272727272725,1.0,362.0,-87.5,1.0,7.91,-8.17
228242.0,-451.5,200.0,1.0,-399.5,158.0,1.0,379.0,500.0,1.0,334.0,-81.0,1.0,6.725,-6.9399999999999995
228243.0,-409.0,130.0,1.0,-354.0,63.0,1.0,337.0,206.0,1.0,305.0,-81.5,1.0,5.54,-5.71
228244.0,-365.5,107.5,1.0,-322.5,62.5,1.0,295.0,-88.0,1.0,276.0,-82.0,1.0,4.615,-4.745
228245.0,-322.0,85.0,1.0,-291.0,62.0,1.0,278.0,-71.5,1.0,252.5,-58.5,1.0,3.69,-3.78
228246.0,-285.5,54.5,1.0,-258.0,26.0,1.0,261.0,-55.0,1.0,229.0,-35.0,1.0,3.165,-3.21
228247.0,-249.0,24.0,1.0,-225.0,-10.0,1.0,232.5,-22.0,1.0,206.5,-17.0,1.0,2.64,-2.64
228248.0,-206.5,16.0,1.0,-182.5,-6.5,1.0,204.0,11.0,1.0,184.0,1.0,1.0,2.505,-2.465
228249.0,-164.0,8.0,1.0,-140.0,-3.0,1.0,165.0,16.75,1.0,141.0,2.0,1.0,2.37,-2.29
228250.0,-125.5,-24.5,1.0,-102.5,-15.5,1.0,126.0,22.5,1.0,98.0,3.0,1.0,2.33,-2.245
228251.0,-87.0,-57.0,1.0,-65.0,-28.0,1.0,87.0,28.25,1.0,63.0,-9.5,1.0,2.29,-2.2
228252.0,-51.0,-86.5,1.0,-35.0,-55.5,1.0,48.0,34.0,1.0,28.0,-22.0,1.0,2.29,-2.1550000000000002
228253.0,-15.0,-116.0,1.0,-5.0,-83.0,1.0,19.5,36.0,1.0,3.0,20.0,1.0,2.29,-2.11
228254.0,5.0,-95.0,1.0,13.0,-83.0,1.0,-9.0,38.0,1.0,-22.0,62.0,1.0,2.29,-2.065
228255.0,25.0,-74.0,1.0,31.0,-83.0,1.0,-24.0,38.0,1.0,-36.0,40.0,1.0,2.29,-2.02
228256.0,32.5,-63.5,1.0,34.666666666666664,-80.66666666666667,1.0,-39.0,38.0,1.0,-50.0,18.0,1.0,2.29,-2.02
228257.0,40.0,-53.0,1.0,38.333333333333336,-78.33333333333333,1.0,-42.5,35.5,1.0,-49.333333333333336,12.333333333333332,1.0,2.29,-2.02
228258.0,37.0,-34.5,1.0,42.0,-76.0,1.0,-46.0,33.0,1.0,-48.666666666666664,6.666666666666666,1.0,2.29,-2.02
228259.0,34.0,-16.0,1.0,35.5,-60.5,1.0,-35.5,16.0,1.0,-48.0,1.0,1.0,2.29,-2.02
228260.0,23.5,-27.5,1.0,29.0,-45.0,1.0,-25.0,-1.0,1.0,-35.0,-19.5,1.0,2.29,-2.02
228261.0,13.0,-39.0,1.0,19.5,-37.0,1.0,-17.0,8.0,1.0,-22.0,-40.0,1.0,2.29,-2.02
228262.0,8.5,-24.0,1.0,10.0,-29.0,1.0,-9.0,17.0,1.0,-13.5,-61.0,1.0,2.19,-1.9875
228263.0,4.0,-9.0,1.0,7.0,-29.0,1.0,-6.5,26.5,1.0,-5.0,-82.0,1.0,2.09,-1.955
228264.0,3.0,-24.0,1.0,4.0,-29.0,1.0,-4.0,36.0,1.0,-5.0,-51.0,1.0,2.145,-1.9875
228265.0,2.0,-39.0,1.0,3.0,-29.0,1.0,-3.0,26.5,1.0,-5.0,-20.0,1.0,2.2,-2.02
228266.0,1.0,-35.5,1.0,2.0,-29.0,1.0,-2.0,17.0,1.0,-3.0,-19.0,1.0,2.1550000000000002,-2.02
228267.0,0.0,-32.0,1.0,1.0,-37.0,1.0,-1.5,18.0,1.0,-1.0,-18.0,1.0,2.11,-2.02
228268.0,0.0,-24.0,1.0,0.0,-45.0,1.0,-1.0,19.0,1.0,-1.0,2.5,1.0,2.11,-2.02
228269.0,0.0,-16.0,1.0,0.0,-37.0,1.0,-1.0,-0.5,1.0,-1.0,23.0,1.0,2.11,-2.02
228270.0,0.0,-26.0,1.0,0.0,-29.0,1.0,-1.0,-20.0,1.0,-1.0,-8.5,1.0,2.11,-2.02
228271.0,0.0,-36.0,1.0,0.0,-37.0,1.0,-0.5,-9.5,1.0,-1.0,-40.0,1.0,2.11,-2.02
228272.0,0.0,-32.0,1.0,0.0,-45.0,1.0,0.0,1.0,1.0,-0.5,-30.0,1.0,2.11,-2.02
228273.0,0.0,-28.0,1.0,0.0,-45.0,1.0,0.0,0.0,1.0,0.0,-20.0,1.0,2.11,-2.02
228274.0,0.0,-15.0,1.0,0.0,-45.0,1.0,0.0,-1.0,1.0,-0.5,1.5,1.0,2.11,-2.02
228275.0,0.0,-2.0,1.0,0.0,-45.0,1.0,0.0,-1.0,1.0,-1.0,23.0,1.0,2.11,-2.02
228276.0,0.0,-2.0,1.0,0.0,-45.0,1.0,0.0,-1.0,1.0,-1.0,23.0,1.0,2.11,-2.02
228277.0,0.0,-2.0,1.0,0.0,-45.0,1.0,0.0,-1.0,1.0,-1.0,23.0,1.0,2.11,-2.02
