115.888770233;FBK91.05;88.86;90
115.908734012;FBK91.05;88.86;90
115.928797866;FBK91.05;88.86;90
115.948857916;FBK91.05;88.86;90
115.968784043;FBK91.05;88.86;90
115.988783076;FBK91.05;88.86;90
116.008748038;FBK91.05;88.86;90
116.028667229;FBK91.05;88.86;90
116.04872127;FBK91.05;88.86;90
116.068661908;FBK91.05;88.86;90
116.08877818;FBK91.05;88.86;90
116.108576553;FBK91.05;88.86;90
116.128591599;FBK91.05;88.86;90
116.148606359;FBK91.05;88.86;90
116.169190436;FBK91.05;88.86;90
116.188946681;FBK91.05;88.86;90
116.209043393;FBK91.05;88.86;90
116.228501363;FBK91.05;88.86;90
116.248414449;FBK91.05;88.86;90
116.268443272;FBK91.05;88.86;90
116.288415873;FBK91.05;88.86;90
116.308395537;FBK91.05;88.86;90
116.32837095;FBK91.05;88.86;90
116.348374139;FBK91.05;88.86;90
116.368380498;FBK91.05;88.86;90
116.38833083;FBK91.05;88.86;90
116.408293309;FBK91.05;88.86;90
116.428258281;FBK91.05;88.86;90
116.44821296;FBK91.05;88.86;90
116.468266282;FBK91.05;88.86;90
116.488319892;FBK91.05;88.86;90
116.508245484;FBK91.05;88.86;90
116.528198405;FBK91.05;88.86;90
116.548752803;FBK91.05;88.86;90
116.568788129;FBK91.05;88.86;90
116.588130848;FBK91.05;88.86;90
116.608040425;FBK91.05;88.86;90
116.628036818;FBK91.05;88.86;90
116.647994151;FBK91.05;88.86;90
116.668027751;FBK91.05;88.86;90
116.687971914;FBK91.05;88.86;90
116.707934265;FBK91.05;88.86;90
116.727921964;FBK91.05;88.86;90
116.747882365;FBK91.05;88.86;90
116.767873292;FBK91.05;88.86;90
116.78785594;FBK91.05;88.86;90
116.80783421;FBK91.05;88.86;90
116.828399923;FBK91.05;88.86;90
116.848375827;FBK91.05;88.86;90
116.868053374;FBK91.05;88.86;90
116.8877314;FBK91.05;88.86;90
116.907726962;FBK91.05;88.86;90
116.927699606;FBK91.05;88.86;90
116.947680496;FBK91.05;88.86;90
116.967635591;FBK91.05;88.86;90
116.98762003;FBK91.05;88.86;90
117.007600313;FBK91.05;88.86;90
117.027603163;FBK91.05;88.86;90
117.047528275;FBK91.05;88.86;90
117.067644631;FBK91.05;88.86;90
117.087501116;FBK91.05;88.86;90
117.107504637;FBK91.05;88.86;90
117.128297969;FBK91.05;88.86;90
117.147438768;FBK91.05;88.86;90
117.167500497;FBK91.05;88.86;90
117.187409723;FBK91.05;88.86;90
117.207386522;FBK91.05;88.86;90
117.227373134;FBK91.05;88.86;90
117.247342069;FBK91.05;88.86;90
117.267320339;FBK91.05;88.86;90
117.287375706;FBK91.05;88.86;90
117.307274831;FBK91.05;88.86;90
117.327211387;FBK91.05;88.86;90
117.347218201;FBK91.05;88.86;90
117.367200421;FBK91.05;88.86;90
117.387259438;FBK91.05;88.86;90
117.407149321;FBK91.05;88.86;90
117.42711442;FBK91.05;88.86;90
117.447224743;FBK91.05;88.86;90
117.467981552;FBK91.05;88.86;90
117.487831733;FBK91.05;88.86;90
117.508508467;FBK91.05;88.86;90
117.527345252;FBK91.05;88.86;90
117.547252492;FBK91.05;88.86;90
117.567114948;FBK91.05;88.86;90
117.586975358;FBK91.05;88.86;90
117.606921854;FBK91.05;88.86;90
117.62718002;FBK91.05;88.86;90
117.647155989;FBK91.05;88.86;90
117.66691075;FBK91.05;88.86;90
117.686841422;FBK91.05;88.86;90
117.706788141;FBK91.05;88.86;90
117.727083741;FBK91.05;88.86;90
117.747085506;FBK91.05;88.86;90
117.76712953;FBK91.05;88.86;90
117.786763747;FBK91.05;88.86;90
117.806712384;FBK91.05;88.86;90
117.827032022;FBK91.05;88.86;90
117.84672186;FBK91.05;88.86;90
117.86912049;FBK91.05;88.86;90
117.886692688;FBK91.05;88.86;90
117.906581197;FBK91.05;88.86;90
117.926669271;FBK91.05;88.86;90
117.946582489;FBK91.05;88.86;90
117.966525212;FBK91.05;88.86;90
117.986729037;FBK91.05;88.86;90
118.006552813;FBK91.05;88.86;90
118.026465232;FBK91.05;88.86;90
118.046434584;FBK91.05;88.86;90
118.066475795;FBK91.05;88.86;90
118.086459627;FBK91.05;88.86;90
118.10655272;FBK91.05;88.86;90
118.126294663;FBK91.05;88.86;90
118.14665298;FBK91.05;88.86;90
118.166345567;FBK91.05;88.86;90
118.187453175;FBK91.05;88.86;90
118.207063256;FBK91.05;88.86;90
118.227003103;FBK91.05;88.86;90
118.24628716;FBK91.05;88.86;90
118.266305324;FBK91.05;88.86;90
118.286259204;FBK91.05;88.86;90
118.306154361;FBK91.05;88.86;90
118.326156222;FBK91.05;88.86;90
118.346112819;FBK91.05;88.86;90
118.366139358;FBK91.05;88.86;90
118.386051063;FBK91.05;88.86;90
118.406036935;FBK91.05;88.86;90
118.426058996;FBK91.05;88.86;90
118.446040329;FBK91.05;88.86;90
118.466315672;FBK91.05;88.86;90
118.486006959;FBK91.05;88.86;90
118.506076332;FBK91.05;88.86;90
118.525945138;FBK91.05;88.86;90
118.546600612;FBK91.05;88.86;90
118.566849358;FBK91.05;88.86;90
118.585919539;FBK91.05;88.86;90
118.605888693;FBK91.05;88.86;90
118.625861618;FBK91.05;88.86;90
118.645786336;FBK91.05;88.86;90
118.665786371;FBK91.05;88.86;90
118.685756803;FBK91.05;88.86;90
118.705770903;FBK91.05;88.86;90
118.725745427;FBK91.05;88.86;90
118.745740474;FBK91.05;88.86;90
118.765705024;FBK91.05;88.86;90
118.785645598;FBK91.05;88.86;90
118.805622392;FBK91.05;88.86;90
118.825709284;FBK91.05;88.86;90
118.845603216;FBK91.05;88.86;90
118.865755514;FBK91.05;88.86;90
118.885685283;FBK91.05;88.86;90
118.905875239;FBK91.05;88.86;90
118.925628481;FBK91.05;88.86;90
118.945540412;FBK91.05;88.86;90
118.965497641;FBK91.05;88.86;90
118.98551075;FBK91.05;88.86;90
119.005488311;FBK91.05;88.86;90
119.0254863;FBK91.05;88.86;90
119.045412872;FBK91.05;88.86;90
119.065388483;FBK91.05;88.86;90
119.085359938;FBK91.05;88.86;90
119.105384492;FBK91.05;88.86;90
119.125338652;FBK91.05;88.86;90
119.145328744;FBK91.05;88.86;90
119.165343037;FBK91.05;88.86;90
119.185339011;FBK91.05;88.86;90
119.206124147;FBK91.05;88.86;90
119.225778895;FBK91.05;88.86;90
119.246032564;FBK91.05;88.86;90
119.265933945;FBK91.05;88.86;90
119.285243727;FBK91.05;88.86;90
119.305178834;FBK91.05;88.86;90
119.325255624;FBK91.05;88.86;90
119.345150196;FBK91.05;88.86;90
119.365131457;FBK91.05;88.86;90
119.385080366;FBK91.05;88.86;90
119.404996218;FBK91.05;88.86;90
119.425041451;FBK91.05;88.86;90
119.445025111;FBK91.05;88.86;90
119.465016188;FBK91.05;88.86;90
119.485046139;FBK91.05;88.86;90
119.504959946;FBK91.05;88.86;90
119.525104764;FBK91.05;88.86;90
119.54498692;FBK91.05;88.86;90
119.565727236;FBK91.05;88.86;90
119.585682634;FBK91.05;88.86;90
119.604823736;FBK91.05;88.86;90
119.624855191;FBK91.05;88.86;90
119.644881913;FBK91.05;88.86;90
119.664770272;FBK91.05;88.86;90
119.684801502;FBK91.05;88.86;90
119.704810802;FBK91.05;88.86;90
119.724774896;FBK91.05;88.86;90
119.744753345;FBK91.05;88.86;90
119.764720221;FBK91.05;88.86;90
119.78465826;FBK91.05;88.86;90
119.804654004;FBK91.05;88.86;90
119.82466519;FBK91.05;88.86;90
119.844901313;FBK91.05;88.86;90
119.865624333;FBK91.05;88.86;90
119.885481713;FBK91.05;88.86;90
119.904593978;FBK91.05;88.86;90
119.925063767;FBK91.05;88.86;90
119.944545633;FBK91.05;88.86;90
119.964524401;FBK91.05;88.86;90
119.984519634;FBK91.05;88.86;90
120.004743992;FBK91.05;88.86;90
120.024470361;FBK91.05;88.86;90
120.044454948;FBK91.05;88.86;90
120.064441741;FBK91.05;88.86;90
120.084434384;FBK91.05;88.86;90
120.104454521;FBK91.05;88.86;90
120.124387669;FBK91.05;88.86;90
120.144351763;FBK91.05;88.86;90
120.164332834;FBK91.05;88.86;90
120.184291845;FBK91.05;88.86;90
120.204400506;FBK91.05;88.86;90
120.225107285;FBK91.05;88.86;90
120.245146604;FBK91.05;88.86;90
120.264553788;FBK91.05;88.86;90
120.284296973;FBK91.05;88.86;90
120.304260588;FBK91.05;88.86;90
120.32419348;FBK91.05;88.86;90
120.344292966;FBK91.05;88.86;90
120.364181908;FBK91.05;88.86;90
120.384175698;FBK91.05;88.86;90
120.404156347;FBK91.05;88.86;90
120.424203657;FBK91.05;88.86;90
120.444056902;FBK91.05;88.86;90
120.464078539;FBK91.05;88.86;90
120.484046048;FBK91.05;88.86;90
120.504018098;FBK91.05;88.86;90
120.52421727;FBK91.05;88.86;90
120.544171383;FBK91.05;88.86;90
120.564312911;FBK91.05;88.86;90
120.584820284;FBK91.05;88.86;90
120.605022237;FBK91.05;88.86;90
120.625038087;FBK91.05;88.86;90
120.643923281;FBK91.05;88.86;90
120.66393878;FBK91.05;88.86;90
120.683842635;FBK91.05;88.86;90
120.703822166;FBK91.05;88.86;90
120.723803231;FBK91.05;88.86;90
120.743767959;FBK91.05;88.86;90
120.763785088;FBK91.05;88.86;90
120.783783162;FBK91.05;88.86;90
120.803775961;FBK91.05;88.86;90
120.824276428;FBK91.05;88.86;90
120.843769999;FBK91.05;88.86;90
120.864531253;FBK91.05;88.86;90
120.884035631;FBK91.05;88.86;90
120.903694684;FBK91.05;88.86;90
120.923677156;FBK91.05;88.86;90
120.943741634;FBK91.05;88.86;90
120.963808094;FBK91.05;88.86;90
120.98358285;FBK91.05;88.86;90
121.00353658;FBK91.05;88.86;90
121.023499422;FBK91.05;88.86;90
121.043524416;FBK91.05;88.86;90
121.063574123;FBK91.05;88.86;90
121.083562222;FBK91.05;88.86;90
121.103580949;FBK91.05;88.86;90
121.123446983;FBK91.05;88.86;90
121.144203154;FBK91.05;88.86;90
121.163331424;FBK91.05;88.86;90
121.184102781;FBK91.05;88.86;90
121.20393937;FBK91.05;88.86;90
121.223584771;FBK91.05;88.86;90
121.243334942;FBK91.05;88.86;90
121.263306512;FBK91.05;88.86;90
121.283288217;FBK91.05;88.86;90
121.303253872;FBK91.05;88.86;90
121.323270233;FBK91.05;88.86;90
121.343258268;FBK91.05;88.86;90
121.363226929;FBK91.05;88.86;90
121.38343097;FBK91.05;88.86;90
121.403217389;FBK91.05;88.86;90
121.423185954;FBK91.05;88.86;90
121.443155351;FBK91.05;88.86;90
121.463109657;FBK91.05;88.86;90
121.48337726;FBK91.05;88.86;90
121.503710887;FBK91.05;88.86;90
121.523663339;FBK91.05;88.86;90
121.543106373;FBK91.05;88.86;90
121.563185915;FBK91.05;88.86;90
121.583066972;FBK91.05;88.86;90
121.603324473;FBK91.05;88.86;90
121.623049472;FBK91.05;88.86;90
121.642965379;FBK91.05;88.86;90
121.66297017;FBK91.05;88.86;90
121.682946089;FBK91.05;88.86;90
121.702905702;FBK91.05;88.86;90
121.723186095;FBK91.05;88.86;90
121.742926185;FBK91.05;88.86;90
121.763657581;FBK91.05;88.86;90
121.783727499;FBK91.05;88.86;90
121.802862064;FBK91.05;88.86;90
121.823470302;FBK91.05;88.86;90
121.842801561;FBK91.05;88.86;90
121.862782116;FBK91.05;88.86;90
121.882760945;FBK91.05;88.86;90
121.902749845;FBK91.05;88.86;90
121.92273964;FBK91.05;88.86;90
121.942709645;FBK91.05;88.86;90
121.962661521;FBK91.05;88.86;90
121.982661003;FBK91.05;88.86;90
122.002659751;FBK91.05;88.86;90
122.022632505;FBK91.05;88.86;90
122.042648038;FBK91.05;88.86;90
122.062563242;FBK91.05;88.86;90
122.082590093;FBK91.05;88.86;90
122.103245234;FBK91.05;88.86;90
122.123167855;FBK91.05;88.86;90
122.14321648;FBK91.05;88.86;90
122.162517461;FBK91.05;88.86;90
122.182500063;FBK91.05;88.86;90
122.202466742;FBK91.05;88.86;90
122.222449503;FBK91.05;88.86;90
122.24243284;FBK91.05;88.86;90
122.262393157;FBK91.05;88.86;90
122.282408338;FBK91.05;88.86;90
122.302385376;FBK91.05;88.86;90
122.322357299;FBK91.05;88.86;90
122.342353553;FBK91.05;88.86;90
122.362325987;FBK91.05;88.86;90
122.382312398;FBK91.05;88.86;90
122.402315538;FBK91.05;88.86;90
122.422393272;FBK91.05;88.86;90
122.442460392;FBK91.05;88.86;90
122.46226878;FBK91.05;88.86;90
122.482236748;FBK91.05;88.86;90
122.502847996;FBK91.05;88.86;90
122.522901719;FBK91.05;88.86;90
122.542769578;FBK91.05;88.86;90
122.562156105;FBK91.05;88.86;90
122.582160172;FBK91.05;88.86;90
122.602146589;FBK91.05;88.86;90
122.622397302;FBK91.05;88.86;90
122.642153444;FBK91.05;88.86;90
122.662090655;FBK91.05;88.86;90
122.682078511;FBK91.05;88.86;90
122.702049869;FBK91.05;88.86;90
122.722025064;FBK91.05;88.86;90
122.742003808;FBK91.05;88.86;90
122.762002215;FBK91.05;88.86;90
122.782262424;FBK91.05;88.86;90
122.801983076;FBK91.05;88.86;90
122.821928663;FBK91.05;88.86;90
122.842060753;FBK91.05;88.86;90
122.86190476;FBK91.05;88.86;90
122.88197076;FBK91.05;88.86;90
122.902381629;FBK91.05;88.86;90
122.922557554;FBK91.05;88.86;90
122.942483957;FBK91.05;88.86;90
122.961862107;FBK91.05;88.86;90
122.982108599;FBK91.05;88.86;90
123.001823272;FBK91.05;88.86;90
123.021797507;FBK91.05;88.86;90
123.041779161;FBK91.05;88.86;90
123.061752118;FBK91.05;88.86;90
123.08168709;FBK91.05;88.86;90
123.101712036;FBK91.05;88.86;90
123.12168771;FBK91.05;88.86;90
123.141665974;FBK91.05;88.86;90
123.161660257;FBK91.05;88.86;90
123.181614669;FBK91.05;88.86;90
123.20162673;FBK91.05;88.86;90
123.2216417;FBK91.05;88.86;90
123.241746996;FBK91.05;88.86;90
123.261584832;FBK91.05;88.86;90
123.281607092;FBK91.05;88.86;90
123.301558402;FBK91.05;88.86;90
123.322170226;FBK91.05;88.86;90
123.342156867;FBK91.05;88.86;90
123.361500997;FBK91.05;88.86;90
123.381474746;FBK91.05;88.86;90
123.40146381;FBK91.05;88.86;90
123.421496936;FBK91.05;88.86;90
123.441491436;FBK91.05;88.86;90
123.461437621;FBK91.05;88.86;90
123.481414663;FBK91.05;88.86;90
123.501378499;FBK91.05;88.86;90
123.521650126;FBK91.05;88.86;90
123.541424318;FBK91.05;88.86;90
123.561340863;FBK91.05;88.86;90
123.581320463;FBK91.05;88.86;90
123.601292293;FBK91.05;88.86;90
123.62129079;FBK91.05;88.86;90
123.641374404;FBK91.05;88.86;90
123.661319215;FBK91.05;88.86;90
123.681529929;FBK91.05;88.86;90
123.701206342;FBK91.05;88.86;90
123.721563662;FBK91.05;88.86;90
123.742211186;FBK91.05;88.86;90
123.761195534;FBK91.05;88.86;90
123.781179578;FBK91.05;88.86;90
123.80115873;FBK91.05;88.86;90
123.821139193;FBK91.05;88.86;90
123.841109616;FBK91.05;88.86;90
123.861098264;FBK91.05;88.86;90
123.881396558;FBK91.05;88.86;90
123.901073898;FBK91.05;88.86;90
123.92133475;FBK91.05;88.86;90
123.941298586;FBK91.05;88.86;90
123.96107604;FBK91.05;88.86;90
123.981016598;FBK91.05;88.86;90
124.000986317;FBK91.05;88.86;90
124.020971864;FBK91.05;88.86;90
124.041299543;FBK91.05;88.86;90
124.061088828;FBK91.05;88.86;90
124.080849687;FBK91.05;88.86;90
124.10153849;FBK91.05;88.86;90
124.120876161;FBK91.05;88.86;90
124.140958816;FBK91.05;88.86;90
124.160898511;FBK91.05;88.86;90
124.180887192;FBK91.05;88.86;90
124.200838366;FBK91.05;88.86;90
124.220819116;FBK91.05;88.86;90
124.240765686;FBK91.05;88.86;90
124.260786085;FBK91.05;88.86;90
124.280788707;FBK91.05;88.86;90
124.300746372;FBK91.05;88.86;90
124.32069227;FBK91.05;88.86;90
124.340705155;FBK91.05;88.86;90
124.360698536;FBK91.05;88.86;90
124.380771813;FBK91.05;88.86;90
124.400717239;FBK91.05;88.86;90
124.420666086;FBK91.05;88.86;90
124.440592518;FBK91.05;88.86;90
124.461360113;FBK91.05;88.86;90
124.481260133;FBK91.05;88.86;90
124.501274468;FBK91.05;88.86;90
124.52081901;FBK91.05;88.86;90
124.540578559;FBK91.05;88.86;90
124.560574059;FBK91.05;88.86;90
124.580645823;FBK91.05;88.86;90
124.600546003;FBK91.05;88.86;90
124.620513428;FBK91.05;88.86;90
124.640486226;FBK91.05;88.86;90
124.660445657;FBK91.05;88.86;90
124.680430702;FBK91.05;88.86;90
124.700433589;FBK91.05;88.86;90
124.72046583;FBK91.05;88.86;90
124.741002877;FBK91.05;88.86;90
124.761085385;FBK91.05;88.86;90
124.7811151;FBK91.05;88.86;90
124.800362104;FBK91.05;88.86;90
124.820366526;FBK91.05;88.86;90
124.840341818;FBK91.05;88.86;90
124.860297892;FBK91.05;88.86;90
124.88031763;FBK91.05;88.86;90
124.90029823;FBK91.05;88.86;90
124.920247621;FBK91.05;88.86;90
124.94028031;FBK91.05;88.86;90
124.960217358;FBK91.05;88.86;90
124.980257337;FBK91.05;88.86;90
125.000236658;FBK91.05;88.86;90
125.020199319;FBK91.05;88.86;90
125.04022395;FBK91.05;88.86;90
125.060186899;FBK91.05;88.86;90
125.080149496;FBK91.05;88.86;90
125.10088876;FBK91.05;88.86;90
125.120160962;FBK91.05;88.86;90
125.140150483;FBK91.05;88.86;90
125.160097188;FBK91.05;88.86;90
125.180058378;FBK91.05;88.86;90
125.200057108;FBK91.05;88.86;90
125.220080172;FBK91.05;88.86;90
125.240023552;FBK91.05;88.86;90
125.260020172;FBK91.05;88.86;90
125.280038023;FBK91.05;88.86;90
125.299979261;FBK91.05;88.86;90
125.319907835;FBK91.05;88.86;90
125.339951492;FBK91.05;88.86;90
125.359939126;FBK91.05;88.86;90
125.379940563;FBK91.05;88.86;90
125.400057126;FBK91.05;88.86;90
125.41984199;FBK91.05;88.86;90
125.440097653;FBK91.05;88.86;90
125.46051349;FBK91.05;88.86;90
125.479797944;FBK91.05;88.86;90
125.499896152;FBK91.05;88.86;90
125.51984832;FBK91.05;88.86;90
125.539804294;FBK91.05;88.86;90
125.55978214;FBK91.05;88.86;90
125.579733796;FBK91.05;88.86;90
125.599727727;FBK91.05;88.86;90
125.619722968;FBK91.05;88.86;90
125.639719809;FBK91.05;88.86;90
125.659708495;FBK91.05;88.86;90
125.679689794;FBK91.05;88.86;90
125.699676594;FBK91.05;88.86;90
125.719672219;FBK91.05;88.86;90
125.739640344;FBK91.05;88.86;90
125.759610931;FBK91.05;88.86;90
125.779649725;FBK91.05;88.86;90
125.799566527;FBK91.05;88.86;90
125.819595089;FBK91.05;88.86;90
125.839793673;FBK91.05;88.86;90
125.860210789;FBK91.05;88.86;90
125.880147352;FBK91.05;88.86;90
125.899699039;FBK91.05;88.86;90
125.919518598;FBK91.05;88.86;90
125.939573157;FBK91.05;88.86;90
125.959492933;FBK91.05;88.86;90
125.979453191;FBK91.05;88.86;90
125.999474398;FBK91.05;88.86;90
126.019414127;FBK91.05;88.86;90
126.039451706;FBK91.05;88.86;90
126.059397991;FBK91.05;88.86;90
126.079374046;FBK91.05;88.86;90
126.099387259;FBK91.05;88.86;90
126.119383683;FBK91.05;88.86;90
126.139366614;FBK91.05;88.86;90
126.159349736;FBK91.05;88.86;90
126.179439022;FBK91.05;88.86;90
126.199352051;FBK91.05;88.86;90
126.220068281;FBK91.05;88.86;90
126.240026045;FBK91.05;88.86;90
126.259894913;FBK91.05;88.86;90
126.279279103;FBK91.05;88.86;90
126.299240865;FBK91.05;88.86;90
126.319262295;FBK91.05;88.86;90
126.339300674;FBK91.05;88.86;90
126.359237653;FBK91.05;88.86;90
126.379201426;FBK91.05;88.86;90
126.399188116;FBK91.05;88.86;90
126.419157474;FBK91.05;88.86;90
126.439157211;FBK91.05;88.86;90
126.459145693;FBK91.05;88.86;90
126.479125635;FBK91.05;88.86;90
126.499362267;FBK91.05;88.86;90
126.519041359;FBK91.05;88.86;90
126.539071604;FBK91.05;88.86;90
126.559029674;FBK91.05;88.86;90
126.57964208;FBK91.05;88.86;90
126.599064069;FBK91.05;88.86;90
126.619019132;FBK91.05;88.86;90
126.63898913;FBK91.05;88.86;90
126.658958392;FBK91.05;88.86;90
126.679021446;FBK91.05;88.86;90
126.698989973;FBK91.05;88.86;90
126.718931031;FBK91.05;88.86;90
126.739014519;FBK91.05;88.86;90
126.758937029;FBK91.05;88.86;90
126.778903765;FBK91.05;88.86;90
126.798861931;FBK91.05;88.86;90
126.819124176;FBK91.05;88.86;90
126.838823415;FBK91.05;88.86;90
126.859692702;FBK91.05;88.86;90
126.87889548;FBK91.05;88.86;90
126.898886616;FBK91.05;88.86;90
126.918779002;FBK91.05;88.86;90
126.938789708;FBK91.05;88.86;90
126.958800926;FBK91.05;88.86;90
126.978777863;FBK91.05;88.86;90
126.998746357;FBK91.05;88.86;90
127.018780567;FBK91.05;88.86;90
127.038718874;FBK91.05;88.86;90
127.05869853;FBK91.05;88.86;90
127.078701433;FBK91.05;88.86;90
127.098610384;FBK91.05;88.86;90
127.118599888;FBK91.05;88.86;90
127.138650759;FBK91.05;88.86;90
127.158718546;FBK91.05;88.86;90
127.178583239;FBK91.05;88.86;90
127.199400754;FBK91.05;88.86;90
127.219281916;FBK91.05;88.86;90
127.238800894;FBK91.05;88.86;90
127.258584779;FBK91.05;88.86;90
127.278969181;FBK91.05;88.86;90
127.298562125;FBK91.05;88.86;90
127.318607431;FBK91.05;88.86;90
127.338513121;FBK91.05;88.86;90
127.35848395;FBK91.05;88.86;90
127.37849975;FBK91.05;88.86;90
127.398487667;FBK91.05;88.86;90
127.418464391;FBK91.05;88.86;90
127.438448535;FBK91.05;88.86;90
127.458422957;FBK91.05;88.86;90
127.478405949;FBK91.05;88.86;90
127.498419865;FBK91.05;88.86;90
127.518687631;FBK91.05;88.86;90
127.538436728;FBK91.05;88.86;90
127.558377859;FBK91.05;88.86;90
127.578342399;FBK91.05;88.86;90
127.599043386;FBK91.05;88.86;90
127.618823343;FBK91.05;88.86;90
127.638320637;FBK91.05;88.86;90
127.658309737;FBK91.05;88.86;90
127.678337372;FBK91.05;88.86;90
127.698282789;FBK91.05;88.86;90
127.718246625;FBK91.05;88.86;90
127.738213308;FBK91.05;88.86;90
127.758312352;FBK91.05;88.86;90
127.778242131;FBK91.05;88.86;90
127.798211276;FBK91.05;88.86;90
127.818224233;FBK91.05;88.86;90
127.838202716;FBK91.05;88.86;90
127.858175891;FBK91.05;88.86;90
127.878186896;FBK91.05;88.86;90
127.898166435;FBK91.05;88.86;90
127.918600236;FBK91.05;88.86;90
127.938208465;FBK91.05;88.86;90
127.958074926;FBK91.05;88.86;90
127.978631271;FBK91.05;88.86;90
127.998859862;FBK91.05;88.86;90
128.01807331;FBK91.05;88.86;90
128.038072643;FBK91.05;88.86;90
128.058052693;FBK91.05;88.86;90
128.078014228;FBK91.05;88.86;90
128.097998499;FBK91.05;88.86;90
128.117966685;FBK91.05;88.86;90
128.138057318;FBK91.05;88.86;90
128.158033115;FBK91.05;88.86;90
128.177923432;FBK91.05;88.86;90
128.197929609;FBK91.05;88.86;90
128.217919157;FBK91.05;88.86;90
128.237923063;FBK91.05;88.86;90
128.257874268;FBK91.05;88.86;90
128.27790347;FBK91.05;88.86;90
128.298523006;FBK91.05;88.86;90
128.318485212;FBK91.05;88.86;90
128.337851839;FBK91.05;88.86;90
128.357809472;FBK91.05;88.86;90
128.377831237;FBK91.05;88.86;90
128.39782674;FBK91.05;88.86;90
128.417814632;FBK91.05;88.86;90
128.437797407;FBK91.05;88.86;90
128.457770524;FBK91.05;88.86;90
128.477758639;FBK91.05;88.86;90
128.497761689;FBK91.05;88.86;90
128.517683702;FBK91.05;88.86;90
128.537708851;FBK91.05;88.86;90
128.557684846;FBK91.05;88.86;90
128.577687224;FBK91.05;88.86;90
128.597672046;FBK91.05;88.86;90
128.617934806;FBK91.05;88.86;90
128.637653138;FBK91.05;88.86;90
128.658239887;FBK91.05;88.86;90
128.678229793;FBK91.05;88.86;90
128.698213271;FBK91.05;88.86;90
128.717640842;FBK91.05;88.86;90
128.737594419;FBK91.05;88.86;90
128.757763861;FBK91.05;88.86;90
128.777589998;FBK91.05;88.86;90
128.797524451;FBK91.05;88.86;90
128.81755622;FBK91.05;88.86;90
128.83752406;FBK91.05;88.86;90
128.85748253;FBK91.05;88.86;90
128.87749527;FBK91.05;88.86;90
128.897526207;FBK91.05;88.86;90
128.917475307;FBK91.05;88.86;90
128.937459329;FBK91.05;88.86;90
128.957518376;FBK91.05;88.86;90
128.977414261;FBK91.05;88.86;90
128.997415649;FBK91.05;88.86;90
129.01741096;FBK91.05;88.86;90
129.037953128;FBK91.05;88.86;90
129.057965964;FBK91.05;88.86;90
129.077374826;FBK91.05;88.86;90
129.097364861;FBK91.05;88.86;90
129.117337242;FBK91.05;88.86;90
129.137328268;FBK91.05;88.86;90
129.157334772;FBK91.05;88.86;90
129.177295609;FBK91.05;88.86;90
129.197570009;FBK91.05;88.86;90
129.217291379;FBK91.05;88.86;90
129.237243038;FBK91.05;88.86;90
129.257238125;FBK91.05;88.86;90
129.277364778;FBK91.05;88.86;90
129.297232776;FBK91.05;88.86;90
129.31827994;FBK91.05;88.86;90
129.337906075;FBK91.05;88.86;90
129.357763232;FBK91.05;88.86;90
129.377834661;FBK91.05;88.86;90
129.397150609;FBK91.05;88.86;90
129.417392144;FBK91.05;88.86;90
129.437138553;FBK91.05;88.86;90
129.457113881;FBK91.05;88.86;90
129.477102736;FBK91.05;88.86;90
129.497084684;FBK91.05;88.86;90
129.51708777;FBK91.05;88.86;90
129.537318465;FBK91.05;88.86;90
129.557047092;FBK91.05;88.86;90
129.577043207;FBK91.05;88.86;90
129.597059182;FBK91.05;88.86;90
129.617563088;FBK91.05;88.86;90
129.637597037;FBK91.05;88.86;90
129.656970198;FBK91.05;88.86;90
129.677001588;FBK91.05;88.86;90
129.697057603;FBK91.05;88.86;90
129.716944248;FBK91.05;88.86;90
129.736941034;FBK91.05;88.86;90
129.756928355;FBK91.05;88.86;90
129.776891114;FBK91.05;88.86;90
129.797001784;FBK91.05;88.86;90
129.816877043;FBK91.05;88.86;90
129.836901781;FBK91.05;88.86;90
129.856877301;FBK91.05;88.86;90
129.876913999;FBK91.05;88.86;90
129.896805665;FBK91.05;88.86;90
129.916965554;FBK91.05;88.86;90
129.936829908;FBK91.05;88.86;90
129.957614253;FBK91.05;88.86;90
129.97757164;FBK91.05;88.86;90
129.996791581;FBK91.05;88.86;90
130.017290114;FBK91.05;88.86;90
130.036723016;FBK91.05;88.86;90
130.056758659;FBK91.05;88.86;90
130.076751704;FBK91.05;88.86;90
130.096715838;FBK91.05;88.86;90
130.1167006;FBK91.05;88.86;90
130.136687888;FBK91.05;88.86;90
130.15663293;FBK91.05;88.86;90
130.176638511;FBK91.05;88.86;90
130.196648954;FBK91.05;88.86;90
130.21665332;FBK91.05;88.86;90
130.236702459;FBK91.05;88.86;90
130.25661811;FBK91.05;88.86;90
130.277246773;FBK91.05;88.86;89.6099853515625
130.293185678;ACK88.48;91.52;86.9384765625
130.297274997;FBK91.05;88.86;86.9384765625
130.317142517;FBK91.05;88.86;67.8753662109375
130.336624509;FBK90.97;88.86;65.1068115234375
130.356565233;FBK90.62;89.21;49.163818359375
130.376548092;FBK90.18;89.65;33.1549072265625
130.393686083;ACK30.00;150.00;30.0
130.396530012;FBK89.65;90.18;30.0
130.416812718;FBK89.12;90.62;30.0
130.43654259;FBK88.77;91.05;30.0
130.456522015;FBK88.24;91.58;30.0
130.476506557;FBK87.63;92.20;30.0
130.49653341;FBK86.75;93.08;30.0
130.516490672;FBK85.78;94.04;30.0
130.536481067;FBK84.64;95.19;30.0
130.556440599;FBK83.23;96.59;30.0
130.576436814;FBK81.74;98.17;30.0
130.596418638;FBK80.07;99.84;30.0
130.616647647;FBK78.22;101.69;30.0
130.636477813;FBK76.20;103.71;30.0
130.656524304;FBK74.00;105.91;30.0
130.677119565;FBK71.63;108.28;30.0
130.697107337;FBK68.91;110.83;30.0
130.716945404;FBK66.27;113.55;30.0
130.736819929;FBK63.37;116.63;30.0
130.756494506;FBK60.29;119.62;30.0
130.776430659;FBK57.22;122.70;30.0
130.796407558;FBK54.32;125.60;30.0
130.816404572;FBK51.50;128.32;30.0
130.836357357;FBK48.87;130.96;30.0
130.856652695;FBK46.41;133.42;30.0
130.87638986;FBK44.03;135.79;30.0
130.896384764;FBK41.92;137.99;30.0
130.916385392;FBK39.99;139.92;30.0
130.936317485;FBK38.23;141.68;30.0
130.956320864;FBK36.65;143.26;30.0
130.976594391;FBK35.24;144.67;30.0
130.996353559;FBK34.01;145.90;30.0
131.01634632;FBK32.96;146.95;30.0
131.036261014;FBK32.08;147.92;30.0
131.056614847;FBK31.29;148.54;30.0
131.077108439;FBK30.85;149.06;30.0
131.096688191;FBK30.50;149.33;30.0
131.11699581;FBK30.41;149.50;30.0
131.136288879;FBK30.32;149.50;30.0
131.156241727;FBK30.32;149.59;30.0
131.176314922;FBK30.32;149.59;30.0
131.196206685;FBK30.32;149.59;30.0
131.216172518;FBK30.32;149.59;30.0
131.236168061;FBK30.32;149.59;30.0
131.256143488;FBK30.32;149.59;30.0
131.276160268;FBK30.32;149.59;30.0
131.296105696;FBK30.32;149.59;30.0
131.316234219;FBK30.32;149.59;30.0
131.336421908;FBK30.32;149.59;30.0
131.356216;FBK30.32;149.59;33.958740234375
131.376089296;FBK30.32;149.59;36.54052734375
131.394860851;ACK52.32;127.68;52.3223876953125
131.396523387;FBK30.32;149.59;52.6995849609375
131.416135021;FBK30.32;149.59;53.9117431640625
131.436050774;FBK30.32;149.59;54.73388671875
131.456318557;FBK30.32;149.59;55.433349609375
131.47611249;FBK30.50;149.41;55.6842041015625
131.495038808;ACK55.68;124.32;55.8673095703125
131.497381286;FBK30.94;149.06;55.8673095703125
131.516624069;FBK31.73;148.27;55.8673095703125
131.535966028;FBK32.61;147.22;55.8673095703125
131.555965511;FBK33.66;146.16;55.8673095703125
131.576078852;FBK34.89;144.93;55.8673095703125
131.595958849;FBK36.30;143.44;55.6842041015625
131.615984142;FBK37.88;141.94;55.2777099609375
131.635932006;FBK39.73;140.10;55.0982666015625
131.655926756;FBK41.57;138.08;54.920654296875
131.675984127;FBK43.59;136.14;54.7760009765625
131.695332387;ACK54.78;125.22;54.7760009765625
131.697012512;FBK45.53;134.30;54.7760009765625
131.71689171;FBK47.29;132.54;54.7760009765625
131.736839702;FBK48.87;130.96;54.7760009765625
131.756812704;FBK50.27;129.55;54.6514892578125
131.776796868;FBK51.50;128.32;54.6514892578125
131.795546643;ACK54.65;125.35;54.6514892578125
131.797181482;FBK52.56;127.18;54.6514892578125
131.816924755;FBK53.44;126.39;54.6514892578125
131.83667967;FBK54.23;125.68;54.6514892578125
131.856917613;FBK54.76;125.16;54.6514892578125
131.877427917;FBK55.02;124.80;54.6514892578125
131.896816027;FBK55.20;124.72;54.876708984375
131.916707602;FBK55.20;124.72;55.894775390625
131.936754707;FBK55.11;124.72;58.2440185546875
131.956690737;FBK55.02;124.80;59.8846435546875
131.976695977;FBK54.93;124.89;62.6055908203125
131.99602767;ACK65.01;114.99;65.006103515625
131.997675846;FBK54.84;124.98;66.1541748046875
132.017764272;FBK54.84;124.98;67.8533935546875
132.037675452;FBK54.84;124.98;69.3951416015625
132.057657888;FBK54.93;124.89;70.4864501953125
132.077656412;FBK55.02;124.89;71.810302734375
132.09619293;ACK72.16;107.84;72.447509765625
132.097814911;FBK55.46;124.45;72.447509765625
132.117595156;FBK56.25;123.49;73.1396484375
132.137760755;FBK57.22;122.61;73.57177734375
132.158170987;FBK58.27;121.46;74.6942138671875
132.177589128;FBK59.50;120.23;75.596923828125
132.196527727;ACK76.18;103.82;76.182861328125
132.198416121;FBK61.00;118.74;76.4007568359375
132.218200108;FBK62.49;117.25;76.5985107421875
132.237568389;FBK64.25;115.58;76.864013671875
132.257560484;FBK66.01;113.82;77.0635986328125
132.277558304;FBK67.68;112.06;77.0635986328125
132.296596816;ACK77.06;102.94;77.0635986328125
132.29825449;FBK69.26;110.48;77.0635986328125
132.317582217;FBK70.58;109.16;77.2393798828125
132.337569451;FBK71.89;107.93;77.2393798828125
132.357495567;FBK73.04;106.70;77.2393798828125
132.377497608;FBK74.18;105.73;77.2393798828125
132.396814329;ACK77.24;102.76;77.2393798828125
132.398521355;FBK75.06;104.77;77.1148681640625
132.418475496;FBK75.67;104.15;77.1148681640625
132.438467377;FBK76.20;103.62;77.1148681640625
132.458453789;FBK76.55;103.27;77.1148681640625
132.478428047;FBK76.73;103.18;77.1148681640625
132.497003627;ACK77.38;102.62;77.559814453125
132.498629225;FBK76.82;103.18;77.559814453125
132.518418398;FBK76.82;103.10;78.592529296875
132.538414436;FBK76.82;103.10;79.3634033203125
132.558424516;FBK76.90;102.92;80.4180908203125
132.578395416;FBK77.08;102.83;81.4874267578125
132.597134332;ACK82.50;97.50;82.5018310546875
132.598966124;FBK77.17;102.83;83.074951171875
132.618849359;FBK77.17;102.83;84.151611328125
132.63844673;FBK77.17;102.74;85.37841796875
132.658303611;FBK77.26;102.57;85.90576171875
132.678298115;FBK77.70;102.13;86.385498046875
132.697081391;ACK86.39;93.61;86.5869140625
132.699009132;FBK78.40;101.51;86.5869140625
132.718320576;FBK79.10;100.72;86.5869140625
132.738513885;FBK79.98;99.93;86.773681640625
132.75842712;FBK81.04;98.79;86.986083984375
132.778198351;FBK82.18;97.73;87.462158203125
132.797374346;ACK88.17;91.83;88.165283203125
132.799030584;FBK83.23;96.68;88.524169921875
132.818126046;FBK84.02;95.80;89.1302490234375
132.838156499;FBK84.73;95.10;89.6063232421875
132.858199264;FBK85.52;94.22;89.8974609375
132.87814074;FBK86.31;93.43;90.1519775390625
132.897869721;ACK90.40;89.60;90.399169921875
132.899574253;FBK87.01;92.81;90.399169921875
132.919589034;FBK87.45;92.46;90.399169921875
132.939039795;FBK87.80;92.11;90.596923828125
132.959209501;FBK88.24;91.58;90.596923828125
132.979173845;FBK88.77;91.05;90.596923828125
132.998800544;ACK90.60;89.40;90.596923828125
132.999447624;FBK89.30;90.53;90.596923828125
133.019618961;FBK89.65;90.18;90.596923828125
133.039879531;FBK89.91;89.91;90.79833984375
133.059512147;FBK90.18;89.74;91.0125732421875
133.079241192;FBK90.18;89.74;91.7156982421875
133.097975439;ACK92.02;87.98;92.2979736328125
133.099642423;FBK90.26;89.74;92.2979736328125
133.118978653;FBK90.26;89.74;94.27734375
133.138944883;FBK90.26;89.65;96.148681640625
133.159026445;FBK90.44;89.38;99.2193603515625
133.178919466;FBK90.88;88.95;100.89111328125
133.198367157;ACK102.19;77.81;102.1856689453125
133.199922776;FBK91.32;88.59;102.667236328125
133.2199089;FBK91.49;88.33;103.363037109375
133.239888244;FBK91.67;88.24;103.8006591796875
133.259946841;FBK91.93;87.89;104.06982421875
133.279846419;FBK92.37;87.54;104.24560546875
133.298849259;ACK104.25;75.75;104.24560546875
133.300468237;FBK92.99;86.92;104.24560546875
133.320203902;FBK93.69;86.13;104.4305419921875
133.339906817;FBK94.57;85.25;104.4305419921875
133.359835148;FBK95.62;84.11;104.4305419921875
133.379818741;FBK96.94;82.97;104.4305419921875
133.398670325;ACK104.79;75.21;104.7894287109375
133.400276382;FBK98.26;81.56;105.1409912109375
133.420311103;FBK99.58;80.33;106.4501953125
133.440236793;FBK100.63;79.19;109.090576171875
133.459900665;FBK101.60;78.13;110.811767578125
133.480577841;FBK102.48;77.26;112.9669189453125
133.4989419;ACK113.48;66.52;113.931884765625
133.501209313;FBK103.27;76.55;113.931884765625
133.520190911;FBK103.80;76.03;114.847412109375
133.540176186;FBK104.24;75.59;115.0341796875
133.559846646;FBK104.77;75.06;115.53955078125
133.579837583;FBK105.47;74.36;115.53955078125
133.599111702;ACK115.76;64.24;115.7574462890625
133.600818955;FBK106.35;73.56;115.7574462890625
133.619822014;FBK107.23;72.60;115.9661865234375
133.639783813;FBK108.37;71.37;115.9661865234375
133.659866958;FBK109.69;70.14;115.9661865234375
133.679800803;FBK110.83;68.91;115.9661865234375
133.699375985;ACK115.97;64.03;115.9661865234375
133.701046616;FBK112.06;67.76;115.9661865234375
133.720728943;FBK112.94;66.80;115.9661865234375
133.740739805;FBK113.82;66.01;116.4111328125
133.760748268;FBK114.43;65.39;118.2769775390625
133.780731656;FBK114.96;64.86;120.9228515625
133.799814546;ACK123.77;56.23;124.962158203125
133.801490743;FBK115.22;64.51;124.962158203125
133.820987884;FBK115.40;64.42;127.576904296875
133.840795618;FBK115.58;64.25;132.6910400390625
133.860677906;FBK115.84;63.98;135.8514404296875
133.881384507;FBK116.28;63.54;139.453125
133.900667263;ACK140.27;39.73;140.9307861328125
133.901935604;FBK116.81;62.93;140.9307861328125
133.921189414;FBK117.60;62.23;142.188720703125
133.940620286;FBK118.48;61.26;142.708740234375
133.960637481;FBK119.53;60.21;143.1610107421875
133.980607052;FBK120.76;58.97;143.411865234375
134.000268397;ACK143.83;36.17;144.0545654296875
134.001930969;FBK122.26;57.48;144.0545654296875
134.021681612;FBK123.84;55.90;145.0048828125
134.041622046;FBK125.68;54.05;149.9981689453125
134.06161391;FBK127.62;52.21;149.9981689453125
134.081609772;FBK129.73;50.01;149.9981689453125
134.100183386;ACK150.00;30.00;149.9981689453125
134.10184244;FBK131.75;47.99;149.9981689453125
134.121555726;FBK133.68;46.14;149.9981689453125
134.141536268;FBK135.44;44.38;149.9981689453125
134.161576235;FBK137.37;42.45;149.9981689453125
134.181540561;FBK139.22;40.61;149.9981689453125
134.201587309;FBK141.06;38.85;149.9981689453125
134.221502891;FBK142.65;37.27;149.9981689453125
134.241492388;FBK144.05;35.68;149.9981689453125
134.261479934;FBK145.46;34.54;149.9981689453125
134.28151939;FBK146.51;33.40;149.9981689453125
134.301747612;FBK147.39;32.52;149.9981689453125
134.322201159;FBK148.18;31.73;149.9981689453125
134.342244261;FBK148.80;31.11;149.9981689453125
134.362120088;FBK149.24;30.76;149.9981689453125
134.38168012;FBK149.41;30.59;149.9981689453125
134.4014564;FBK149.59;30.59;149.9981689453125
134.421411664;FBK149.59;30.50;149.9981689453125
134.441380553;FBK149.59;30.50;149.9981689453125
134.461367481;FBK149.59;30.50;149.9981689453125
134.481350954;FBK149.59;30.50;149.9981689453125
134.501343;FBK149.59;30.50;149.9981689453125
134.521345312;FBK149.59;30.50;149.9981689453125
134.54132063;FBK149.59;30.50;149.9981689453125
134.561343828;FBK149.59;30.50;149.9981689453125
134.581301523;FBK149.59;30.50;149.9981689453125
134.601385907;FBK149.59;30.50;149.9981689453125
134.621263737;FBK149.59;30.50;149.9981689453125
134.641900232;FBK149.59;30.50;149.9395751953125
134.661343429;FBK149.59;30.50;149.7894287109375
134.681259448;FBK149.59;30.50;149.1082763671875
134.704475437;FBK149.59;30.50;148.3905029296875
134.705702447;ACK148.88;31.12;148.3905029296875
134.721247409;FBK149.59;30.50;147.8448486328125
134.741510073;FBK149.59;30.50;147.1417236328125
134.761200571;FBK149.59;30.50;146.3104248046875
134.781490006;FBK149.41;30.67;145.704345703125
134.802724702;FBK149.33;30.76;144.4775390625
134.803125656;ACK144.94;35.06;144.4775390625
134.821165513;FBK149.15;30.85;143.3038330078125
134.841229236;FBK148.97;30.85;141.8023681640625
134.861179094;FBK148.80;30.94;141.17431640625
134.881443965;FBK148.36;31.29;140.5059814453125
134.90267124;FBK147.83;31.99;140.1123046875
134.903064422;ACK140.11;39.89;140.1123046875
134.921409089;FBK147.13;32.70;139.541015625
134.941124567;FBK146.34;33.40;139.1363525390625
134.962509781;FBK145.55;34.28;138.5870361328125
134.981693809;FBK144.49;35.33;138.3123779296875
135.003116476;FBK143.53;36.39;137.7813720703125
135.003526322;ACK137.96;42.04;137.7813720703125
135.021075574;FBK142.56;37.27;137.2320556640625
135.041041712;FBK141.77;38.14;134.893798828125
135.061110808;FBK140.89;38.94;132.8778076171875
135.081113248;FBK140.01;39.81;129.8748779296875
135.102609926;FBK139.39;40.52;127.877197265625
135.103000198;ACK127.88;52.12;127.877197265625
135.121036569;FBK138.87;41.04;125.950927734375
135.141044031;FBK138.34;41.48;125.2386474609375
135.161380323;FBK137.90;41.92;124.63623046875
135.181457254;FBK137.20;42.63;124.5062255859375
135.20248239;FBK136.41;43.42;124.3194580078125
135.202986429;ACK124.32;55.68;124.3194580078125
135.221325339;FBK135.44;44.38;124.1729736328125
135.241235824;FBK134.38;45.44;124.1729736328125
135.261262765;FBK133.15;46.76;124.1729736328125
135.280983712;FBK131.66;48.08;124.1729736328125
135.302448119;FBK130.25;49.48;124.1729736328125
135.303026169;ACK124.17;55.83;124.1729736328125
135.321016643;FBK129.02;50.89;124.1729736328125
135.341206607;FBK127.88;52.03;124.0283203125
135.361144887;FBK126.91;53.00;123.6053466796875
135.381182069;FBK126.04;53.88;122.9791259765625
135.402689392;FBK125.42;54.49;121.7047119140625
135.403124736;ACK122.18;57.82;121.7047119140625
135.420958001;FBK124.89;54.93;120.8807373046875
135.440940225;FBK124.54;55.37;120.040283203125
135.461341099;FBK124.10;55.81;119.5916748046875
135.481155275;FBK123.57;56.34;118.9434814453125
135.501996483;FBK123.05;56.78;118.6138916015625
135.502676223;ACK118.61;61.39;118.6138916015625
135.521748737;FBK122.70;57.13;118.0462646484375
135.540820196;FBK122.43;57.39;117.235107421875
135.5608622;FBK122.17;57.66;114.862060546875
135.58079891;FBK121.64;58.18;112.56591796875
135.600843697;FBK121.03;58.80;108.1109619140625
135.603594131;ACK109.59;70.41;108.1109619140625
135.620765535;FBK120.32;59.50;105.384521484375
135.640845857;FBK119.62;60.21;102.491455078125
135.661047817;FBK118.92;60.91;101.407470703125
135.680834487;FBK118.12;61.79;100.4388427734375
135.700716759;FBK117.07;62.84;100.0982666015625
135.702978658;ACK100.10;79.90;100.0982666015625
135.720789053;FBK115.84;64.07;99.7283935546875
135.741001728;FBK114.52;65.39;99.6002197265625
135.761158142;FBK113.03;66.80;99.0362548828125
135.780706685;FBK111.45;68.47;98.646240234375
135.801521633;FBK109.78;70.22;97.957763671875
135.80294633;ACK98.16;81.84;97.957763671875
135.821403873;FBK108.11;71.89;97.6171875
135.841840346;FBK106.61;73.39;97.2747802734375
135.860946668;FBK105.03;74.97;97.078857421875
135.880953617;FBK103.62;76.29;96.56982421875
135.900928677;FBK102.39;77.52;96.2969970703125
135.904173659;ACK96.30;83.70;96.2969970703125
135.920698555;FBK101.25;78.66;96.031494140625
135.940726805;FBK100.37;79.63;95.9014892578125
135.960526397;FBK99.32;80.60;95.9014892578125
135.980492598;FBK98.44;81.47;95.9014892578125
136.000503033;FBK97.73;82.09;95.7806396484375
136.003368164;ACK95.78;84.22;95.7806396484375
136.020490215;FBK97.12;82.71;95.7806396484375
136.040455232;FBK96.77;83.06;95.7806396484375
136.06047811;FBK96.42;83.41;95.7806396484375
136.080470729;FBK96.15;83.76;95.7806396484375
136.100449852;FBK96.06;83.85;95.7806396484375
136.120432812;FBK95.98;83.94;95.7806396484375
136.140569363;FBK95.98;83.94;95.650634765625
136.160876105;FBK95.98;83.94;95.3631591796875
136.181158443;FBK95.98;83.94;94.295654296875
136.201216951;FBK95.98;83.94;93.4552001953125
136.203714418;ACK93.46;86.54;93.079833984375
136.220599398;FBK95.98;83.94;92.501220703125
136.240668365;FBK95.98;83.94;92.0489501953125
136.260657978;FBK95.71;84.02;91.69189453125
136.280384741;FBK95.36;84.46;91.468505859375
136.300358586;FBK94.83;84.99;91.160888671875
136.303937201;ACK91.16;88.84;91.160888671875
136.32038722;FBK94.31;85.52;90.99609375
136.340632743;FBK93.87;85.96;90.8331298828125
136.360570861;FBK93.43;86.40;90.7159423828125
136.380622574;FBK92.81;87.01;90.56396484375
136.4006113;FBK92.29;87.54;90.56396484375
136.404507108;ACK90.56;89.44;90.56396484375
136.420588512;FBK91.85;87.98;90.56396484375
136.440528172;FBK91.49;88.33;90.443115234375
136.460560079;FBK91.14;88.68;90.443115234375
136.480551684;FBK90.97;88.86;90.443115234375
136.500607355;FBK90.88;89.03;90.3131103515625
136.504350401;ACK90.31;89.69;90.3131103515625
136.520645914;FBK90.79;89.03;90.3131103515625
136.540519717;FBK90.70;89.21;90.3131103515625
136.56051113;FBK90.62;89.30;90.3131103515625
136.58125295;FBK90.62;89.30;90.3131103515625
136.600727513;FBK90.53;89.30;90.3131103515625
136.620950211;FBK90.53;89.30;90.3131103515625
136.640212487;FBK90.53;89.30;90.3131103515625
136.660205436;FBK90.53;89.30;90.3131103515625
136.680191699;FBK90.53;89.30;90.3131103515625
136.700132607;FBK90.53;89.30;90.3131103515625
136.720437956;FBK90.53;89.30;90.3131103515625
136.740452174;FBK90.53;89.30;90.3131103515625
136.760407731;FBK90.53;89.30;90.3131103515625
136.780118665;FBK90.53;89.30;90.3131103515625
136.800156233;FBK90.53;89.30;90.3131103515625
136.820348098;FBK90.53;89.38;90.3131103515625
136.840352977;FBK90.53;89.38;90.3131103515625
136.860389169;FBK90.53;89.38;90.3131103515625
136.880372042;FBK90.53;89.38;90.3131103515625
136.90009593;FBK90.53;89.38;90.3131103515625
136.920349622;FBK90.53;89.38;90.3131103515625
136.940502657;FBK90.53;89.38;90.3131103515625
136.960434481;FBK90.53;89.38;90.3131103515625
136.980961104;FBK90.53;89.38;90.3131103515625
137.00099317;FBK90.53;89.38;90.3131103515625
137.020357159;FBK90.53;89.38;90.3131103515625
137.040320681;FBK90.53;89.38;90.3131103515625
137.060289225;FBK90.53;89.38;90.3131103515625
137.080294551;FBK90.53;89.38;90.3131103515625
137.099983639;FBK90.53;89.38;90.3131103515625
137.119961266;FBK90.53;89.38;90.3131103515625
137.139949641;FBK90.53;89.38;90.3131103515625
137.160295931;FBK90.53;89.38;90.3131103515625
137.180246562;FBK90.53;89.38;90.3131103515625
137.199935522;FBK90.53;89.38;90.3131103515625
137.220222863;FBK90.53;89.38;90.3131103515625
137.240228957;FBK90.53;89.38;90.3131103515625
137.260219507;FBK90.53;89.38;90.3131103515625
137.279912529;FBK90.53;89.38;90.3131103515625
137.299886478;FBK90.53;89.38;90.3131103515625
137.320204141;FBK90.53;89.38;90.3131103515625
137.340331491;FBK90.53;89.38;90.3131103515625
137.360171326;FBK90.53;89.38;90.3131103515625
137.38095019;FBK90.53;89.38;90.3131103515625
137.400951282;FBK90.53;89.38;90.3131103515625
137.420154905;FBK90.53;89.38;90.3131103515625
137.439900528;FBK90.53;89.38;90.3131103515625
137.46008765;FBK90.53;89.38;90.3131103515625
137.480109309;FBK90.53;89.38;90.3131103515625
137.500111617;FBK90.53;89.38;90.3131103515625
137.519790485;FBK90.53;89.38;90.3131103515625
137.540040395;FBK90.53;89.38;90.3131103515625
137.559857314;FBK90.53;89.38;90.3131103515625
137.579825685;FBK90.53;89.38;90.3131103515625
137.599918801;FBK90.53;89.38;90.3131103515625
137.619753631;FBK90.53;89.38;90.3131103515625
137.640570233;FBK90.53;89.38;90.3131103515625
137.65971094;FBK90.53;89.38;90.3131103515625
137.679983369;FBK90.53;89.38;90.3131103515625
137.699696269;FBK90.53;89.38;90.3131103515625
137.719974167;FBK90.53;89.38;90.3131103515625
137.739961442;FBK90.53;89.38;90.3131103515625
137.759684002;FBK90.53;89.38;90.3131103515625
137.779662001;FBK90.53;89.38;90.3131103515625
137.799692361;FBK90.53;89.38;90.3131103515625
137.819941535;FBK90.53;89.38;90.3131103515625
137.839916272;FBK90.53;89.38;90.3131103515625
137.859899612;FBK90.53;89.38;90.3131103515625
137.879909437;FBK90.53;89.38;90.3131103515625
137.899886188;FBK90.53;89.38;90.3131103515625
137.92019975;FBK90.53;89.38;90.3131103515625
137.940691601;FBK90.53;89.38;90.3131103515625
137.960575177;FBK90.53;89.38;90.3131103515625
137.979552053;FBK90.53;89.38;90.3131103515625
137.999619549;FBK90.53;89.38;90.3131103515625
138.019583538;FBK90.53;89.38;90.3131103515625
138.039522546;FBK90.53;89.38;90.3131103515625
138.059538096;FBK90.53;89.38;90.3131103515625
138.079526746;FBK90.53;89.38;90.3131103515625
138.099555347;FBK90.53;89.38;90.3131103515625
138.11950104;FBK90.53;89.38;90.3131103515625
138.13958053;FBK90.53;89.38;90.3131103515625
138.159497884;FBK90.53;89.38;90.3131103515625
138.179446584;FBK90.53;89.38;90.3131103515625
138.199749302;FBK90.53;89.38;90.3131103515625
138.219828824;FBK90.53;89.38;90.3131103515625
138.239680895;FBK90.53;89.38;90.3131103515625
138.259620447;FBK90.53;89.38;90.3131103515625
138.279443827;FBK90.53;89.38;90.3131103515625
138.299612237;FBK90.53;89.38;90.3131103515625
138.320507236;FBK90.53;89.38;90.3131103515625
138.339706861;FBK90.53;89.38;90.3131103515625
138.3605408;FBK90.53;89.38;90.3131103515625
138.379671146;FBK90.53;89.38;90.3131103515625
138.399658485;FBK90.53;89.38;90.3131103515625
138.41962804;FBK90.53;89.38;90.3131103515625
138.439644935;FBK90.53;89.38;90.3131103515625
138.459613371;FBK90.53;89.38;90.3131103515625
138.479602406;FBK90.53;89.38;90.3131103515625
138.499593008;FBK90.53;89.38;90.3131103515625
138.519583834;FBK90.53;89.38;90.3131103515625
138.539604855;FBK90.53;89.38;90.3131103515625
138.559295746;FBK90.53;89.38;90.3131103515625
138.57955967;FBK90.53;89.38;90.3131103515625
138.599520909;FBK90.53;89.38;90.3131103515625
138.619383918;FBK90.53;89.38;90.3131103515625
138.639291356;FBK90.53;89.38;90.3131103515625
138.659766741;FBK90.53;89.38;90.3131103515625
138.679556374;FBK90.53;89.38;90.3131103515625
138.700071774;FBK90.53;89.38;90.3131103515625
138.719967569;FBK90.53;89.38;90.3131103515625
138.739162993;FBK90.53;89.38;90.3131103515625
138.759194889;FBK90.53;89.38;90.3131103515625
138.779187347;FBK90.53;89.38;90.3131103515625
138.799480539;FBK90.53;89.38;90.3131103515625
138.819492604;FBK90.53;89.38;90.3131103515625
138.839473098;FBK90.53;89.38;90.3131103515625
138.859463956;FBK90.53;89.38;90.3131103515625
138.879428201;FBK90.53;89.38;90.3131103515625
138.899425105;FBK90.53;89.38;90.3131103515625
138.919411165;FBK90.53;89.38;90.3131103515625
138.939402854;FBK90.53;89.38;90.3131103515625
138.959196901;FBK90.53;89.38;90.3131103515625
138.979414062;FBK90.53;89.38;90.3131103515625
138.999334134;FBK90.53;89.38;90.3131103515625
139.019166884;FBK90.53;89.38;90.3131103515625
139.039098408;FBK90.53;89.38;90.3131103515625
139.059309299;FBK90.53;89.38;90.3131103515625
139.080136085;FBK90.53;89.38;90.3131103515625
139.099755263;FBK90.53;89.38;90.3131103515625
139.119840225;FBK90.53;89.38;90.3131103515625
139.139873145;FBK90.53;89.38;90.3131103515625
139.159075862;FBK90.53;89.38;90.3131103515625
139.179303322;FBK90.53;89.38;90.3131103515625
139.199057609;FBK90.53;89.38;90.3131103515625
139.219268309;FBK90.53;89.38;90.3131103515625
139.239280406;FBK90.53;89.38;90.3131103515625
139.25899727;FBK90.53;89.38;90.3131103515625
139.278978468;FBK90.53;89.38;90.3131103515625
139.299267246;FBK90.53;89.38;90.3131103515625
139.31924822;FBK90.53;89.38;90.3131103515625
139.339217903;FBK90.53;89.38;90.3131103515625
139.359178534;FBK90.53;89.38;90.3131103515625
139.379216458;FBK90.53;89.38;90.3131103515625
139.399179246;FBK90.53;89.38;90.3131103515625
139.419168295;FBK90.53;89.38;90.3131103515625
139.439189619;FBK90.53;89.38;90.3131103515625
139.459183915;FBK90.53;89.38;90.3131103515625
139.479175043;FBK90.53;89.38;90.3131103515625
139.500071395;FBK90.53;89.38;90.3131103515625
139.519615925;FBK90.53;89.38;90.3131103515625
139.538846123;FBK90.53;89.38;90.3131103515625
139.559209256;FBK90.53;89.38;90.3131103515625
139.579100331;FBK90.53;89.38;90.3131103515625
139.599036634;FBK90.53;89.38;90.3131103515625
139.619016599;FBK90.53;89.38;90.3131103515625
139.639107878;FBK90.53;89.38;90.3131103515625
139.658831534;FBK90.53;89.38;90.3131103515625
139.678819016;FBK90.53;89.38;90.3131103515625
139.698802212;FBK90.53;89.38;90.3131103515625
139.718786432;FBK90.53;89.38;90.3131103515625
139.738782262;FBK90.53;89.38;90.3131103515625
139.758799236;FBK90.53;89.38;90.3131103515625
139.778701666;FBK90.53;89.38;90.3131103515625
139.799051461;FBK90.53;89.38;90.3131103515625
139.819227664;FBK90.53;89.38;90.3131103515625
139.839025913;FBK90.53;89.38;90.3131103515625
139.859013619;FBK90.53;89.38;90.3131103515625
139.879589656;FBK90.53;89.38;90.3131103515625
139.899153027;FBK90.53;89.38;90.3131103515625
139.919548115;FBK90.53;89.38;90.3131103515625
139.938650302;FBK90.53;89.38;90.3131103515625
139.958760293;FBK90.53;89.38;90.3131103515625
139.978798186;FBK90.53;89.38;90.3131103515625
139.998813113;FBK90.53;89.38;90.3131103515625
140.018744362;FBK90.53;89.38;90.3131103515625
140.038789996;FBK90.53;89.38;90.3131103515625
140.058662326;FBK90.53;89.38;90.3131103515625
140.078931195;FBK90.53;89.38;90.3131103515625
140.098632844;FBK90.53;89.38;90.3131103515625
140.118598288;FBK90.53;89.38;90.3131103515625
140.138852347;FBK90.53;89.38;90.3131103515625
140.158914486;FBK90.53;89.38;90.3131103515625
140.178995081;FBK90.53;89.38;90.3131103515625
140.198873297;FBK90.53;89.38;90.3131103515625
140.218594106;FBK90.53;89.38;90.3131103515625
140.239394241;FBK90.53;89.38;90.3131103515625
140.259478963;FBK90.53;89.38;90.3131103515625
140.278868198;FBK90.53;89.38;90.3131103515625
140.298521963;FBK90.53;89.38;90.3131103515625
140.318491405;FBK90.53;89.38;90.3131103515625
140.338506555;FBK90.53;89.38;90.3131103515625
140.358495477;FBK90.53;89.38;90.3131103515625
140.37848906;FBK90.53;89.38;90.3131103515625
140.398503026;FBK90.53;89.38;90.3131103515625
140.418499206;FBK90.53;89.38;90.3131103515625
140.438496762;FBK90.53;89.38;90.3131103515625
140.45842948;FBK90.53;89.38;90.3131103515625
140.478418111;FBK90.53;89.38;90.3131103515625
140.498427854;FBK90.53;89.38;90.3131103515625
140.518417125;FBK90.53;89.38;90.3131103515625
140.538409883;FBK90.53;89.38;90.3131103515625
140.558422888;FBK90.53;89.38;90.3131103515625
140.578392743;FBK90.53;89.38;90.3131103515625
140.598384317;FBK90.53;89.38;90.3131103515625
140.619060287;FBK90.53;89.38;90.3131103515625
140.639089894;FBK90.53;89.38;90.3131103515625
140.659063491;FBK90.53;89.38;90.3131103515625
140.678400354;FBK90.53;89.38;90.3131103515625
140.698399765;FBK90.53;89.38;90.3131103515625
140.718348252;FBK90.53;89.38;90.3131103515625
140.738338579;FBK90.53;89.38;90.3131103515625
140.758370425;FBK90.53;89.38;90.3131103515625
140.778349108;FBK90.53;89.38;90.3131103515625
140.798375229;FBK90.53;89.38;90.3131103515625
140.818298351;FBK90.53;89.38;90.3131103515625
140.838298849;FBK90.53;89.38;90.3131103515625
140.858341091;FBK90.53;89.38;90.3131103515625
140.878304292;FBK90.53;89.38;90.3131103515625
140.898271365;FBK90.53;89.38;90.3131103515625
140.918494557;FBK90.53;89.38;90.3131103515625
140.938338831;FBK90.53;89.38;90.3131103515625
140.95875369;FBK90.53;89.38;90.3131103515625
140.978620867;FBK90.53;89.38;90.3131103515625
140.998126333;FBK90.53;89.38;90.3131103515625
141.018198291;FBK90.53;89.38;90.3131103515625
141.038192104;FBK90.53;89.38;90.3131103515625
141.058275865;FBK90.53;89.38;90.3131103515625
141.07819598;FBK90.53;89.38;90.3131103515625
141.098205179;FBK90.53;89.38;90.3131103515625
141.118190676;FBK90.53;89.38;90.3131103515625
141.138148344;FBK90.53;89.38;90.3131103515625
141.158147723;FBK90.53;89.38;90.3131103515625
141.178209668;FBK90.53;89.38;90.3131103515625
141.19826285;FBK90.53;89.38;90.3131103515625
141.218195568;FBK90.53;89.38;90.3131103515625
141.238125279;FBK90.53;89.38;90.3131103515625
141.258764719;FBK90.53;89.38;90.3131103515625
141.278767809;FBK90.53;89.38;90.3131103515625
141.298105311;FBK90.53;89.38;90.3131103515625
141.318120588;FBK90.53;89.38;90.3131103515625
141.338139159;FBK90.53;89.38;90.3131103515625
141.358086975;FBK90.53;89.38;90.3131103515625
141.378072511;FBK90.53;89.38;90.3131103515625
141.398101173;FBK90.53;89.38;90.3131103515625
141.41810514;FBK90.53;89.38;90.3131103515625
141.438056424;FBK90.53;89.38;90.3131103515625
141.458055753;FBK90.53;89.38;90.3131103515625
141.478172028;FBK90.53;89.38;90.3131103515625
141.498095355;FBK90.53;89.38;90.3131103515625
141.518067686;FBK90.53;89.38;90.3131103515625
141.538013213;FBK90.53;89.38;90.3131103515625
141.558100059;FBK90.53;89.38;90.3131103515625
141.577950807;FBK90.53;89.38;90.3131103515625
141.598665727;FBK90.53;89.38;90.3131103515625
141.618547119;FBK90.53;89.38;90.3131103515625
141.638116504;FBK90.53;89.38;90.3131103515625
141.658035961;FBK90.53;89.38;90.3131103515625
141.678205463;FBK90.53;89.38;90.3131103515625
141.698265792;FBK90.53;89.38;90.4998779296875
141.711699311;ACK90.74;89.26;90.99609375
141.717949597;FBK90.53;89.38;91.270751953125
141.73796991;FBK90.53;89.38;92.0489501953125
141.757927271;FBK90.53;89.38;92.896728515625
141.778201373;FBK90.62;89.38;93.4661865234375
141.797969208;FBK90.62;89.38;94.072265625
141.81148164;ACK94.25;85.75;94.248046875
141.817917197;FBK90.62;89.38;94.248046875
141.838001197;FBK90.62;89.38;94.5025634765625
141.857775847;FBK90.62;89.30;94.7113037109375
141.877779686;FBK90.70;89.21;96.9708251953125
141.897898936;FBK91.14;88.77;99.9737548828125
141.911976362;ACK103.63;76.37;103.6285400390625
141.917844942;FBK91.76;87.98;105.2783203125
141.938458942;FBK92.46;87.36;108.240966796875
141.958518343;FBK93.16;86.66;112.034912109375
141.977845776;FBK93.96;85.78;113.94287109375
141.998431787;FBK95.01;84.81;115.68603515625
142.012211762;ACK116.06;63.94;116.363525390625
142.017814462;FBK96.15;83.67;116.363525390625
142.037794119;FBK97.47;82.35;116.75537109375
142.057874792;FBK98.88;80.95;117.0062255859375
142.07795876;FBK100.37;79.37;117.1856689453125
142.097945838;FBK102.04;77.70;117.1856689453125
142.113356757;ACK117.19;62.81;117.1856689453125
142.117878921;FBK103.89;75.85;117.3651123046875
142.137861328;FBK105.73;74.09;117.3651123046875
142.157866287;FBK107.49;72.16;117.3651123046875
142.177776947;FBK109.16;70.49;117.3651123046875
142.197854773;FBK110.74;68.99;117.3651123046875
142.212830695;ACK117.37;62.63;117.3651123046875
142.218255449;FBK112.06;67.68;117.3651123046875
142.237824451;FBK113.20;66.53;117.3651123046875
142.258568064;FBK114.26;65.48;116.7919921875
142.278461131;FBK115.14;64.60;112.7197265625
142.297892554;FBK115.84;63.98;98.2342529296875
142.312581165;ACK96.84;83.16;96.8353271484375
142.317765341;FBK116.37;63.46;96.1962890625
142.337801904;FBK116.63;63.19;95.137939453125
142.357785783;FBK116.72;63.11;93.046875
142.378252959;FBK116.72;63.19;92.215576171875
142.397778484;FBK116.54;63.19;91.475830078125
142.413364997;ACK91.32;88.68;91.1993408203125
142.417767928;FBK116.02;63.46;91.1993408203125
142.437776149;FBK115.31;64.34;91.0015869140625
142.457716076;FBK114.43;65.48;90.8551025390625
142.47773997;FBK113.29;66.53;90.7305908203125
142.497766008;FBK112.06;67.85;90.7305908203125
142.512959231;ACK90.73;89.27;90.7305908203125
142.517717195;FBK110.65;69.35;90.7305908203125
142.53774157;FBK108.98;70.93;90.7305908203125
142.558022647;FBK107.14;72.77;90.7305908203125
142.577776116;FBK105.21;74.71;90.7305908203125
142.598617556;FBK103.18;76.73;90.7305908203125
142.618647656;FBK101.25;78.75;90.7305908203125
142.637599863;FBK99.49;80.51;90.3955078125
142.657551594;FBK97.82;82.09;89.8828125
142.677539182;FBK96.33;83.50;89.183349609375
142.697538734;FBK95.10;84.73;88.7750244140625
142.71326529;ACK88.47;91.53;88.4674072265625
142.717525332;FBK94.04;85.87;88.4674072265625
142.737544204;FBK92.99;86.84;88.2806396484375
142.757569603;FBK92.11;87.71;88.026123046875
142.777541837;FBK91.23;88.59;87.7423095703125
142.797503356;FBK90.44;89.38;86.209716796875
142.814102347;ACK85.09;94.91;83.5528564453125
142.817456174;FBK89.82;90.00;83.5528564453125
142.837441107;FBK89.30;90.62;77.9425048828125
142.857432119;FBK88.77;90.97;73.2916259765625
142.877505371;FBK88.33;91.58;57.974853515625
142.897602326;FBK87.63;92.20;55.8013916015625
142.913838863;ACK54.16;125.84;54.16259765625
142.917456653;FBK86.92;92.99;53.5638427734375
142.938023541;FBK86.31;93.60;52.6995849609375
142.958140361;FBK85.69;94.13;51.9891357421875
142.978031666;FBK85.08;94.83;52.1795654296875
142.997459532;FBK84.29;95.62;52.987060546875
143.014027559;ACK53.33;126.67;53.646240234375
143.017380906;FBK83.23;96.59;53.646240234375
143.037401506;FBK82.18;97.82;54.04541015625
143.057405696;FBK80.86;99.05;54.3109130859375
143.077495966;FBK79.37;100.55;54.503173828125
143.097453774;FBK77.70;102.30;54.678955078125
143.114428174;ACK54.68;125.32;54.678955078125
143.117477157;FBK75.76;104.06;54.678955078125
143.137518965;FBK73.83;106.08;54.678955078125
143.157571777;FBK71.63;108.19;55.0103759765625
143.177450799;FBK69.43;110.39;57.9180908203125
143.197450767;FBK67.41;112.50;74.5184326171875
143.215228189;ACK75.60;104.40;76.7596435546875
143.21745147;FBK65.48;114.52;76.7596435546875
143.237408159;FBK63.72;116.37;79.8834228515625
143.257606451;FBK62.05;117.95;81.2786865234375
143.277391909;FBK60.56;119.36;82.5311279296875
143.297691763;FBK59.15;120.76;83.111572265625
143.314773258;ACK83.63;96.37;83.631591796875
143.317412029;FBK58.01;121.82;83.9227294921875
143.338104181;FBK57.04;122.78;84.5526123046875
143.357405887;FBK56.34;123.57;85.21728515625
143.377337157;FBK55.72;124.10;85.594482421875
143.397350801;FBK55.28;124.54;86.407470703125
143.414658855;ACK86.89;93.11;87.4017333984375
143.417306323;FBK55.02;124.80;87.4017333984375
143.437359792;FBK55.02;124.80;88.5626220703125
143.457291163;FBK55.02;124.72;89.0863037109375
143.477317922;FBK55.20;124.54;89.4854736328125
143.497398421;FBK55.81;124.19;89.7216796875
143.51500582;ACK89.97;90.03;89.9688720703125
143.517334174;FBK56.69;123.22;90.1556396484375
143.537335119;FBK57.57;122.17;90.3790283203125
143.557323236;FBK58.80;120.94;90.3790283203125
143.577312409;FBK60.03;119.62;90.574951171875
143.597360281;FBK61.52;118.21;90.574951171875
143.615147486;ACK90.57;89.43;90.574951171875
143.617263278;FBK63.19;116.46;90.574951171875
143.637278234;FBK65.13;114.61;90.574951171875
143.657956751;FBK67.06;112.59;90.574951171875
143.677285145;FBK69.35;110.30;90.7470703125
143.697271535;FBK71.72;108.02;90.7470703125
143.715270822;ACK90.75;89.25;90.7470703125
143.717222547;FBK74.09;105.64;90.7470703125
143.737220485;FBK76.29;103.36;90.7470703125
143.757239599;FBK78.40;101.34;90.7470703125
143.777133735;FBK80.24;99.49;90.7470703125
143.797083787;FBK82.09;97.65;90.7470703125
143.817072448;FBK83.67;96.06;90.7470703125
143.837086156;FBK85.08;94.57;90.7470703125
143.857060071;FBK86.31;93.34;90.7470703125
143.877195046;FBK87.45;92.29;90.7470703125
143.89707981;FBK88.42;91.41;90.7470703125
143.917688306;FBK89.12;90.70;90.7470703125
143.937682565;FBK89.65;90.09;90.7470703125
143.957646084;FBK90.00;89.82;91.116943359375
143.977618335;FBK90.26;89.65;91.116943359375
143.997042821;FBK90.35;89.56;91.2890625
144.015690187;ACK91.48;88.52;91.475830078125
144.017378234;FBK90.35;89.56;91.475830078125
144.037005717;FBK90.35;89.56;92.2467041015625
144.057016003;FBK90.44;89.56;93.3416748046875
144.077038092;FBK90.70;89.21;94.63623046875
144.096992238;FBK90.97;88.95;97.5091552734375
144.115888951;ACK99.50;80.50;99.495849609375
144.117586883;FBK91.05;88.86;99.495849609375
144.136990736;FBK91.14;88.77;102.07763671875
144.156962796;FBK91.14;88.68;103.2550048828125
144.17694925;FBK91.41;88.42;104.2730712890625
144.19694127;FBK91.85;88.07;104.6612548828125
144.216357408;ACK104.90;75.10;104.90478515625
144.21792118;FBK92.46;87.45;104.90478515625
144.236951093;FBK93.16;86.75;105.106201171875
144.25691861;FBK94.04;85.78;105.106201171875
144.277076425;FBK95.10;84.81;105.106201171875
144.296903194;FBK96.33;83.50;105.2783203125
144.317575538;ACK105.28;74.72;105.2783203125
144.318845756;FBK97.82;82.09;105.2783203125
144.337887696;FBK99.23;80.68;105.2783203125
144.35872817;FBK100.37;79.45;105.2783203125
144.378676982;FBK101.51;78.31;105.2783203125
144.397987332;FBK102.39;77.34;105.2783203125
144.418251834;FBK103.18;76.55;105.2783203125
144.437979666;FBK103.89;75.85;105.2783203125
144.458005629;FBK104.33;75.41;105.2783203125
144.477927343;FBK104.59;75.23;105.2783203125
144.497916904;FBK104.77;75.06;105.2783203125
144.518219824;FBK104.85;75.06;105.2783203125
144.537988441;FBK104.94;75.06;105.2783203125
144.557902125;FBK104.94;75.06;105.2783203125
144.577989539;FBK104.94;75.06;106.3604736328125
144.597914259;FBK104.94;75.06;109.566650390625
144.616993492;ACK113.73;66.27;116.044921875
144.618684307;FBK104.94;75.06;116.044921875
144.638051948;FBK104.94;75.06;120.545654296875
144.657907061;FBK104.94;74.97;126.031494140625
144.677912553;FBK105.12;74.71;128.6920166015625
144.698446845;FBK105.56;74.27;131.1309814453125
144.717665324;ACK132.03;47.97;132.0318603515625
144.719633895;FBK106.17;73.56;132.3065185546875
144.739532672;FBK106.87;72.86;132.5299072265625
144.759421822;FBK107.75;71.89;131.187744140625
144.778837222;FBK108.90;70.84;130.4498291015625
144.798835004;FBK110.21;69.61;129.840087890625
144.817457985;ACK129.84;50.16;129.6240234375
144.819119242;FBK111.53;68.20;129.6240234375
144.838834566;FBK113.12;66.62;129.4775390625
144.858811684;FBK114.96;64.86;129.3475341796875
144.878768329;FBK116.81;62.93;129.3475341796875
144.898759809;FBK118.74;60.91;129.3475341796875
144.917681531;ACK129.54;50.46;129.5379638671875
144.919378743;FBK120.59;59.15;129.818115234375
144.938781828;FBK122.17;57.57;130.4132080078125
144.958720687;FBK123.66;56.07;131.0943603515625
144.978732864;FBK124.98;54.76;131.378173828125
144.998775878;FBK126.21;53.53;131.55029296875
145.01787971;ACK131.55;48.45;131.55029296875
145.01963818;FBK127.27;52.56;131.55029296875
145.038645663;FBK127.97;51.77;131.55029296875
145.058723672;FBK128.76;51.06;131.55029296875
145.078888978;FBK129.37;50.36;131.55029296875
145.098713606;FBK130.08;49.75;131.1053466796875
145.118924783;ACK129.89;50.11;128.800048828125
145.120801035;FBK130.61;49.31;128.800048828125
145.140074918;FBK130.87;49.04;125.33203125
145.16048244;FBK130.96;48.96;108.6895751953125
145.180396732;FBK130.87;48.96;105.457763671875
145.19968677;FBK130.78;49.04;100.5999755859375
145.218075852;ACK99.39;80.61;98.3770751953125
145.219870405;FBK130.52;49.13;98.3770751953125
145.239944351;FBK130.25;49.31;96.4251708984375
145.259930426;FBK129.99;49.66;95.6982421875
145.279627964;FBK129.64;50.10;95.0335693359375
145.299611927;FBK129.20;50.63;94.7442626953125
145.318248696;ACK94.32;85.68;94.3231201171875
145.31998487;FBK128.50;51.33;94.1162109375
145.339875075;FBK127.71;52.12;93.8250732421875
145.359884788;FBK126.65;53.09;93.4130859375
145.379881304;FBK125.51;54.23;93.079833984375
145.399865003;FBK124.19;55.55;92.552490234375
145.418802829;ACK92.40;87.60;92.4005126953125
145.420345519;FBK122.61;57.13;92.4005126953125
145.439856872;FBK121.03;58.71;92.0361328125
145.459578903;FBK119.18;60.56;91.5765380859375
145.479628818;FBK117.16;62.58;91.10595703125
145.500033777;FBK114.96;64.86;90.9814453125
145.519661057;ACK90.76;89.24;90.63720703125
145.520995052;FBK112.50;67.32;90.63720703125
145.540234949;FBK110.21;69.61;90.63720703125
145.560100097;FBK107.75;72.07;90.4962158203125
145.579505567;FBK105.47;74.36;90.4962158203125
145.599489906;FBK103.36;76.46;90.4962158203125
145.618869049;ACK90.50;89.50;90.4962158203125
145.620623984;FBK101.25;78.49;90.4962158203125
145.640432673;FBK99.49;80.33;90.4962158203125
145.660410582;FBK97.73;82.09;90.4962158203125
145.680416928;FBK96.24;83.50;90.4962158203125
145.700404818;FBK95.01;84.81;90.3460693359375
145.719115716;ACK90.16;89.84;90.1556396484375
145.720754788;FBK93.87;85.87;90.0384521484375
145.74039208;FBK92.90;86.92;89.71435546875
145.760373956;FBK92.11;87.71;89.4488525390625
145.780368211;FBK91.41;88.33;89.3096923828125
145.80035802;FBK90.97;88.86;88.87939453125
145.819384903;ACK88.72;91.28;88.5205078125
145.821066712;FBK90.62;89.30;88.5205078125
145.840552314;FBK90.53;89.38;88.1011962890625
145.860471363;FBK90.26;89.47;87.7752685546875
145.88032538;FBK90.00;89.74;87.32666015625
145.90095861;FBK89.65;90.18;86.8853759765625
145.919621333;ACK86.33;93.67;86.06689453125
145.921894231;FBK89.30;90.53;86.06689453125
145.940706725;FBK89.03;90.70;85.56884765625
145.960324888;FBK88.86;90.88;84.9334716796875
145.98031153;FBK88.59;91.23;84.656982421875
146.00028624;FBK88.24;91.58;84.4464111328125
146.01975991;ACK84.31;95.69;84.305419921875
146.021408387;FBK87.63;92.20;84.305419921875
146.041275487;FBK87.19;92.64;83.9501953125
146.061430645;FBK86.75;93.08;83.3660888671875
146.081236583;FBK86.22;93.60;82.09716796875
146.101209789;FBK85.61;94.13;81.3262939453125
146.119972253;ACK80.64;99.36;80.33203125
146.12164373;FBK85.17;94.66;80.33203125
146.141244715;FBK84.81;95.01;79.8541259765625
146.161238234;FBK84.55;95.27;79.5281982421875
146.181224492;FBK84.20;95.62;79.3267822265625
146.201151923;FBK83.67;96.06;79.1912841796875
146.221472112;ACK79.19;100.81;79.1912841796875
146.222020751;FBK82.97;96.77;79.1912841796875
146.24121855;FBK82.35;97.47;79.061279296875
146.261776095;FBK81.74;98.09;79.061279296875
146.28174895;FBK81.04;98.79;78.907470703125
146.301228442;FBK80.42;99.40;78.790283203125
146.320909335;ACK78.62;101.38;78.621826171875
146.322790562;FBK79.89;99.84;78.621826171875
146.342432301;FBK79.63;100.11;78.2940673828125
146.36224326;FBK79.45;100.37;77.164306640625
146.382200597;FBK79.19;100.55;76.4117431640625
146.402191794;FBK79.01;100.90;74.058837890625
146.420803303;ACK72.00;108.00;72.0025634765625
146.422473259;FBK78.93;100.99;72.0025634765625
146.44222441;FBK78.84;101.07;69.6478271484375
146.462208984;FBK78.84;101.07;68.5748291015625
146.482205619;FBK78.57;101.25;67.598876953125
146.502176278;FBK78.13;101.69;67.2088623046875
146.521011775;ACK67.06;112.94;66.8572998046875
146.522674021;FBK77.52;102.30;66.8572998046875
146.542175562;FBK76.82;103.10;66.73828125
146.5621388;FBK75.85;103.97;66.73828125
146.582146343;FBK74.79;105.03;66.59912109375
146.602175126;FBK73.65;106.26;66.4581298828125
146.621286784;ACK66.19;113.81;66.185302734375
146.622894137;FBK72.25;107.58;66.185302734375
146.642187173;FBK71.10;108.72;65.86669921875
146.662137839;FBK70.05;109.78;65.709228515625
146.682126701;FBK68.99;110.83;65.5865478515625
146.702456885;FBK68.20;111.62;65.5865478515625
146.722361711;ACK65.59;114.41;65.5865478515625
146.723666864;FBK67.59;112.41;65.5865478515625
146.742753794;FBK67.06;112.85;65.5865478515625
146.7620991;FBK66.71;113.20;65.4656982421875
146.782086106;FBK66.27;113.64;65.4656982421875
146.802124358;FBK66.09;113.82;65.4656982421875
146.821858587;ACK64.95;115.05;64.947509765625
146.823557205;FBK65.92;113.91;64.947509765625
146.843109735;FBK65.92;113.91;60.7598876953125
146.863086697;FBK65.74;113.99;57.9290771484375
146.883048207;FBK65.48;114.26;54.88037109375
146.903217775;FBK65.30;114.52;53.5601806640625
146.921716971;ACK52.71;127.29;52.3883056640625
146.923589097;FBK65.13;114.61;52.3883056640625
146.942958363;FBK65.13;114.70;51.9287109375
146.963059026;FBK65.13;114.79;51.6339111328125
146.982983877;FBK64.95;115.05;51.4471435546875
147.00303051;FBK64.42;115.49;51.3189697265625
147.022056438;ACK51.19;128.81;51.18896484375
147.023701314;FBK63.81;116.02;51.18896484375
147.043166067;FBK63.11;116.72;51.18896484375
147.062941465;FBK62.23;117.60;51.064453125
147.082986211;FBK61.17;118.65;51.064453125
147.103684238;FBK59.94;119.97;51.064453125
147.12233279;ACK51.06;128.94;51.064453125
147.124155589;FBK58.45;121.38;51.064453125
147.144793636;FBK57.13;122.78;49.3853759765625
147.16422093;FBK55.81;124.10;46.2835693359375
147.184245683;FBK54.67;125.24;43.011474609375
147.204074375;FBK53.70;126.12;39.19189453125
147.222534576;ACK37.73;142.27;37.7325439453125
147.224224301;FBK52.82;126.91;37.7325439453125
147.243929964;FBK52.21;127.62;36.5057373046875
147.263926054;FBK51.59;128.23;36.053466796875
147.283914436;FBK50.98;128.85;35.69091796875
147.303922651;FBK50.19;129.55;35.562744140625
147.322709364;ACK35.56;144.44;36.053466796875
147.324392595;FBK49.22;130.61;36.053466796875
147.343909426;FBK48.25;131.66;37.584228515625
147.363918216;FBK46.93;132.80;41.0504150390625
147.383883758;FBK45.53;134.21;44.0130615234375
147.404068715;FBK44.03;135.79;48.0194091796875
147.42297618;ACK50.02;129.98;50.01708984375
147.424800754;FBK42.45;137.37;50.855712890625
147.444806091;FBK41.04;138.69;52.822265625
147.464952309;FBK39.90;140.01;55.0982666015625
147.483886933;FBK38.85;141.06;59.3096923828125
147.503879954;FBK37.88;142.03;62.7923583984375
147.523116524;ACK66.60;113.40;68.2489013671875
147.524790812;FBK37.09;142.73;68.2489013671875
147.544848228;FBK36.47;143.35;72.8997802734375
147.564865337;FBK36.12;143.70;75.5255126953125
147.584948345;FBK35.95;143.88;78.218994140625
147.604849397;FBK35.95;143.88;79.25537109375
147.623135117;ACK80.06;99.94;80.0628662109375
147.624933268;FBK36.04;143.70;80.5718994140625
147.644790591;FBK36.30;143.61;81.734619140625
147.664844136;FBK36.91;143.17;83.7286376953125
147.684779608;FBK37.79;142.21;84.898681640625
147.704845821;FBK38.76;141.15;86.3433837890625
147.72335809;ACK86.67;93.33;86.982421875
147.725135639;FBK39.99;139.83;86.982421875
147.744858703;FBK41.31;138.60;88.1121826171875
147.764748047;FBK42.89;137.02;88.7493896484375
147.784894745;FBK44.56;135.26;89.4891357421875
147.804734954;FBK46.58;133.42;89.7821044921875
147.824415471;ACK89.99;90.01;89.9908447265625
147.825948047;FBK48.69;131.31;89.9908447265625
147.845351665;FBK50.89;129.11;89.9908447265625
147.86709834;FBK53.26;126.74;90.1666259765625
147.884971175;FBK55.81;124.19;90.1666259765625
147.904666248;FBK58.54;121.29;90.1666259765625
147.923761202;ACK90.17;89.83;90.1666259765625
147.925522884;FBK61.61;118.21;90.1666259765625
147.944762238;FBK64.34;115.49;90.1666259765625
147.964938622;FBK67.15;112.68;90.1666259765625
147.984649849;FBK69.96;109.95;90.1666259765625
148.004749555;FBK72.51;107.49;90.1666259765625
148.024288552;ACK90.55;89.45;90.5511474609375
148.025750687;FBK75.06;104.94;90.7305908203125
148.045721444;FBK77.17;102.74;91.2176513671875
148.065721503;FBK79.19;100.63;91.9317626953125
148.085638166;FBK81.04;98.79;92.2467041015625
148.105690879;FBK82.79;97.03;92.4810791015625
148.124199246;ACK92.48;87.52;92.4810791015625
148.125834378;FBK84.37;95.45;92.4810791015625
148.145576572;FBK85.61;94.04;93.2940673828125
148.165452768;FBK86.84;92.90;94.0008544921875
148.185667283;FBK88.07;91.76;95.1873779296875
148.205452758;FBK89.21;90.62;95.994873046875
148.225199046;ACK96.61;83.39;96.6119384765625
148.226998924;FBK90.18;89.65;96.8408203125
148.246103699;FBK90.88;88.95;97.049560546875
148.265879609;FBK91.49;88.24;97.540283203125
148.285425772;FBK92.20;87.63;97.540283203125
148.305481076;FBK93.08;86.75;97.752685546875
148.324946498;ACK97.75;82.25;97.752685546875
148.326997524;FBK94.04;85.78;97.752685546875
148.345760077;FBK94.66;85.17;99.0252685546875
148.365394413;FBK95.36;84.37;101.773681640625
148.385520886;FBK96.06;83.76;107.6458740234375
148.405466682;FBK96.59;83.23;110.9765625
148.425277291;ACK113.52;66.48;113.5198974609375
148.426886876;FBK97.03;82.88;114.503173828125
148.446512297;FBK97.29;82.71;116.077880859375
148.466464076;FBK97.38;82.44;117.476806640625
148.486443877;FBK97.73;82.18;118.004150390625
148.506434011;FBK98.09;81.74;118.465576171875
148.52551401;ACK118.47;61.53;118.6376953125
148.527100531;FBK98.79;81.12;118.6376953125
148.546706758;FBK99.58;80.33;118.6376953125
148.566491743;FBK100.37;79.45;118.868408203125
148.586423848;FBK101.51;78.40;119.5953369140625
148.606483143;FBK102.74;77.17;121.7303466796875
148.625970785;ACK124.56;55.44;125.9271240234375
148.627090707;FBK104.15;75.67;125.9271240234375
148.646532252;FBK105.73;74.18;128.3935546875
148.667058179;FBK107.49;72.25;131.5191650390625
148.686653434;FBK109.42;70.31;133.27880859375
148.706796925;FBK111.45;68.29;134.7894287109375
148.726013552;ACK135.11;44.89;135.3314208984375
148.727420932;FBK113.55;66.36;135.3314208984375
148.747374277;FBK115.31;64.51;135.8477783203125
148.767402799;FBK117.07;62.75;136.0345458984375
148.787394244;FBK118.92;61.00;136.0345458984375
148.807361953;FBK120.85;58.89;136.2213134765625
148.826101872;ACK136.22;43.78;136.2213134765625
148.827808545;FBK122.87;56.95;136.2213134765625
148.847654502;FBK124.72;55.02;136.2213134765625
148.867615174;FBK126.56;53.26;136.2213134765625
148.887330965;FBK128.14;51.59;136.2213134765625
148.907332327;FBK129.64;50.01;136.2213134765625
148.927612222;FBK131.04;48.78;136.2213134765625
148.947616176;FBK132.28;47.64;133.9471435546875
148.967330656;FBK133.33;46.58;116.942138671875
148.987372228;FBK134.12;45.70;101.422119140625
149.007308844;FBK134.82;45.09;98.6700439453125
149.026902819;ACK96.72;83.28;95.9912109375
149.027776549;FBK135.26;44.65;95.9912109375
149.047325547;FBK135.62;44.38;94.9163818359375
149.06799725;FBK135.62;44.30;93.9862060546875
149.087921038;FBK135.62;44.30;93.570556640625
149.10767173;FBK135.44;44.47;93.1695556640625
149.126273294;ACK92.99;87.01;92.6239013671875
149.128069186;FBK135.09;44.56;92.6239013671875
149.147292307;FBK134.38;45.35;91.4044189453125
149.167334328;FBK133.51;46.41;90.772705078125
149.187210931;FBK132.36;47.55;89.945068359375
149.207163413;FBK131.13;48.69;89.5147705078125
149.226513372;ACK89.16;90.84;89.1558837890625
149.228440549;FBK129.64;50.19;89.007568359375
149.247286769;FBK128.14;51.77;88.7384033203125
149.267269418;FBK126.39;53.61;88.5699462890625
149.287223723;FBK124.37;55.55;88.2476806640625
149.307207939;FBK122.26;57.74;88.0755615234375
149.326671525;ACK88.08;91.92;87.9327392578125
149.328479157;FBK119.79;60.12;87.9327392578125
149.348225275;FBK117.33;62.58;87.9327392578125
149.3682124;FBK114.70;65.30;87.81005859375
149.38858892;FBK111.97;67.94;87.81005859375
149.408589944;FBK109.25;70.75;87.81005859375
149.427514385;ACK87.81;92.19;87.81005859375
149.428956739;FBK106.70;73.39;87.81005859375
149.448451077;FBK104.33;75.85;87.81005859375
149.468784603;FBK102.04;78.05;87.685546875
149.488801878;FBK99.84;80.16;87.685546875
149.508042602;FBK97.91;82.09;87.685546875
149.527430382;ACK87.69;92.31;87.48779296875
149.529896537;FBK95.98;83.85;87.48779296875
149.548045642;FBK94.48;85.34;87.0648193359375
149.568287389;FBK93.08;86.84;86.78466796875
149.588044299;FBK91.85;88.15;86.231689453125
149.608106776;FBK90.79;89.21;85.869140625
149.627627698;ACK85.69;94.31;85.68603515625
149.629337135;FBK89.82;90.09;85.68603515625
149.649279938;FBK89.03;90.79;85.51025390625
149.669007545;FBK88.42;91.49;85.51025390625
149.688938192;FBK87.71;92.11;85.51025390625
149.709267911;FBK87.10;92.81;85.37841796875
149.727924342;ACK85.38;94.62;85.37841796875
149.729326645;FBK86.57;93.34;85.37841796875
149.748959851;FBK86.13;93.69;85.37841796875
149.769233204;FBK85.96;93.87;85.37841796875
149.789214746;FBK85.78;94.04;85.2484130859375
149.80924984;FBK85.69;94.22;85.2484130859375
149.828642387;ACK85.07;94.93;84.9481201171875
149.83004373;FBK85.61;94.22;84.9481201171875
149.84997876;FBK85.61;94.22;84.818115234375
149.870188325;FBK85.52;94.22;84.68994140625
149.889920091;FBK85.43;94.48;84.2816162109375
149.910924603;FBK85.25;94.57;82.4652099609375
149.928559536;ACK80.87;99.13;80.8740234375
149.931371852;FBK85.25;94.57;80.8740234375
149.949893957;FBK85.25;94.57;78.914794921875
149.970127003;FBK85.25;94.57;78.087158203125
149.990129659;FBK84.99;94.83;77.347412109375
150.00992355;FBK84.55;95.27;77.0672607421875
150.029323134;ACK76.88;103.12;76.8841552734375
150.030897127;FBK83.94;95.89;76.8841552734375
150.050424862;FBK83.23;96.59;76.8841552734375
150.070116801;FBK82.44;97.38;76.7230224609375
150.089852694;FBK81.56;98.26;77.559814453125
150.109843162;FBK80.51;99.32;79.43115234375
150.129334142;ACK80.40;99.60;80.3961181640625
150.131205159;FBK79.54;100.20;80.3961181640625
150.150210981;FBK78.84;101.07;81.4947509765625
150.169940701;FBK78.13;101.69;82.3333740234375
150.1901677;FBK77.70;102.13;83.3953857421875
150.210505641;FBK77.34;102.48;83.8824462890625
150.23088971;ACK84.40;95.60;84.7906494140625
150.232624515;FBK77.26;102.57;84.7906494140625
150.250988911;FBK77.26;102.57;85.400390625
150.270823397;FBK77.34;102.39;85.880126953125
150.290870262;FBK77.70;102.13;86.077880859375
150.310943296;FBK78.49;101.43;86.077880859375
150.329501869;ACK86.25;93.75;86.25
150.331245311;FBK79.37;100.37;86.25
150.35072004;FBK80.42;99.40;86.25
150.370726163;FBK81.47;98.35;86.25
150.390733943;FBK82.44;97.29;86.25
150.410719937;FBK83.50;96.33;86.25
150.430731843;FBK84.20;95.54;86.25
150.450661183;FBK84.90;94.92;86.25
150.470699832;FBK85.34;94.48;86.25
150.490754701;FBK85.61;94.22;86.25
150.510672844;FBK85.78;94.04;86.25
150.531432803;FBK85.87;94.04;86.25
150.551337479;FBK85.96;94.04;86.25
150.570665567;FBK85.96;94.04;86.25
150.590663781;FBK85.96;94.04;86.25
150.610762284;FBK85.96;94.04;86.25
150.630719903;FBK85.96;94.04;86.25
150.650683216;FBK85.96;94.04;86.25
150.670669274;FBK85.96;94.04;86.25
150.690654373;FBK85.96;94.04;86.25
150.710634481;FBK85.96;94.04;86.25
150.730645203;FBK85.96;94.04;86.25
150.750625247;FBK85.96;94.04;86.25
150.770697134;FBK85.96;94.04;86.25
150.790629001;FBK85.96;94.04;86.25
150.811115958;FBK85.96;94.04;86.25
150.831248978;FBK85.96;94.04;86.25
150.851257525;FBK85.96;94.04;86.25
150.870577488;FBK85.96;94.04;86.25
150.89058338;FBK85.96;94.04;86.25
150.910527147;FBK85.96;94.04;86.25
150.930568068;FBK85.96;94.04;86.25
150.950624792;FBK85.96;94.04;86.25
150.970639321;FBK85.96;94.04;86.25
150.990578162;FBK85.96;94.04;86.25
151.010549185;FBK85.96;94.04;86.25
151.030540745;FBK85.96;94.04;86.25
151.050505082;FBK85.96;94.04;86.25
151.070576649;FBK85.96;94.04;86.25
151.090664371;FBK85.96;94.04;86.25
151.110504523;FBK85.96;94.04;86.25
151.131027053;FBK85.96;94.04;86.25
151.15097194;FBK85.96;94.04;86.25
151.171381577;FBK85.96;94.04;86.25
151.191328096;FBK85.96;94.04;86.25
151.210474321;FBK85.96;94.04;86.25
151.230450526;FBK85.96;94.04;86.25
151.250435688;FBK85.96;94.04;86.25
151.270551978;FBK85.96;94.04;86.25
151.290372808;FBK85.96;94.04;86.25
151.310388296;FBK85.96;94.04;86.25
151.330496108;FBK85.96;94.04;86.25
151.350667548;FBK85.96;94.04;86.25
151.370418616;FBK85.96;94.04;86.25
151.390417947;FBK85.96;94.04;86.25
151.410406817;FBK85.96;94.04;86.25
151.430425245;FBK85.96;94.04;86.25
151.450390571;FBK85.96;94.04;86.25
151.470393548;FBK85.96;94.04;86.25
151.490340223;FBK85.96;94.04;86.25
151.510992409;FBK85.96;94.04;86.25
151.531001113;FBK85.96;94.04;86.25
151.550391767;FBK85.96;94.04;86.43310546875
151.570394968;FBK85.96;94.04;86.43310546875
151.590356454;FBK85.96;94.04;86.43310546875
151.610330289;FBK85.96;94.04;86.43310546875
151.63174237;FBK85.96;94.04;86.43310546875
151.632129163;ACK86.43;93.57;86.43310546875
151.65035755;FBK85.96;94.04;86.43310546875
151.670317852;FBK85.96;93.96;86.43310546875
151.690333018;FBK86.04;93.87;86.43310546875
151.710318465;FBK86.13;93.87;86.43310546875
151.730331456;FBK86.13;93.87;86.43310546875
151.750314119;FBK86.13;93.87;86.43310546875
151.770450944;FBK86.13;93.87;86.43310546875
151.790282678;FBK86.13;93.87;86.43310546875
151.810321709;FBK86.13;93.87;86.43310546875
151.830880164;FBK86.13;93.87;86.43310546875
151.851160784;FBK86.13;93.87;86.43310546875
151.870259783;FBK86.13;93.87;86.43310546875
151.890241647;FBK86.13;93.87;86.43310546875
151.910249999;FBK86.13;93.87;86.43310546875
151.930225209;FBK86.13;93.87;86.43310546875
151.950197444;FBK86.13;93.87;86.43310546875
151.97050724;FBK86.13;93.87;86.43310546875
151.990494766;FBK86.13;93.87;86.43310546875
152.010506861;FBK86.13;93.87;86.43310546875
152.030187057;FBK86.13;93.87;86.43310546875
152.05016729;FBK86.13;93.87;86.43310546875
152.070478013;FBK86.13;93.87;86.43310546875
152.090171454;FBK86.13;93.87;86.43310546875
152.110148743;FBK86.13;93.87;86.43310546875
152.1301554;FBK86.13;93.87;86.43310546875
152.150123892;FBK86.13;93.87;86.43310546875
152.170315036;FBK86.13;93.87;86.43310546875
152.190125112;FBK86.13;93.87;86.43310546875
152.210244918;FBK86.13;93.87;86.43310546875
152.230836675;FBK86.13;93.87;86.43310546875
152.250265813;FBK86.13;93.87;86.43310546875
152.270135199;FBK86.13;93.87;86.43310546875
152.290121382;FBK86.13;93.87;86.43310546875
152.310128806;FBK86.13;93.87;86.43310546875
152.330170012;FBK86.13;93.87;86.43310546875
152.350163425;FBK86.13;93.87;86.43310546875
152.370132784;FBK86.13;93.87;86.43310546875
152.390100625;FBK86.13;93.87;86.43310546875
152.41007077;FBK86.13;93.87;86.43310546875
152.430078599;FBK86.13;93.87;86.43310546875
152.450125553;FBK86.13;93.87;86.43310546875
152.470143267;FBK86.13;93.87;86.43310546875
152.490050134;FBK86.13;93.87;86.43310546875
152.510025333;FBK86.13;93.87;86.43310546875
152.530686725;FBK86.13;93.87;86.43310546875
152.550787615;FBK86.13;93.87;86.43310546875
152.570047093;FBK86.13;93.87;86.43310546875
152.589993437;FBK86.13;93.87;86.43310546875
152.61004263;FBK86.13;93.87;86.43310546875
152.630020932;FBK86.13;93.87;86.43310546875
152.650019931;FBK86.13;93.87;86.43310546875
152.670039405;FBK86.13;93.87;86.43310546875
152.68994205;FBK86.13;93.87;86.43310546875
152.709971824;FBK86.13;93.87;86.43310546875
152.729953102;FBK86.13;93.87;86.43310546875
152.750028686;FBK86.13;93.87;86.43310546875
152.769978293;FBK86.13;93.87;86.43310546875
152.789956627;FBK86.13;93.87;86.43310546875
152.809970214;FBK86.13;93.87;86.43310546875
152.829956962;FBK86.13;93.87;86.43310546875
152.85015267;FBK86.13;93.87;86.43310546875
152.86994722;FBK86.13;93.87;86.2957763671875
152.889894107;FBK86.13;93.87;85.2850341796875
152.910676903;FBK86.13;93.87;82.3004150390625
152.930545382;FBK86.13;93.87;76.9061279296875
152.933437503;ACK76.91;103.09;76.9061279296875
152.949970091;FBK86.13;93.87;73.531494140625
152.969881117;FBK86.13;93.87;69.884033203125
152.989914219;FBK86.13;93.87;68.4027099609375
153.009920224;FBK85.96;93.87;66.9635009765625
153.029904093;FBK85.61;94.22;66.1285400390625
153.034244513;ACK66.13;113.87;65.5224609375
153.049901525;FBK84.81;95.01;64.2205810546875
153.069875285;FBK83.94;95.98;62.9534912109375
153.089888904;FBK82.88;97.03;61.5509033203125
153.109857097;FBK81.74;98.17;60.1995849609375
153.129853985;FBK80.33;99.58;58.201904296875
153.133787713;ACK58.20;121.80;58.201904296875
153.150001101;FBK78.75;101.16;57.4163818359375
153.170003907;FBK76.99;102.83;56.7059326171875
153.189913942;FBK75.15;104.77;56.5631103515625
153.210003602;FBK73.04;106.79;56.1822509765625
153.229990158;FBK70.93;108.90;56.1822509765625
153.233998806;ACK56.18;123.82;56.0595703125
153.250030841;FBK68.99;110.83;56.0595703125
153.269968931;FBK67.24;112.68;56.78466796875
153.290329806;FBK65.48;114.43;60.84228515625
153.31063489;FBK63.81;116.10;89.739990234375
153.330683379;FBK62.31;117.51;88.9361572265625
153.333986288;ACK88.94;91.06;88.9361572265625
153.35065685;FBK61.00;118.83;88.5919189453125
153.369995346;FBK59.85;120.06;88.2806396484375
153.389959682;FBK58.80;121.03;88.16162109375
153.409843945;FBK58.01;121.82;88.0389404296875
153.430014172;FBK57.39;122.43;88.0389404296875
153.434250775;ACK88.04;91.96;88.0389404296875
153.449850769;FBK56.95;122.87;88.0389404296875
153.469952249;FBK56.69;123.13;88.0389404296875
153.489832705;FBK56.69;123.13;88.4051513671875
153.509907312;FBK56.69;123.13;88.656005859375
153.529895705;FBK56.87;123.05;89.21630859375
153.53452496;ACK89.22;90.78;89.21630859375
153.549889408;FBK57.30;122.70;89.59716796875
153.569930745;FBK58.10;121.73;90.4998779296875
153.589873999;FBK59.15;120.67;91.12060546875
153.610293272;FBK60.21;119.53;91.5399169921875
153.630630714;FBK61.52;118.30;91.80908203125
153.63486946;ACK91.81;88.19;91.80908203125
153.650515393;FBK62.93;116.81;92.0452880859375
153.669978597;FBK64.60;115.05;92.0452880859375
153.689752397;FBK66.45;113.20;92.2430419921875
153.709901318;FBK68.47;111.27;92.2430419921875
153.72989806;FBK70.58;109.07;92.2430419921875
153.735225285;ACK92.24;87.76;92.2430419921875
153.749845633;FBK72.95;106.79;92.2430419921875
153.769834793;FBK75.41;104.41;92.6129150390625
153.789772257;FBK77.61;102.13;92.8070068359375
153.809858605;FBK79.72;100.11;93.2720947265625
153.829651631;FBK81.65;98.09;93.5595703125
153.835759457;ACK93.56;86.44;93.5595703125
153.849705316;FBK83.50;96.24;93.768310546875
153.869685616;FBK85.08;94.57;93.9862060546875
153.889661852;FBK86.66;93.08;94.2132568359375
153.909981282;FBK88.07;91.76;94.2132568359375
153.929497111;FBK89.30;90.53;94.43115234375
153.935701964;ACK94.43;85.57;94.43115234375
153.949501371;FBK90.44;89.38;94.65087890625
153.970032451;FBK91.32;88.42;95.3778076171875
153.990073148;FBK92.20;87.63;96.719970703125
154.010253196;FBK92.81;87.01;100.576171875
154.029593684;FBK93.43;86.40;103.641357421875
154.03615987;ACK103.64;76.36;105.3021240234375
154.049506867;FBK93.78;86.13;108.2904052734375
154.069572869;FBK93.96;85.87;111.36474609375
154.089556591;FBK94.22;85.69;115.6292724609375
154.109539641;FBK94.57;85.34;118.0902099609375
154.129551803;FBK95.10;84.73;122.501220703125
154.136274519;ACK122.50;57.50;122.501220703125
154.149558142;FBK95.80;84.02;125.4931640625
154.169475676;FBK96.68;83.23;129.0106201171875
154.189492156;FBK97.73;82.18;130.7904052734375
154.209423509;FBK98.88;81.04;132.9107666015625
154.229590025;FBK100.20;79.63;133.824462890625
154.2371142;ACK133.82;46.18;134.1650390625
154.249614535;FBK101.78;78.13;134.6356201171875
154.269590804;FBK103.36;76.46;134.89013671875
154.289872773;FBK105.29;74.53;133.9398193359375
154.309944981;FBK107.31;72.42;130.653076171875
154.329635254;FBK109.69;70.14;115.7647705078125
154.336676564;ACK115.76;64.24;115.7647705078125
154.350442349;FBK112.06;67.76;111.5625
154.370735838;FBK114.52;65.39;105.4925537109375
154.38991708;FBK116.89;62.93;102.1142578125
154.409653872;FBK119.18;60.64;98.0438232421875
154.429520035;FBK121.29;58.45;96.2493896484375
154.436514418;ACK96.25;83.75;95.4400634765625
154.449466463;FBK123.22;56.60;94.1015625
154.469609089;FBK124.98;54.76;92.9388427734375
154.48962724;FBK126.56;53.17;91.7413330078125
154.509512405;FBK128.14;51.77;91.2176513671875
154.529433912;FBK129.37;50.45;90.6298828125
154.536878341;ACK90.63;89.37;90.6298828125
154.549538758;FBK130.43;49.39;90.084228515625
154.569536115;FBK131.40;48.52;89.366455078125
154.589505544;FBK132.10;47.72;89.0625
154.609494295;FBK132.63;47.20;88.8079833984375
154.629437459;FBK133.07;46.85;88.6431884765625
154.637942316;ACK88.64;91.36;88.6431884765625
154.649479795;FBK133.15;46.67;88.33740234375
154.669455622;FBK133.15;46.67;87.989501953125
154.690231665;FBK133.15;46.85;86.9989013671875
154.709883458;FBK132.89;46.93;85.9881591796875
154.730367265;FBK132.28;47.37;83.29833984375
154.737339927;ACK83.30;96.70;81.910400390625
154.749424959;FBK131.40;48.43;80.467529296875
154.769434984;FBK130.34;49.48;76.8017578125
154.78941433;FBK129.20;50.71;75.0018310546875
154.809426787;FBK127.79;52.12;73.38134765625
154.829427727;FBK126.21;53.70;72.7606201171875
154.837839778;ACK72.54;107.46;72.5372314453125
154.849419037;FBK124.54;55.37;72.2076416015625
154.869389458;FBK122.61;57.30;72.0062255859375
154.889405977;FBK120.50;59.41;72.0867919921875
154.909404933;FBK118.21;61.70;73.14697265625
154.929488857;FBK115.84;64.16;77.52685546875
154.937933027;ACK77.53;102.47;78.9111328125
154.949248075;FBK113.29;66.71;80.009765625
154.969381328;FBK110.57;69.52;82.2967529296875
154.989451944;FBK107.67;72.42;83.2269287109375
155.009536092;FBK104.68;75.50;83.953857421875
155.029649287;FBK101.78;78.31;84.2816162109375
155.037996845;ACK84.57;95.43;84.5672607421875
155.049264131;FBK98.96;81.21;85.001220703125
155.069298757;FBK96.15;83.76;85.177001953125
155.089449509;FBK93.78;86.13;85.6365966796875
155.110041989;FBK91.49;88.42;85.6365966796875
155.129228413;FBK89.47;90.53;85.8380126953125
155.138190929;ACK85.84;94.16;85.8380126953125
155.149243397;FBK87.45;92.46;85.8380126953125
155.169231284;FBK85.78;94.22;85.8380126953125
155.189216261;FBK84.29;95.80;86.0101318359375
155.209232588;FBK82.79;97.21;86.0101318359375
155.229196131;FBK81.56;98.35;86.0101318359375
155.238389331;ACK86.01;93.99;86.0101318359375
155.249188593;FBK80.51;99.40;86.0101318359375
155.269305211;FBK79.63;100.20;86.0101318359375
155.289263347;FBK78.93;100.90;86.0101318359375
155.309237543;FBK78.40;101.43;86.0101318359375
155.329260716;FBK78.05;101.78;86.0101318359375
155.349261432;FBK77.96;101.87;86.0101318359375
155.369252544;FBK77.96;101.87;86.0101318359375
155.389534812;FBK78.13;101.69;86.0101318359375
155.409480376;FBK78.40;101.43;86.0101318359375
155.42923038;FBK79.19;100.63;86.0101318359375
155.450021142;FBK80.16;99.76;86.0101318359375
155.470228007;FBK81.12;98.61;86.0101318359375
155.489125039;FBK82.27;97.56;86.0101318359375
155.509381554;FBK83.14;96.59;86.0101318359375
155.52945569;FBK83.94;95.80;86.0101318359375
155.549384714;FBK84.64;95.19;86.0101318359375
155.569094442;FBK85.08;94.75;86.0101318359375
155.589358411;FBK85.34;94.48;86.0101318359375
155.609363638;FBK85.52;94.39;86.0101318359375
155.629063896;FBK85.61;94.31;86.0101318359375
155.649086046;FBK85.61;94.31;86.0101318359375
155.669061105;FBK85.61;94.31;86.0101318359375
155.689303001;FBK85.61;94.22;86.0101318359375
155.709341658;FBK85.61;94.22;86.0101318359375
155.729122405;FBK85.61;94.22;86.0101318359375
155.749067138;FBK85.61;94.22;86.0101318359375
155.769287087;FBK85.61;94.22;86.0101318359375
155.78915245;FBK85.61;94.22;86.0101318359375
155.809079267;FBK85.61;94.22;86.0101318359375
155.8298215;FBK85.61;94.22;86.0101318359375
155.849956834;FBK85.61;94.22;86.0101318359375
155.869298346;FBK85.61;94.22;86.0101318359375
155.889047934;FBK85.61;94.22;86.0101318359375
155.909091998;FBK85.61;94.22;86.0101318359375
155.928951283;FBK85.61;94.22;86.0101318359375
155.94895539;FBK85.61;94.22;86.964111328125
155.969020856;FBK85.61;94.22;87.9931640625
155.989018725;FBK85.61;94.22;89.2877197265625
156.008982588;FBK85.61;94.22;90.0732421875
156.028950193;FBK85.61;94.22;91.505126953125
156.040184999;ACK91.51;88.49;92.0672607421875
156.049120333;FBK85.61;94.22;92.552490234375
156.068912085;FBK85.61;94.22;94.1693115234375
156.088947735;FBK85.78;94.22;95.33935546875
156.108978523;FBK86.04;93.87;98.441162109375
156.128917977;FBK86.57;93.25;115.220947265625
156.140341656;ACK116.04;63.96;117.5665283203125
156.148887374;FBK87.19;92.64;119.4232177734375
156.169064744;FBK87.98;91.85;123.0963134765625
156.188877994;FBK89.03;90.88;127.349853515625
156.209707753;FBK90.09;89.74;129.29443359375
156.229674079;FBK91.41;88.33;131.019287109375
156.24052333;ACK131.37;48.63;131.370849609375
156.248875856;FBK92.90;86.84;131.6180419921875
156.268892279;FBK94.57;85.17;129.7760009765625
156.288876488;FBK96.42;83.32;113.096923828125
156.30885865;FBK98.44;81.30;94.229736328125
156.328997982;FBK100.55;79.01;92.7850341796875
156.340431835;ACK92.29;87.71;91.8914794921875
156.348963573;FBK103.01;76.73;91.5618896484375
156.368938221;FBK105.47;74.27;91.0675048828125
156.38895611;FBK108.02;71.63;90.76171875
156.408930844;FBK110.48;69.08;90.5584716796875
156.428972408;FBK112.76;66.80;90.428466796875
156.440715697;ACK90.30;89.70;90.30029296875
156.449005557;FBK114.96;64.69;90.30029296875
156.468907;FBK116.89;62.67;90.30029296875
156.489232771;FBK118.74;60.91;90.30029296875
156.509580936;FBK120.41;59.24;90.30029296875
156.528840159;FBK121.82;57.74;90.30029296875
156.550095333;FBK123.13;56.43;90.30029296875
156.568898268;FBK124.28;55.28;90.1812744140625
156.589130082;FBK125.16;54.40;90.1812744140625
156.609114861;FBK125.95;53.61;90.1812744140625
156.628877591;FBK126.56;53.00;90.1812744140625
156.641931903;ACK90.18;89.82;90.1812744140625
156.648825036;FBK127.00;52.65;90.1812744140625
156.669140826;FBK127.18;52.47;90.1812744140625
156.68906783;FBK127.18;52.38;90.1812744140625
156.709155972;FBK127.18;52.47;90.1812744140625
156.728862205;FBK126.83;52.56;90.1812744140625
156.749091267;FBK126.30;53.00;90.1812744140625
156.769105286;FBK125.51;53.96;90.1812744140625
156.789111979;FBK124.54;55.11;90.1812744140625
156.809096375;FBK123.31;56.25;90.1812744140625
156.828898325;FBK121.90;57.66;90.1812744140625
156.849090822;FBK120.41;59.15;90.1812744140625
156.869721371;FBK118.74;60.91;90.1812744140625
156.889096914;FBK116.81;62.75;90.1812744140625
156.909325528;FBK114.70;64.86;90.1812744140625
156.930002593;FBK112.50;67.06;90.1812744140625
156.949083562;FBK110.13;69.52;90.1812744140625
156.968849203;FBK107.75;71.89;90.1812744140625
156.988906218;FBK105.38;74.18;90.1812744140625
157.008760313;FBK103.18;76.55;90.1812744140625
157.02876803;FBK101.25;78.49;90.1812744140625
157.04867891;FBK99.40;80.42;90.1812744140625
157.068666952;FBK97.65;82.00;90.1812744140625
157.088742074;FBK96.06;83.58;90.1812744140625
157.108653946;FBK94.75;84.90;90.1812744140625
157.128624393;FBK93.60;86.04;90.1812744140625
157.148628302;FBK92.64;87.10;90.1812744140625
157.168648688;FBK91.85;87.89;90.1812744140625
157.188648214;FBK91.23;88.51;90.1812744140625
157.208550617;FBK90.79;88.95;90.1812744140625
157.228922679;FBK90.62;89.21;90.1812744140625
157.249543407;FBK90.62;89.30;90.1812744140625
157.268572103;FBK90.53;89.38;90.1812744140625
157.288561649;FBK90.53;89.38;90.1812744140625
157.308531264;FBK90.53;89.38;89.6099853515625
157.32855117;FBK90.53;89.38;88.8006591796875
157.343040214;ACK88.42;91.58;87.996826171875
157.348576513;FBK90.53;89.38;87.996826171875
157.368821831;FBK90.53;89.38;83.9117431640625
157.388628632;FBK90.44;89.38;66.73828125
157.408603162;FBK90.00;89.74;48.8232421875
157.428544774;FBK89.56;90.18;34.0740966796875
157.443182607;ACK30.00;150.00;30.0
157.448582967;FBK89.12;90.70;30.0
157.468515365;FBK88.86;90.97;30.0
157.488654842;FBK88.59;91.23;30.0
157.508470313;FBK88.15;91.58;30.0
157.529297024;FBK87.63;92.11;30.0
157.548477342;FBK86.92;92.90;30.0
157.568488823;FBK86.13;93.78;73.49853515625
157.588486227;FBK85.17;94.75;94.0447998046875
157.608762946;FBK83.94;96.06;91.6552734375
157.628557046;FBK82.53;97.47;90.6866455078125
157.644193579;ACK90.07;89.93;90.0732421875
157.64846929;FBK80.95;99.05;89.8553466796875
157.668576904;FBK79.19;100.63;89.542236328125
157.688554634;FBK77.43;102.48;89.2950439453125
157.708568865;FBK75.76;104.15;89.17236328125
157.728623598;FBK74.27;105.64;89.17236328125
157.743249018;ACK89.04;90.96;89.044189453125
157.748555644;FBK72.86;107.05;89.044189453125
157.76851306;FBK71.63;108.37;89.044189453125
157.788669716;FBK70.58;109.34;89.044189453125
157.809486029;FBK69.70;110.30;89.044189453125
157.829441749;FBK68.99;111.01;89.044189453125
157.849898674;FBK68.47;111.53;89.044189453125
157.869521942;FBK68.12;111.88;88.9251708984375
157.888490735;FBK68.03;112.06;88.9251708984375
157.908479918;FBK68.03;112.06;88.9251708984375
157.928768665;FBK68.12;111.88;88.9251708984375
157.943813138;ACK88.93;91.07;88.9251708984375
157.948728;FBK68.38;111.80;88.9251708984375
157.96850329;FBK69.08;111.09;88.9251708984375
157.988486906;FBK69.96;110.13;88.9251708984375
158.00850744;FBK71.02;109.07;88.9251708984375
158.028590133;FBK72.25;107.93;88.9251708984375
158.048465907;FBK73.65;106.35;88.9251708984375
158.068416156;FBK75.23;104.77;88.9251708984375
158.088518331;FBK76.99;103.10;88.9251708984375
158.108410805;FBK78.75;101.34;88.9251708984375
158.128337508;FBK80.42;99.58;88.9251708984375
158.148617235;FBK82.00;98.00;88.9251708984375
158.168323615;FBK83.41;96.59;88.9251708984375
158.189138393;FBK84.64;95.27;88.9251708984375
158.209018198;FBK85.78;94.13;88.9251708984375
158.228312341;FBK86.66;93.25;88.9251708984375
158.248390811;FBK87.36;92.55;88.9251708984375
158.268289843;FBK87.89;92.02;88.9251708984375
158.288291726;FBK88.24;91.67;88.9251708984375
158.30829057;FBK88.42;91.49;88.9251708984375
158.32835106;FBK88.51;91.41;88.9251708984375
158.34830019;FBK88.51;91.41;88.9251708984375
158.368268356;FBK88.51;91.32;88.9251708984375
158.388252083;FBK88.59;91.32;88.9251708984375
158.408273656;FBK88.59;91.32;88.9251708984375
158.428257064;FBK88.59;91.32;89.17236328125
158.444265589;ACK89.43;90.57;89.6099853515625
158.448249013;FBK88.59;91.32;89.6099853515625
158.468465381;FBK88.59;91.32;89.8480224609375
158.488326358;FBK88.59;91.32;89.8480224609375
158.50824028;FBK88.77;91.05;90.0274658203125
158.529168358;FBK89.03;90.88;90.0274658203125
158.544576503;ACK90.03;89.97;90.0274658203125
158.549040724;FBK89.12;90.79;90.0274658203125
158.569084243;FBK89.12;90.79;90.0274658203125
158.588270428;FBK89.21;90.79;90.0274658203125
158.608380841;FBK89.47;90.53;90.0274658203125
158.628392369;FBK89.65;90.26;90.0274658203125
158.648258496;FBK89.74;90.26;90.0274658203125
158.668262538;FBK89.74;90.18;90.4248046875
158.688321989;FBK89.74;90.09;91.494140625
158.708163771;FBK89.74;90.09;93.8726806640625
158.728145963;FBK89.74;90.09;96.3043212890625
158.744701699;ACK98.40;81.60;98.4027099609375
158.748177486;FBK89.74;90.09;99.2633056640625
158.768307477;FBK89.74;90.09;100.4901123046875
158.788163143;FBK89.74;90.09;101.572265625
158.808241821;FBK90.00;89.91;101.9989013671875
158.828199316;FBK90.44;89.38;102.271728515625
158.845192692;ACK102.46;77.54;102.45849609375
158.848262221;FBK91.05;88.77;102.45849609375
158.868159988;FBK91.85;87.98;102.637939453125
158.888725381;FBK92.72;87.10;102.952880859375
158.909184851;FBK93.87;85.96;104.5037841796875
158.928123487;FBK95.01;84.73;105.772705078125
158.945758032;ACK106.64;73.36;106.640625
158.948545847;FBK96.33;83.41;106.966552734375
158.968112056;FBK97.73;82.09;107.4700927734375
158.988091497;FBK98.88;80.95;107.6422119140625
159.008172766;FBK100.20;79.63;108.0816650390625
159.028186629;FBK101.51;78.31;108.0816650390625
159.045648997;ACK108.26;71.74;108.2611083984375
159.048139485;FBK102.57;77.17;108.2611083984375
159.068183516;FBK103.62;76.20;108.2611083984375
159.088252532;FBK104.50;75.32;108.1329345703125
159.10839516;FBK105.47;74.36;108.1329345703125
159.128214197;FBK106.26;73.56;108.1329345703125
159.145910709;ACK108.13;71.87;108.1329345703125
159.148189095;FBK106.87;72.95;108.1329345703125
159.168232326;FBK107.31;72.51;108.1329345703125
159.18818275;FBK107.58;72.25;108.1329345703125
159.208363832;FBK107.67;72.25;108.1329345703125
159.228498366;FBK107.75;72.25;108.1329345703125
159.248239216;FBK107.75;72.25;108.1329345703125
159.268357019;FBK107.75;72.25;108.1329345703125
159.288166266;FBK107.75;72.25;108.1329345703125
159.308157223;FBK107.84;72.25;108.1329345703125
159.328141239;FBK107.84;72.25;107.6275634765625
159.34624388;ACK107.14;72.86;106.7193603515625
159.348108747;FBK107.84;72.25;106.7193603515625
159.368063729;FBK107.84;72.25;105.8990478515625
159.388058184;FBK107.84;72.25;105.57861328125
159.408067611;FBK107.84;72.25;105.380859375
159.428096873;FBK107.75;72.33;105.24169921875
159.446328954;ACK105.24;74.76;105.24169921875
159.44794967;FBK107.58;72.33;105.24169921875
159.468092213;FBK107.49;72.33;105.24169921875
159.488185265;FBK107.31;72.42;105.106201171875
159.508044397;FBK107.05;72.69;104.90478515625
159.528038692;FBK106.61;73.12;103.8006591796875
159.547521188;ACK103.47;76.53;103.1982421875
159.549394508;FBK106.17;73.65;103.1982421875
159.568932958;FBK105.73;74.09;102.462158203125
159.588610954;FBK105.47;74.36;98.5125732421875
159.608882742;FBK105.03;74.79;94.398193359375
159.628073542;FBK104.59;75.23;92.830810546875
159.646491877;ACK91.84;88.16;91.83837890625
159.648310363;FBK104.06;75.67;91.475830078125
159.668084366;FBK103.89;75.94;90.985107421875
159.687979839;FBK103.62;76.11;90.6573486328125
159.707934625;FBK103.36;76.46;90.435791015625
159.72798097;FBK102.92;76.90;90.296630859375
159.746691067;ACK90.30;89.70;90.1629638671875
159.748437285;FBK102.39;77.52;90.1629638671875
159.767924196;FBK101.69;78.22;90.1629638671875
159.787928984;FBK100.72;79.10;90.1629638671875
159.807842949;FBK99.67;80.24;90.1629638671875
159.827810435;FBK98.44;81.47;90.1629638671875
159.847067169;ACK90.03;89.97;90.0311279296875
159.848581097;FBK96.94;82.88;90.0311279296875
159.867816173;FBK95.62;84.20;90.0311279296875
159.887806949;FBK94.39;85.43;90.0311279296875
159.907985418;FBK93.34;86.57;90.0311279296875
159.928616917;FBK92.37;87.45;90.0311279296875
159.947784267;FBK91.67;88.24;90.0311279296875
159.968855392;FBK91.05;88.77;90.0311279296875
159.987796883;FBK90.70;89.21;90.0311279296875
160.007832575;FBK90.44;89.38;90.0311279296875
160.027809754;FBK90.44;89.56;90.0311279296875
160.048107424;FBK90.26;89.56;90.0311279296875
160.067995539;FBK90.26;89.56;90.0311279296875
160.087765031;FBK90.26;89.56;90.0311279296875
160.107745601;FBK90.26;89.56;90.0311279296875
160.127761203;FBK90.26;89.56;90.0311279296875
160.148044892;FBK90.26;89.56;90.0311279296875
160.167978403;FBK90.26;89.56;90.0311279296875
160.188180706;FBK90.26;89.56;90.0311279296875
160.207840755;FBK90.26;89.56;90.0311279296875
160.22796148;FBK90.26;89.56;90.0311279296875
160.250257747;FBK90.26;89.56;90.267333984375
160.250831353;ACK90.27;89.73;90.267333984375
160.267734704;FBK90.26;89.56;90.457763671875
160.28775776;FBK90.26;89.56;90.9375
160.30781431;FBK90.26;89.56;91.9427490234375
160.327738288;FBK90.26;89.56;92.7520751953125
160.349098103;FBK90.26;89.56;96.734619140625
160.34948184;ACK94.97;85.03;96.734619140625
160.367658589;FBK90.26;89.56;109.6527099609375
160.38771233;FBK90.26;89.56;114.2413330078125
160.407665906;FBK90.26;89.56;118.2110595703125
160.427665197;FBK90.44;89.47;122.8033447265625
160.449115047;FBK91.05;88.86;125.28076171875
160.449510462;ACK124.63;55.37;125.28076171875
160.467628429;FBK91.85;87.98;126.2384033203125
160.487670078;FBK92.72;87.10;126.85546875
160.507651454;FBK93.69;86.13;127.24365234375
160.527766299;FBK94.83;84.99;127.4871826171875
160.549133898;FBK96.15;83.67;127.72705078125
160.549515941;ACK127.73;52.27;127.72705078125
160.568394762;FBK97.65;82.18;127.91015625
160.588025096;FBK99.32;80.51;127.91015625
160.607745997;FBK101.16;78.66;127.91015625
160.627689943;FBK103.10;76.55;128.111572265625
160.649502993;FBK105.38;74.36;128.111572265625
160.650035043;ACK128.11;51.89;128.111572265625
160.667993917;FBK107.75;71.98;128.111572265625
160.687669359;FBK110.13;69.61;128.111572265625
160.707690309;FBK112.41;67.24;128.111572265625
160.727674756;FBK114.61;65.13;128.111572265625
160.749283252;FBK116.63;63.11;127.745361328125
160.749727006;ACK127.96;52.04;127.745361328125
160.767748487;FBK118.48;61.17;125.48583984375
160.78762138;FBK120.23;59.50;108.4332275390625
160.807645913;FBK121.73;58.01;92.6092529296875
160.827512568;FBK123.13;56.69;91.629638671875
160.848986187;FBK124.28;55.46;90.8514404296875
160.849257347;ACK90.85;89.15;90.8514404296875
160.867509135;FBK125.24;54.49;89.7967529296875
160.88795458;FBK126.12;53.70;89.23828125
160.907873285;FBK126.74;53.09;88.9324951171875
160.927512192;FBK127.18;52.56;88.505859375
160.947761977;FBK127.53;52.29;88.1085205078125
160.949657057;ACK88.35;91.65;88.1085205078125
160.967417456;FBK127.53;52.29;87.8668212890625
160.987504404;FBK127.53;52.38;87.6910400390625
161.007478006;FBK127.35;52.47;87.5408935546875
161.027504203;FBK126.91;52.65;87.4053955078125
161.04747387;FBK126.12;53.61;87.4053955078125
161.049508689;ACK87.41;92.59;87.4053955078125
161.067750432;FBK125.16;54.67;87.4053955078125
161.087434415;FBK124.10;55.81;87.4053955078125
161.107479455;FBK122.87;57.13;87.4053955078125
161.127443363;FBK121.38;58.62;87.4053955078125
161.147441983;FBK119.71;60.29;87.4053955078125
161.167679099;FBK117.95;62.05;87.5885009765625
161.187665114;FBK115.93;64.07;87.5885009765625
161.207429268;FBK113.73;66.18;87.5885009765625
161.227422897;FBK111.36;68.73;87.5885009765625
161.247654671;FBK108.90;71.28;87.5885009765625
161.24957592;ACK87.59;92.41;87.5885009765625
161.267368407;FBK106.52;73.74;87.5885009765625
161.28790797;FBK103.97;76.11;87.5885009765625
161.307412353;FBK101.69;78.40;87.5885009765625
161.327298779;FBK99.58;80.51;87.5885009765625
161.347293592;FBK97.65;82.44;87.5885009765625
161.367308346;FBK95.80;84.11;87.5885009765625
161.387247814;FBK94.13;85.78;87.5885009765625
161.407242309;FBK92.72;87.28;87.5885009765625
161.427202892;FBK91.49;88.51;87.2222900390625
161.447251292;FBK90.44;89.47;86.8707275390625
161.449851313;ACK86.87;93.13;86.8707275390625
161.467223584;FBK89.47;90.35;85.191650390625
161.487247158;FBK88.68;91.14;82.08984375
161.507291336;FBK88.07;91.76;76.171875
161.527250543;FBK87.63;92.29;72.271728515625
161.547278596;FBK87.36;92.55;57.1875
161.550332259;ACK57.66;122.34;57.1875
161.567538173;FBK87.19;92.64;55.433349609375
161.587475082;FBK87.01;92.72;53.287353515625
161.607250018;FBK86.84;92.99;52.3223876953125
161.627279831;FBK86.40;93.34;51.18896484375
161.647476672;FBK85.87;93.87;50.72021484375
161.650495048;ACK50.72;129.28;50.72021484375
161.667293933;FBK85.17;94.57;50.174560546875
161.688088281;FBK84.29;95.54;49.2132568359375
161.707968885;FBK83.32;96.50;46.9573974609375
161.727317821;FBK82.09;97.82;45.772705078125
161.747352464;FBK80.60;99.14;44.6502685546875
161.750888048;ACK44.95;135.05;44.6502685546875
161.76738778;FBK79.10;100.63;44.21630859375
161.787438579;FBK77.34;102.39;43.8299560546875
161.807367619;FBK75.41;104.33;43.681640625
161.827375453;FBK73.39;106.44;43.681640625
161.847394293;FBK71.10;108.72;43.553466796875
161.851005505;ACK43.55;136.45;43.553466796875
161.867358044;FBK68.64;111.18;43.553466796875
161.887378867;FBK66.18;113.73;43.729248046875
161.907334939;FBK63.63;116.28;43.9306640625
161.927312734;FBK61.08;118.83;43.9306640625
161.947354384;FBK58.62;121.20;44.102783203125
161.951159209;ACK44.10;135.90;44.102783203125
161.967329875;FBK56.51;123.31;44.102783203125
161.987324945;FBK54.40;125.42;44.102783203125
162.007360516;FBK52.56;127.27;44.3170166015625
162.027321131;FBK50.89;128.94;46.0748291015625
162.047877942;FBK49.39;130.43;64.7186279296875
162.051390332;ACK64.72;115.28;64.7186279296875
162.068348855;FBK48.08;131.75;69.20654296875
162.08731018;FBK46.93;132.89;82.8753662109375
162.107306498;FBK45.97;133.86;84.01611328125
162.127304191;FBK45.09;134.74;85.0872802734375
162.1472888;FBK44.47;135.26;85.565185546875
162.151340248;ACK85.57;94.43;85.74462890625
162.16729126;FBK44.03;135.70;86.0137939453125
162.187267775;FBK43.77;135.97;86.220703125
162.207257247;FBK43.77;136.05;86.6510009765625
162.227245951;FBK43.86;135.97;87.0574951171875
162.247439976;FBK44.03;135.79;87.674560546875
162.252282801;ACK87.29;92.71;87.674560546875
162.267519472;FBK44.47;135.53;88.1085205078125
162.287381457;FBK45.26;134.65;88.875732421875
162.307206044;FBK46.32;133.59;89.37744140625
162.327257451;FBK47.46;132.36;89.564208984375
162.347295134;FBK48.78;131.04;90.047607421875
162.351770471;ACK90.05;89.95;90.047607421875
162.367530024;FBK50.27;129.55;90.047607421875
162.387510567;FBK51.86;127.97;90.28564453125
162.407534171;FBK53.70;126.12;90.5035400390625
162.427222886;FBK55.72;124.19;90.5035400390625
162.447188393;FBK57.83;121.82;90.5035400390625
162.452027233;ACK90.50;89.50;90.5035400390625
162.468200189;FBK60.21;119.44;90.5035400390625
162.487820089;FBK62.84;116.98;90.5035400390625
162.507668635;FBK65.57;114.26;90.5035400390625
162.527135871;FBK68.29;111.53;90.5035400390625
162.547422063;FBK70.93;108.98;90.5035400390625
162.567245047;FBK73.39;106.52;90.5035400390625
162.587207963;FBK75.67;104.06;90.5035400390625
162.607162561;FBK77.78;101.87;90.5035400390625
162.627033596;FBK79.80;99.93;90.5035400390625
162.646997984;FBK81.65;98.09;90.5035400390625
162.667109885;FBK83.23;96.50;90.7269287109375
162.687274476;FBK84.73;95.01;90.91552734375
162.70731366;FBK86.04;93.78;91.1773681640625
162.727295291;FBK87.10;92.64;91.5435791015625
162.747304211;FBK88.07;91.76;92.5799560546875
162.752696316;ACK92.58;87.42;92.5799560546875
162.767252122;FBK88.77;91.05;93.2940673828125
162.787372309;FBK89.47;90.35;95.6195068359375
162.807289541;FBK90.09;89.74;97.72705078125
162.828380068;FBK90.79;89.03;101.268310546875
162.847516158;FBK91.32;88.51;104.42138671875
162.852784359;ACK104.42;75.58;106.3037109375
162.867238145;FBK91.76;88.07;110.4034423828125
162.887237819;FBK92.11;87.80;114.7613525390625
162.907245555;FBK92.46;87.45;119.6209716796875
162.92695049;FBK92.99;87.01;121.48681640625
162.947104716;FBK93.52;86.31;123.0926513671875
162.953051077;ACK123.09;56.91;123.0926513671875
162.966929875;FBK94.31;85.52;123.68408203125
162.986949384;FBK95.27;84.64;124.075927734375
163.006945443;FBK96.42;83.50;124.3157958984375
163.026912422;FBK97.73;82.27;124.5172119140625
163.046917439;FBK99.23;80.77;125.10498046875
163.05323983;ACK125.10;54.90;125.9271240234375
163.067087373;FBK100.81;79.10;128.800048828125
163.087010587;FBK102.66;77.26;132.3907470703125
163.107066662;FBK104.59;75.32;136.8804931640625
163.126982582;FBK106.70;73.21;139.1473388671875
163.147047872;FBK108.90;70.93;141.192626953125
163.153348413;ACK141.19;38.81;141.192626953125
163.166981675;FBK111.18;68.73;141.8939208984375
163.187153816;FBK113.20;66.53;140.5572509765625
163.207385782;FBK115.31;64.51;122.33642578125
163.227130739;FBK117.51;62.23;103.51318359375
163.247578169;FBK120.06;59.85;101.6619873046875
163.253494937;ACK101.66;78.34;100.4571533203125
163.267693269;FBK122.52;57.39;98.0035400390625
163.28700205;FBK124.89;55.02;96.1322021484375
163.307169489;FBK127.09;52.82;94.1436767578125
163.326964832;FBK129.20;50.71;93.2080078125
163.346950526;FBK131.04;48.78;92.384033203125
163.353534162;ACK92.01;87.99;92.01416015625
163.366911371;FBK132.80;47.02;91.3641357421875
163.387260581;FBK134.38;45.44;90.22705078125
163.406924878;FBK135.79;44.03;89.8114013671875
163.426923043;FBK137.11;42.89;89.42138671875
163.446926773;FBK138.08;41.84;88.8226318359375
163.453913812;ACK88.82;91.18;88.6358642578125
163.46697622;FBK138.96;41.04;88.487548828125
163.486938617;FBK139.66;40.25;87.97119140625
163.506932943;FBK140.19;39.73;87.0135498046875
163.526871666;FBK140.54;39.46;82.8131103515625
163.546917082;FBK140.62;39.38;79.1912841796875
163.554832523;ACK77.40;102.60;77.398681640625
163.566898098;FBK140.62;39.38;74.1375732421875
163.58694489;FBK140.45;39.46;71.8414306640625
163.607518778;FBK140.10;39.64;69.7540283203125
163.627308196;FBK139.39;40.17;68.9410400390625
163.647473165;FBK138.52;41.31;68.2415771484375
163.65432923;ACK68.24;111.76;68.10791015625
163.666857119;FBK137.46;42.45;67.99072265625
163.686880941;FBK136.23;43.68;67.8314208984375
163.706813202;FBK134.82;45.09;67.6702880859375
163.726853883;FBK133.24;46.76;67.6702880859375
163.746859597;FBK131.48;48.43;67.6702880859375
163.754534556;ACK67.67;112.33;67.6702880859375
163.766839206;FBK129.55;50.36;67.6702880859375
163.786839801;FBK127.44;52.56;67.6702880859375
163.806829904;FBK125.07;54.93;67.6702880859375
163.826809033;FBK122.61;57.39;67.6702880859375
163.846826584;FBK119.88;60.03;67.6702880859375
163.86681;FBK117.07;62.84;67.6702880859375
163.886805253;FBK114.08;65.83;67.6702880859375
163.906878277;FBK111.01;68.99;67.3406982421875
163.926786865;FBK107.75;72.42;65.1104736328125
163.946797921;FBK104.24;76.03;62.369384765625
163.954815416;ACK60.77;119.23;60.772705078125
163.967184466;FBK100.90;79.45;57.8173828125
163.987052519;FBK97.38;82.71;55.1495361328125
164.006684057;FBK94.13;85.96;52.3114013671875
164.026679566;FBK90.88;89.12;51.18896484375
164.046654824;FBK87.71;92.29;50.2001953125
164.055053917;ACK50.20;129.80;49.98046875
164.066647934;FBK84.81;95.19;49.793701171875
164.086951907;FBK82.00;98.09;49.51171875
164.106763367;FBK79.10;100.90;49.3359375
164.126738913;FBK76.20;103.80;49.1839599609375
164.146715003;FBK73.39;106.61;49.1839599609375
164.155290051;ACK49.18;130.82;49.1839599609375
164.166642913;FBK70.49;109.34;49.0521240234375
164.186737117;FBK67.94;111.88;49.0521240234375
164.206733873;FBK65.57;114.26;49.0521240234375
164.226778553;FBK63.37;116.54;49.0521240234375
164.246696386;FBK61.17;118.74;50.130615234375
164.255439582;ACK50.13;129.87;50.914306640625
164.266697301;FBK59.24;120.67;51.9635009765625
164.286868029;FBK57.48;122.43;56.82861328125
164.306821085;FBK55.90;124.01;70.9735107421875
164.326757537;FBK54.49;125.42;74.197998046875
164.34732877;FBK53.17;126.65;77.3162841796875
164.355661544;ACK78.64;101.36;78.6383056640625
164.3673375;FBK52.12;127.62;81.15966796875
164.386698696;FBK51.24;128.50;82.9541015625
164.406669433;FBK50.54;129.29;84.9627685546875
164.42667984;FBK50.01;129.81;86.0064697265625
164.446712673;FBK49.66;130.17;87.315673828125
164.455619788;ACK87.32;92.68;87.659912109375
164.466659096;FBK49.57;130.17;88.0609130859375
164.486652324;FBK49.57;130.17;89.1229248046875
164.50664248;FBK49.66;129.99;89.58251953125
164.526635387;FBK49.92;129.99;90.1556396484375
164.546603149;FBK50.63;129.29;90.633544921875
164.55585328;ACK91.11;88.89;91.10595703125
164.566624113;FBK51.50;128.23;92.48291015625
164.586629177;FBK52.56;127.18;94.2022705078125
164.606587534;FBK53.79;126.04;96.73828125
164.626615184;FBK55.20;124.63;98.2342529296875
164.646581666;FBK56.78;122.96;100.0341796875
164.656299615;ACK100.03;79.97;100.557861328125
164.666590346;FBK58.45;121.20;101.06689453125
164.686592467;FBK60.38;119.27;102.12890625
164.706587901;FBK62.40;117.07;102.5408935546875
164.727269978;FBK64.86;114.87;102.83935546875
164.747252424;FBK67.32;112.41;102.83935546875
164.756392343;ACK103.03;76.97;103.0279541015625
164.767233782;FBK69.87;109.78;103.0279541015625
164.786687306;FBK72.69;106.96;102.8814697265625
164.806544344;FBK75.59;104.06;102.322998046875
164.826541155;FBK78.49;101.16;101.103515625
164.846460417;FBK81.30;98.35;98.060302734375
164.856318458;ACK98.06;81.94;97.03857421875
164.866424147;FBK83.94;95.62;96.0809326171875
164.886419102;FBK86.31;93.16;93.3544921875
164.906445473;FBK88.77;90.88;91.981201171875
164.926393976;FBK90.88;88.86;89.9981689453125
164.946497671;FBK92.90;86.84;88.4710693359375
164.956653492;ACK87.51;92.49;86.3690185546875
164.966430658;FBK94.66;85.08;84.814453125
164.986507416;FBK96.15;83.50;80.9710693359375
165.006600874;FBK97.65;82.09;66.07177734375
165.026396391;FBK98.88;80.86;63.4918212890625
165.0471063;FBK99.93;79.72;58.751220703125
165.057556735;ACK58.75;121.25;57.4310302734375
165.067187377;FBK100.90;78.93;56.2115478515625
165.086502281;FBK101.60;78.22;52.8826904296875
165.106437475;FBK102.13;77.61;50.321044921875
165.126456168;FBK102.48;77.34;47.3162841796875
165.146523936;FBK102.57;77.17;46.014404296875
165.157115007;ACK45.57;134.43;45.1812744140625
165.166450236;FBK102.57;77.17;44.8773193359375
165.18646509;FBK102.48;77.34;44.43603515625
165.206465292;FBK102.13;77.43;44.1522216796875
165.226429215;FBK101.51;78.13;43.9727783203125
165.246450147;FBK100.63;79.19;43.8153076171875
165.257316508;ACK43.82;136.18;43.8153076171875
165.266281015;FBK99.67;80.33;43.8153076171875
165.286299068;FBK98.35;81.47;43.6962890625
165.306327615;FBK96.94;82.97;43.6962890625
165.326330152;FBK95.36;84.55;43.6962890625
165.346317844;FBK93.69;86.31;43.505859375
165.357544466;ACK43.39;136.61;43.011474609375
165.36628558;FBK91.76;88.33;42.4530029296875
165.386296773;FBK89.74;90.35;40.975341796875
165.406491984;FBK87.45;92.64;38.536376953125
165.426293662;FBK85.08;95.10;36.8609619140625
165.446287708;FBK82.53;97.73;34.7296142578125
165.45788428;ACK34.15;145.85;34.149169921875
165.467015041;FBK79.63;100.63;33.6859130859375
165.487087499;FBK76.64;103.62;32.7392578125
165.506363709;FBK73.48;106.70;32.3382568359375
165.52638386;FBK70.22;109.95;32.05078125
165.546375794;FBK66.88;113.20;31.878662109375
165.558319096;ACK31.74;148.26;31.73583984375
165.566356435;FBK63.72;116.46;31.5911865234375
165.586338356;FBK60.64;119.53;31.4483642578125
165.606334385;FBK57.66;122.70;31.314697265625
165.626351273;FBK54.84;125.51;31.314697265625
165.646370208;FBK51.86;128.14;31.314697265625
165.658202338;ACK31.31;148.69;31.314697265625
165.666323976;FBK49.39;130.69;31.904296875
165.686316198;FBK46.93;133.07;36.708984375
165.706321121;FBK44.74;135.26;51.8646240234375
165.726307393;FBK42.63;137.29;56.282958984375
165.746297375;FBK40.78;139.13;70.8013916015625
165.758459662;ACK71.30;108.70;71.8560791015625
165.76629654;FBK39.11;140.98;72.6104736328125
165.786292697;FBK37.62;142.47;75.1922607421875
165.806366786;FBK36.21;143.79;80.467529296875
165.826308493;FBK34.89;144.93;83.668212890625
165.846277969;FBK33.93;145.90;86.81396484375
165.858565024;ACK87.49;92.51;87.48779296875
165.86690859;FBK33.13;146.78;88.0499267578125
165.886942562;FBK32.43;147.39;89.234619140625
165.906487856;FBK31.99;147.83;89.8187255859375
165.926263877;FBK31.64;148.10;90.7012939453125
165.946257539;FBK31.64;148.10;91.5289306640625
165.959387294;ACK91.88;88.12;92.2320556640625
165.966249953;FBK31.55;148.01;92.6055908203125
165.986242911;FBK31.73;147.92;93.4991455078125
166.006316744;FBK32.17;147.66;95.980224609375
166.026248118;FBK33.05;146.78;97.93212890625
166.046229366;FBK33.93;145.72;100.9735107421875
166.059245966;ACK101.95;78.05;101.949462890625
166.066227411;FBK34.98;144.58;102.97119140625
166.086246602;FBK36.30;143.26;106.439208984375
166.106249222;FBK37.71;141.77;108.52294921875
166.126211883;FBK39.38;140.19;111.6192626953125
166.146203274;FBK41.13;138.34;114.0875244140625
166.159341571;ACK115.45;64.55;117.1563720703125
166.166191145;FBK43.07;136.32;119.029541015625
166.186198787;FBK45.18;134.21;123.4130859375
166.206152779;FBK47.72;131.75;138.504638671875
166.226352149;FBK50.19;129.20;149.9981689453125
166.246761194;FBK52.91;126.56;149.9981689453125
166.259601774;ACK150.00;30.00;149.9981689453125
166.266805755;FBK55.63;123.66;149.9981689453125
166.286841038;FBK58.71;120.59;149.9981689453125
166.306791031;FBK61.79;117.42;149.9981689453125
166.326154387;FBK65.21;113.99;149.9981689453125
166.346110874;FBK68.73;110.39;149.9981689453125
166.366117082;FBK72.51;106.52;149.9981689453125
166.386138016;FBK76.64;102.57;149.9981689453125
166.406017929;FBK80.60;98.53;149.9981689453125
166.426014678;FBK84.90;94.13;149.9981689453125
166.446070419;FBK89.21;89.74;149.9981689453125
166.465973943;FBK93.69;85.34;149.9981689453125
166.486049776;FBK98.00;81.12;146.370849609375
166.50610475;FBK102.22;76.90;144.071044921875
166.526154637;FBK106.17;72.77;139.6710205078125
166.546130686;FBK109.95;68.99;136.76513671875
166.560028377;ACK135.65;44.35;134.5770263671875
166.566182365;FBK113.55;65.39;133.5626220703125
166.586090463;FBK117.25;61.96;130.5816650390625
166.60615062;FBK120.59;58.71;89.9688720703125
166.626217687;FBK123.66;55.63;89.9688720703125
166.646160496;FBK126.56;52.73;89.9688720703125
166.66019876;ACK89.97;90.03;89.9688720703125
166.666373767;FBK129.29;49.83;89.9688720703125
166.686683301;FBK131.92;47.29;89.9688720703125
166.706741666;FBK134.38;45.00;89.9688720703125
166.726064918;FBK136.58;42.71;89.9688720703125
166.746045927;FBK138.69;40.78;89.9688720703125
166.766045042;FBK140.62;38.94;89.9688720703125
166.786037792;FBK142.38;37.27;89.9688720703125
166.805976059;FBK143.88;35.68;89.9688720703125
166.826034903;FBK145.28;34.37;89.9688720703125
166.845994509;FBK146.43;33.22;89.9688720703125
166.866031695;FBK147.39;32.34;89.9688720703125
166.886017118;FBK148.27;31.46;89.9688720703125
166.906004045;FBK148.89;30.94;89.6612548828125
166.925946599;FBK149.41;30.50;89.40673828125
166.946022144;FBK149.68;30.15;89.014892578125
166.960568857;ACK88.80;91.20;88.5772705078125
166.965967673;FBK149.68;30.15;88.5772705078125
166.986145304;FBK149.68;30.23;87.9180908203125
167.006035903;FBK149.59;30.50;87.5225830078125
167.026558088;FBK149.24;30.67;86.953125
167.046686068;FBK148.45;31.29;85.4461669921875
167.060748998;ACK84.29;95.71;84.29443359375
167.066599061;FBK147.48;32.43;82.6849365234375
167.086460515;FBK146.34;33.66;78.7042236328125
167.105977543;FBK145.11;35.07;64.2279052734375
167.125896839;FBK143.61;36.65;59.769287109375
167.145930026;FBK141.94;38.23;46.29638671875
167.161140606;ACK45.51;134.49;44.40673828125
167.165952048;FBK140.10;40.08;44.40673828125
167.18591143;FBK138.16;42.10;39.9627685546875
167.205912113;FBK136.05;44.30;36.6448974609375
167.225901663;FBK133.68;46.67;30.0
167.245881552;FBK131.22;49.22;30.0
167.261481955;ACK30.00;150.00;30.0
167.265914003;FBK128.58;52.03;30.0
167.285905921;FBK125.68;54.93;30.0
167.305883122;FBK122.70;58.01;30.0
167.325845191;FBK119.27;61.26;30.0
167.345846354;FBK115.93;64.69;30.0
167.365985024;FBK112.41;68.29;30.0
167.386745276;FBK108.72;72.07;30.0
167.406542982;FBK104.85;76.03;30.0
167.426550236;FBK100.81;80.33;30.0
167.445776755;FBK96.50;84.55;30.0
167.465763822;FBK92.11;89.03;30.0
167.485752329;FBK87.71;93.43;30.0
167.505720681;FBK83.14;97.73;30.0
167.525803564;FBK78.93;101.87;30.0
167.545967036;FBK74.88;105.82;30.0
167.565823127;FBK71.02;109.60;30.0
167.585842474;FBK67.32;113.38;30.0
167.60581137;FBK63.90;116.89;65.006103515625
167.625797893;FBK60.56;120.15;84.9774169921875
167.645805755;FBK57.30;123.31;86.4862060546875
167.661995456;ACK87.02;92.98;87.447509765625
167.665868772;FBK54.32;126.21;87.7880859375
167.685850272;FBK51.42;128.94;88.2806396484375
167.705857783;FBK48.69;131.57;88.4564208984375
167.726390315;FBK46.23;134.12;88.707275390625
167.745807635;FBK43.95;136.32;88.9251708984375
167.761877045;ACK88.93;91.07;88.9251708984375
167.765780146;FBK41.84;138.43;88.9251708984375
167.785742515;FBK39.90;140.36;88.9251708984375
167.805753672;FBK38.23;142.12;89.1009521484375
167.825721672;FBK36.56;143.61;89.1009521484375
167.845741115;FBK35.16;144.93;89.1009521484375
167.862235092;ACK89.10;90.90;89.1009521484375
167.865685729;FBK33.93;146.16;89.1009521484375
167.88573067;FBK32.78;147.22;89.1009521484375
167.905725543;FBK31.90;148.10;89.1009521484375
167.925707683;FBK31.20;148.71;89.1009521484375
167.945715225;FBK30.76;149.15;89.1009521484375
167.962277378;ACK89.64;90.36;89.6429443359375
167.965662878;FBK30.41;149.41;89.6429443359375
167.985704812;FBK30.32;149.41;89.945068359375
168.005796877;FBK30.23;149.41;90.3717041015625
168.025695966;FBK30.41;149.33;91.1993408203125
168.046337847;FBK30.76;149.15;95.4638671875
168.062738664;ACK111.66;68.34;112.9925537109375
168.066302808;FBK31.46;148.36;112.9925537109375
168.086307567;FBK32.26;147.22;142.0770263671875
168.105650729;FBK33.31;146.07;149.9981689453125
168.125658495;FBK34.54;144.76;149.9981689453125
168.145670612;FBK35.95;143.44;149.9981689453125
168.162959817;ACK150.00;30.00;149.9981689453125
168.165610747;FBK37.53;141.77;149.9981689453125
168.185657863;FBK39.20;139.83;149.9981689453125
168.205641795;FBK41.13;137.90;149.9981689453125
168.225634749;FBK43.24;135.79;149.9981689453125
168.245630134;FBK45.62;133.51;149.9981689453125
168.265593143;FBK48.16;131.04;149.9981689453125
168.285600333;FBK50.71;128.32;149.9981689453125
168.305681649;FBK53.53;125.51;149.9981689453125
168.325625367;FBK56.43;122.52;149.9981689453125
168.345581946;FBK59.59;119.09;149.9981689453125
168.365668224;FBK62.93;115.75;149.9981689453125
168.385579479;FBK66.45;112.15;149.9981689453125
168.405699899;FBK70.14;108.46;149.9981689453125
168.425558144;FBK74.27;104.50;149.9981689453125
168.445622225;FBK78.22;100.46;149.9981689453125
168.466110876;FBK82.44;96.15;149.9981689453125
168.486116252;FBK86.84;91.49;149.9981689453125
168.505503475;FBK91.23;87.10;149.9981689453125
168.525558919;FBK95.62;82.79;149.9981689453125
168.54558154;FBK100.02;78.57;149.9981689453125
168.565548173;FBK103.97;74.53;149.9981689453125
168.585544112;FBK107.84;70.66;149.9981689453125
168.605539731;FBK111.80;66.97;149.9981689453125
168.625543955;FBK115.31;63.54;149.9981689453125
168.645493889;FBK118.74;59.94;149.9981689453125
168.665532953;FBK121.99;56.87;149.9981689453125
168.685528796;FBK124.98;53.88;149.9981689453125
168.705614888;FBK127.79;51.06;149.9981689453125
168.725517986;FBK130.43;48.52;145.12939453125
168.74549249;FBK132.98;46.05;88.7640380859375
168.763963266;ACK89.15;90.85;89.1522216796875
168.765505288;FBK135.35;43.77;89.1522216796875
168.785438778;FBK137.46;41.66;89.033203125
168.80566506;FBK139.57;39.73;89.033203125
168.825485362;FBK141.33;37.97;89.033203125
168.846171596;FBK143.00;36.39;89.033203125
168.863663283;ACK89.03;90.97;89.033203125
168.866352097;FBK144.40;34.98;89.033203125
168.886104959;FBK145.72;33.84;89.033203125
168.905455616;FBK146.78;32.78;89.033203125
168.925751897;FBK147.66;31.99;89.033203125
168.945767607;FBK148.45;31.29;89.033203125
168.965730369;FBK148.97;30.76;89.033203125
168.985713383;FBK149.41;30.41;89.033203125
169.005731588;FBK149.50;30.32;89.033203125
169.025526136;FBK149.50;30.32;89.033203125
169.045712428;FBK149.50;30.50;89.033203125
169.065706575;FBK149.24;30.76;89.033203125
169.085669786;FBK148.71;31.20;89.033203125
169.105688279;FBK147.74;32.34;89.033203125
169.125408189;FBK146.69;33.49;89.033203125
169.145379526;FBK145.46;34.80;88.1195068359375
169.164686001;ACK85.79;94.21;85.7940673828125
169.165890762;FBK144.05;36.30;83.8604736328125
169.185678176;FBK142.47;37.79;67.415771484375
169.205371213;FBK140.80;39.55;52.8387451171875
169.226053;FBK138.87;41.57;36.771240234375
169.245345878;FBK136.76;43.77;30.0
169.264749322;ACK30.00;150.00;30.0
169.267159292;FBK134.47;46.14;30.0
169.285388239;FBK132.19;48.60;30.0
169.305283786;FBK129.55;51.24;30.0
169.325352027;FBK126.83;54.14;30.0
169.345365562;FBK123.75;57.13;30.0
169.365582185;FBK120.59;60.29;30.0
169.385332974;FBK117.25;63.72;30.0
169.405319354;FBK113.73;67.41;30.0
169.425370167;FBK110.13;71.19;30.0
169.445323499;FBK106.44;75.06;30.0
169.465317589;FBK102.39;79.19;30.0
169.485202873;FBK98.17;83.41;30.0
169.505178504;FBK93.78;87.71;75.0494384765625
169.525201515;FBK89.21;92.20;92.724609375
169.545176922;FBK84.81;96.50;91.171875
169.565395885;ACK90.43;89.57;90.428466796875
169.566552948;FBK80.33;101.07;90.1629638671875
169.586300954;FBK76.20;105.12;89.761962890625
169.606672489;FBK72.33;108.90;89.5111083984375
169.626923637;FBK68.55;112.59;89.36279296875
169.646947383;FBK65.04;116.10;89.24560546875
169.664846686;ACK89.25;90.75;89.24560546875
169.667195556;FBK61.44;119.53;89.24560546875
169.686288713;FBK58.36;122.61;89.0899658203125
169.706515482;FBK55.37;125.68;89.0899658203125
169.726259521;FBK52.21;128.50;89.0899658203125
169.74631606;FBK49.57;131.13;89.0899658203125
169.764996517;ACK89.09;90.91;89.0899658203125
169.766768375;FBK47.02;133.68;89.0899658203125
169.786197898;FBK44.65;135.88;89.0899658203125
169.806282846;FBK42.54;137.99;89.0899658203125
169.82620409;FBK40.52;139.92;89.0899658203125
169.84618999;FBK38.76;141.68;89.0899658203125
169.866470283;FBK37.00;143.35;89.0899658203125
169.886495661;FBK35.51;144.76;89.0899658203125
169.906446626;FBK34.19;145.99;89.0899658203125
169.926210244;FBK33.13;147.04;89.0899658203125
169.946152027;FBK32.17;147.92;89.0899658203125
169.966452539;FBK31.38;148.62;89.0899658203125
169.986544525;FBK30.85;149.06;89.0899658203125
170.006190635;FBK30.41;149.41;89.0899658203125
170.0264231;FBK30.23;149.50;89.0899658203125
170.046863545;FBK30.23;149.41;89.0899658203125
170.066711783;FBK30.23;149.33;89.0899658203125
170.086192366;FBK30.41;149.15;89.0899658203125
170.10645631;FBK31.03;148.54;89.0899658203125
170.126158215;FBK31.90;147.57;89.0899658203125
170.146137365;FBK32.96;146.43;89.0899658203125
170.166420217;FBK34.10;145.11;89.0899658203125
170.186378444;FBK35.42;143.61;89.6575927734375
170.206082908;FBK37.00;142.12;90.60791015625
170.226100257;FBK38.67;140.27;95.343017578125
170.246122596;FBK40.61;138.34;116.8011474609375
170.267868485;FBK42.71;136.23;149.9981689453125
170.268297949;ACK150.00;30.00;149.9981689453125
170.286164171;FBK44.91;133.95;149.9981689453125
170.306084168;FBK47.46;131.40;149.9981689453125
170.326102348;FBK50.01;128.67;149.9981689453125
170.346079834;FBK52.73;125.95;149.9981689453125
170.36633233;FBK55.63;122.87;149.9981689453125
170.386397351;FBK58.71;119.71;149.9981689453125
170.406353471;FBK61.96;116.37;149.9981689453125
170.4267931;FBK65.48;112.85;149.9981689453125
170.446706048;FBK69.08;109.16;149.9981689453125
170.466953698;FBK73.12;105.03;149.9981689453125
170.486045959;FBK77.08;100.99;149.9981689453125
170.505897115;FBK81.30;96.77;149.9981689453125
170.525927216;FBK85.61;92.29;149.9981689453125
170.545893096;FBK90.09;87.80;149.9981689453125
170.566150246;FBK94.48;83.50;149.9981689453125
170.585869759;FBK98.79;79.28;149.9981689453125
170.605967793;FBK102.92;74.97;149.9981689453125
170.625924621;FBK106.79;71.10;149.9981689453125
170.645942601;FBK110.74;67.41;145.5780029296875
170.667441016;FBK114.35;63.90;89.2803955078125
170.667819728;ACK109.60;70.40;89.2803955078125
170.685961514;FBK117.86;60.56;89.00390625
170.705923268;FBK121.11;57.39;89.00390625
170.725897207;FBK124.10;54.40;89.00390625
170.74587975;FBK127.00;51.59;89.00390625
170.76753808;FBK129.73;48.78;89.00390625
170.767935023;ACK89.00;91.00;89.00390625
170.786150786;FBK132.28;46.41;89.00390625
170.806946499;FBK134.65;44.03;89.00390625
170.825853929;FBK136.93;41.92;89.00390625
170.846495292;FBK139.04;40.08;89.00390625
170.866528496;FBK140.89;38.32;89.00390625
170.885859607;FBK142.56;36.74;89.00390625
170.905828141;FBK143.96;35.24;89.00390625
170.925806302;FBK145.28;34.01;89.00390625
170.945797736;FBK146.43;32.96;89.00390625
170.965778903;FBK147.39;32.08;89.00390625
170.985772224;FBK148.18;31.46;89.00390625
171.005742294;FBK148.80;30.94;89.00390625
171.025761649;FBK149.24;30.59;89.00390625
171.045734053;FBK149.41;30.41;89.00390625
171.065707864;FBK149.41;30.41;89.00390625
171.085656921;FBK149.33;30.50;89.00390625
171.105684943;FBK149.24;30.85;89.00390625
171.125676249;FBK148.71;31.20;89.00390625
171.145739134;FBK147.92;32.17;89.00390625
171.165648307;FBK146.87;33.31;89.00390625
171.185729198;FBK145.63;34.72;89.00390625
171.206274547;FBK144.23;36.04;88.7640380859375
171.226330555;FBK142.73;37.79;87.989501953125
171.245636239;FBK141.15;39.55;87.1893310546875
171.265616383;FBK139.22;41.48;84.19921875
171.267766385;ACK85.60;94.40;84.19921875
171.285589011;FBK137.20;43.59;80.159912109375
171.305592311;FBK135.00;45.88;50.9454345703125
171.325566378;FBK132.71;48.34;33.958740234375
171.345558995;FBK130.17;50.98;30.0
171.365562519;FBK127.35;53.96;30.0
171.36753559;ACK30.00;150.00;30.0
171.385465967;FBK124.37;56.95;30.0
171.405384638;FBK121.20;60.12;30.0
171.425262312;FBK117.95;63.54;30.0
171.445156984;FBK114.52;66.97;30.0
171.465030997;FBK110.92;70.75;30.0
171.484920767;FBK107.23;74.62;30.0
171.504876966;FBK103.18;78.66;30.0
171.524772465;FBK99.05;83.14;30.0
171.544477682;FBK94.75;87.45;30.0
171.564426147;FBK90.09;91.85;30.0
171.585035986;FBK85.69;96.24;30.0
171.605019751;FBK81.47;100.46;30.0
171.624637242;FBK77.26;104.41;81.7840576171875
171.644116939;FBK73.30;108.28;84.66064453125
171.664283952;FBK69.43;112.24;86.729736328125
171.667976896;ACK86.20;93.80;86.729736328125
171.684183939;FBK65.92;115.66;87.48046875
171.704062314;FBK62.49;119.00;87.97119140625
171.723635752;FBK59.15;122.26;88.2769775390625
171.743549298;FBK55.90;125.24;88.4710693359375
171.763842361;FBK52.91;128.06;88.648681640625
171.768214726;ACK88.65;91.35;88.648681640625
171.78345234;FBK50.19;130.78;88.648681640625
171.803247063;FBK47.64;133.24;88.648681640625
171.823117544;FBK45.18;135.70;88.648681640625
171.843012661;FBK42.98;137.90;88.648681640625
171.862987991;FBK40.96;139.83;88.648681640625
171.882792582;FBK39.11;141.59;88.648681640625
171.903561096;FBK37.35;143.26;88.648681640625
171.922626392;FBK35.86;144.67;88.8226318359375
171.943280571;FBK34.45;145.90;88.8226318359375
171.962352774;FBK33.22;147.04;88.8226318359375
171.968713305;ACK88.82;91.18;88.8226318359375
171.982562153;FBK32.26;148.01;88.8226318359375
172.002257598;FBK31.46;148.62;88.8226318359375
172.022042104;FBK30.85;149.15;88.8226318359375
172.041963226;FBK30.32;149.59;88.8226318359375
172.061846884;FBK30.15;149.59;88.8226318359375
172.082022937;FBK30.06;149.59;88.8226318359375
172.101916304;FBK30.06;149.50;88.8226318359375
172.121556299;FBK30.23;149.33;89.23828125
172.141397368;FBK30.76;148.80;89.4378662109375
172.161314957;FBK31.55;147.83;90.087890625
172.168655009;ACK90.09;89.91;90.5218505859375
172.181460676;FBK32.52;146.69;91.2469482421875
172.201379379;FBK33.57;145.46;95.2386474609375
172.22142324;FBK34.89;144.14;110.4327392578125
172.241399939;FBK36.30;142.56;128.441162109375
172.2607971;FBK38.06;140.71;144.7174072265625
172.269111642;ACK150.00;30.00;149.9981689453125
172.281736512;FBK39.81;138.78;149.9981689453125
172.30177458;FBK41.92;136.76;149.9981689453125
172.320483342;FBK44.12;134.47;149.9981689453125
172.340662037;FBK46.41;132.10;149.9981689453125
172.360515902;FBK49.04;129.46;149.9981689453125
172.380412398;FBK51.68;126.65;149.9981689453125
172.400356591;FBK54.49;123.75;149.9981689453125
172.420262671;FBK57.57;120.50;149.9981689453125
172.440164198;FBK60.73;117.16;149.9981689453125
172.460033822;FBK64.16;113.64;149.9981689453125
172.479642579;FBK67.94;109.95;149.9981689453125
172.499789402;FBK71.63;106.17;149.9981689453125
172.520936068;FBK75.59;102.13;148.0462646484375
172.539524255;FBK79.72;97.91;127.9595947265625
172.559404449;FBK84.02;93.25;95.0299072265625
172.569575323;ACK95.03;84.97;94.1546630859375
172.579345936;FBK88.42;88.86;93.3837890625
172.599240044;FBK92.90;84.46;91.8731689453125
172.619097218;FBK97.21;80.24;91.300048828125
172.639119801;FBK101.51;76.03;90.816650390625
172.659016074;FBK105.47;72.16;90.64453125
172.66974259;ACK90.64;89.36;90.64453125
172.678667243;FBK109.42;68.38;90.5181884765625
172.698567878;FBK113.12;64.86;90.5181884765625
172.718460713;FBK116.63;61.35;90.3863525390625
172.738301649;FBK119.97;58.10;90.3863525390625
172.758232755;FBK123.13;55.11;90.3863525390625
172.769680863;ACK90.39;89.61;90.3863525390625
172.778124475;FBK126.12;52.21;90.3863525390625
172.798113022;FBK128.85;49.57;90.3863525390625
172.818016905;FBK131.48;47.11;90.267333984375
172.837889107;FBK133.95;44.74;90.267333984375
172.857766977;FBK136.32;42.45;90.267333984375
172.869809826;ACK90.27;89.73;90.267333984375
172.877820381;FBK138.52;40.52;90.267333984375
172.89825574;FBK140.36;38.76;90.267333984375
172.918553931;FBK142.12;37.09;90.267333984375
172.937376874;FBK143.70;35.68;90.267333984375
172.958096151;FBK145.11;34.37;90.267333984375
172.977138505;FBK146.25;33.31;90.267333984375
172.997110812;FBK147.30;32.43;90.267333984375
173.017201852;FBK148.18;31.64;90.267333984375
173.037148751;FBK148.89;31.11;90.267333984375
173.05704598;FBK149.41;30.67;90.267333984375
173.076651171;FBK149.77;30.59;90.267333984375
173.09653232;FBK149.77;30.59;90.267333984375
173.116720058;FBK149.77;30.67;90.267333984375
173.136629163;FBK149.59;30.94;90.267333984375
173.156268742;FBK149.33;31.20;90.267333984375
173.176154158;FBK148.62;32.17;90.267333984375
173.196078801;FBK147.66;33.31;90.267333984375
173.215968292;FBK146.60;34.54;90.267333984375
173.236163576;FBK145.28;35.95;90.267333984375
173.256147537;FBK143.79;37.44;90.267333984375
173.275638264;FBK142.21;39.20;90.267333984375
173.296371677;FBK140.45;41.04;90.267333984375
173.316326409;FBK138.52;43.24;90.267333984375
173.336546114;FBK136.41;45.53;90.267333984375
173.355252555;FBK134.12;47.99;90.267333984375
173.375164526;FBK131.66;50.54;90.267333984375
173.39504645;FBK128.94;53.35;90.267333984375
173.414954745;FBK125.95;56.34;90.267333984375
173.434931898;FBK122.96;59.41;90.267333984375
173.45477159;FBK119.79;62.49;90.267333984375
173.474628258;FBK116.81;65.57;90.267333984375
173.494609965;FBK113.82;68.38;90.267333984375
173.514758339;FBK111.09;71.02;90.267333984375
173.534660901;FBK108.54;73.39;90.267333984375
173.554305231;FBK106.17;75.67;90.267333984375
173.574190659;FBK103.89;77.78;90.267333984375
173.594198641;FBK101.69;79.72;90.267333984375
173.61419949;FBK99.84;81.56;90.267333984375
173.634059757;FBK98.09;83.14;90.267333984375
173.653957669;FBK96.50;84.46;90.267333984375
173.673919312;FBK95.19;85.61;90.267333984375
173.693768049;FBK94.04;86.75;90.267333984375
173.71367093;FBK92.99;87.63;90.267333984375
173.733336822;FBK92.20;88.24;90.267333984375
173.753247028;FBK91.49;88.77;90.267333984375
173.773149335;FBK91.05;89.12;90.267333984375
173.793071134;FBK90.79;89.21;90.267333984375
173.812956976;FBK90.62;89.21;90.267333984375
173.832964417;FBK90.62;89.21;90.267333984375
173.853043519;FBK90.62;89.30;90.267333984375
173.873086154;FBK90.62;89.30;90.267333984375
173.892580092;FBK90.62;89.30;90.267333984375
173.913253148;FBK90.62;89.30;90.267333984375
173.933151952;FBK90.62;89.30;90.267333984375
173.952282429;FBK90.62;89.30;90.267333984375
173.972223529;FBK90.62;89.30;90.267333984375
173.992145551;FBK90.62;89.30;90.267333984375
174.012128787;FBK90.62;89.30;90.267333984375
174.031916024;FBK90.62;89.30;90.267333984375
174.052133064;FBK90.62;89.30;90.267333984375
174.072031581;FBK90.62;89.30;90.267333984375
174.091925003;FBK90.62;89.30;90.267333984375
174.111516909;FBK90.62;89.30;90.267333984375
174.131417147;FBK90.62;89.30;90.267333984375
174.151364107;FBK90.62;89.30;90.267333984375
174.171528851;FBK90.62;89.30;90.267333984375
174.191438738;FBK90.62;89.30;90.267333984375
174.211089406;FBK90.62;89.30;90.267333984375
174.231007511;FBK90.62;89.30;90.267333984375
174.250880071;FBK90.62;89.30;90.267333984375
174.271057491;FBK90.62;89.30;90.267333984375
174.291741471;FBK90.62;89.30;90.267333984375
174.311551162;FBK90.62;89.30;90.267333984375
174.330689824;FBK90.62;89.30;90.267333984375
174.3503961;FBK90.62;89.30;90.267333984375
174.370592781;FBK90.62;89.30;90.267333984375
174.390300643;FBK90.62;89.30;90.267333984375
174.410149538;FBK90.62;89.30;90.267333984375
174.430039402;FBK90.62;89.30;90.267333984375
174.450002952;FBK90.62;89.30;90.267333984375
174.470118303;FBK90.62;89.30;90.267333984375
174.490031231;FBK90.62;89.30;90.267333984375
174.509978725;FBK90.62;89.30;90.267333984375
174.52960261;FBK90.62;89.30;90.267333984375
174.549527677;FBK90.62;89.30;90.267333984375
174.569697855;FBK90.62;89.30;90.267333984375
174.589610433;FBK90.62;89.30;90.267333984375
174.609624318;FBK90.62;89.30;90.267333984375
174.629135204;FBK90.62;89.30;90.267333984375
174.649154728;FBK90.62;89.30;90.267333984375
174.669463996;FBK90.62;89.30;90.267333984375
174.690003052;FBK90.62;89.30;90.267333984375
174.708803835;FBK90.62;89.30;90.267333984375
174.728650595;FBK90.62;89.30;90.267333984375
174.748613062;FBK90.62;89.30;90.267333984375
174.768520957;FBK90.62;89.30;90.267333984375
174.788719648;FBK90.62;89.30;90.267333984375
174.808581572;FBK90.62;89.30;90.267333984375
174.828282361;FBK90.62;89.30;90.267333984375
174.848187899;FBK90.62;89.30;90.267333984375
174.868222619;FBK90.62;89.30;90.267333984375
174.888061606;FBK90.62;89.30;90.267333984375
174.907911393;FBK90.62;89.30;90.267333984375
174.927766118;FBK90.62;89.30;90.267333984375
174.947807655;FBK90.62;89.30;90.267333984375
174.967604049;FBK90.62;89.30;90.267333984375
174.987817011;FBK90.62;89.30;90.267333984375
175.008633292;FBK90.62;89.30;90.267333984375
175.027385491;FBK90.62;89.30;90.267333984375
175.047256686;FBK90.62;89.30;90.267333984375
175.067166971;FBK90.62;89.30;90.267333984375
175.087119594;FBK90.62;89.30;90.267333984375
175.106997575;FBK90.62;89.30;90.267333984375
175.126901679;FBK90.62;89.30;90.267333984375
175.146851689;FBK90.62;89.30;90.267333984375
175.166729734;FBK90.62;89.30;90.267333984375
175.186654672;FBK90.62;89.30;90.267333984375
175.206837084;FBK90.62;89.30;90.267333984375
175.226733383;FBK90.62;89.30;90.267333984375
175.246373961;FBK90.62;89.30;90.267333984375
175.266304602;FBK90.62;89.30;90.267333984375
175.28637701;FBK90.62;89.30;90.267333984375
175.306379649;FBK90.62;89.30;90.267333984375
175.327255121;FBK90.62;89.30;90.267333984375
175.346709588;FBK90.62;89.30;90.267333984375
175.365810343;FBK90.62;89.30;90.267333984375
175.385747013;FBK90.62;89.30;90.267333984375
175.405944948;FBK90.62;89.30;90.267333984375
175.425864952;FBK90.62;89.30;90.267333984375
175.445804331;FBK90.62;89.30;90.267333984375
175.465432288;FBK90.62;89.30;90.267333984375
175.485342606;FBK90.62;89.30;90.267333984375
175.505483278;FBK90.62;89.30;90.267333984375
175.525452929;FBK90.62;89.30;90.267333984375
175.545387113;FBK90.62;89.38;90.267333984375
175.565014211;FBK90.62;89.38;90.267333984375
175.58491927;FBK90.62;89.38;90.267333984375
175.604879903;FBK90.62;89.38;90.267333984375
175.62507532;FBK90.62;89.38;90.267333984375
175.645011162;FBK90.62;89.38;90.267333984375
175.665352204;FBK90.62;89.38;90.267333984375
175.685286166;FBK90.62;89.38;90.267333984375
175.704398541;FBK90.62;89.38;90.267333984375
175.725448557;FBK90.62;89.38;90.267333984375
175.744482766;FBK90.62;89.38;90.267333984375
175.764192682;FBK90.62;89.38;90.267333984375
175.783997907;FBK90.62;89.38;90.267333984375
175.803980654;FBK90.62;89.38;90.267333984375
175.823908434;FBK90.62;89.38;90.267333984375
175.844101047;FBK90.62;89.38;90.267333984375
175.864035104;FBK90.62;89.38;90.267333984375
175.883741515;FBK90.62;89.38;90.267333984375
175.903590969;FBK90.62;89.38;90.267333984375
175.923765929;FBK90.62;89.38;90.267333984375
175.943679815;FBK90.62;89.38;90.267333984375
175.963732571;FBK90.62;89.38;90.267333984375
175.983948127;FBK90.62;89.38;90.267333984375
176.003437438;FBK90.62;89.38;90.267333984375
176.023061668;FBK90.62;89.38;90.267333984375
176.043253229;FBK90.62;89.38;90.267333984375
176.06317301;FBK90.62;89.38;90.267333984375
176.082821744;FBK90.62;89.38;90.267333984375
176.102726262;FBK90.62;89.38;90.267333984375
176.122637153;FBK90.62;89.38;90.267333984375
176.142826866;FBK90.62;89.38;90.267333984375
176.162755251;FBK90.62;89.38;90.267333984375
176.18235743;FBK90.62;89.38;90.267333984375
176.202278741;FBK90.62;89.38;90.267333984375
176.222211587;FBK90.62;89.38;90.267333984375
176.242287127;FBK90.62;89.38;90.267333984375
176.262056057;FBK90.62;89.38;90.267333984375
176.282080134;FBK90.62;89.38;90.267333984375
176.301908238;FBK90.62;89.38;90.267333984375
176.322574117;FBK90.62;89.38;90.267333984375
176.342848114;FBK90.62;89.38;90.267333984375
176.361907625;FBK90.62;89.38;90.267333984375
176.381555086;FBK90.62;89.38;90.267333984375
176.401440424;FBK90.62;89.38;90.267333984375
176.421382878;FBK90.62;89.38;90.267333984375
176.441584458;FBK90.62;89.38;90.267333984375
176.461519326;FBK90.62;89.38;90.267333984375
176.481436728;FBK90.62;89.38;90.267333984375
176.501055035;FBK90.62;89.38;90.267333984375
176.520988565;FBK90.62;89.38;90.267333984375
176.540919736;FBK90.62;89.38;90.267333984375
176.56107322;FBK90.62;89.38;90.267333984375
176.58118103;FBK90.62;89.38;90.267333984375
176.601405558;FBK90.62;89.38;90.267333984375
176.621016025;FBK90.62;89.38;90.267333984375
176.640537247;FBK90.62;89.38;90.267333984375
176.66071419;FBK90.62;89.38;90.267333984375
176.680919754;FBK90.62;89.38;90.267333984375
176.700548101;FBK90.62;89.38;90.267333984375
176.720209723;FBK90.62;89.38;90.267333984375
176.740127125;FBK90.62;89.38;90.267333984375
176.760299286;FBK90.62;89.38;90.267333984375
176.780242059;FBK90.62;89.38;90.267333984375
176.799847585;FBK90.62;89.38;90.267333984375
176.819794852;FBK90.62;89.38;90.267333984375
176.839778071;FBK90.62;89.38;89.3353271484375
176.85988824;FBK90.62;89.38;88.502197265625
176.873692495;ACK88.06;91.94;87.5225830078125
176.880049883;FBK90.62;89.38;86.5081787109375
176.900280277;FBK90.62;89.38;82.393798828125
176.920245201;FBK90.53;89.38;65.5078125
176.939291996;FBK90.18;89.65;61.67724609375
176.959211055;FBK89.65;90.09;58.897705078125
176.974058158;ACK57.26;122.74;57.2625732421875
176.979420157;FBK89.12;90.70;57.2625732421875
176.999101095;FBK88.68;91.14;59.718017578125
177.018964249;FBK88.24;91.58;62.9608154296875
177.038899595;FBK87.71;92.02;64.134521484375
177.058740757;FBK87.01;92.72;64.7296142578125
177.074298305;ACK64.30;115.70;63.4625244140625
177.079123248;FBK86.13;93.69;62.4957275390625
177.098967756;FBK85.17;94.66;60.772705078125
177.118577999;FBK83.94;95.80;59.6612548828125
177.138502573;FBK82.62;97.21;58.714599609375
177.158399831;FBK81.04;98.70;58.35205078125
177.174251087;ACK58.22;121.78;58.223876953125
177.178407688;FBK79.37;100.37;58.048095703125
177.198730735;FBK77.43;102.13;57.8887939453125
177.218276022;FBK75.50;104.24;57.8887939453125
177.238200213;FBK73.39;106.44;58.0902099609375
177.258963615;FBK71.28;108.54;60.303955078125
177.27468738;ACK61.35;118.65;62.340087890625
177.279340464;FBK69.26;110.57;63.7005615234375
177.298186684;FBK67.41;112.41;66.54052734375
177.31782915;FBK65.74;114.08;68.8714599609375
177.337798919;FBK64.25;115.58;71.3873291015625
177.357803525;FBK62.84;116.89;72.857666015625
177.374562335;ACK74.53;105.47;75.46875
177.37763934;FBK61.70;118.12;75.46875
177.397569468;FBK60.73;119.09;77.4627685546875
177.417493411;FBK59.94;119.97;80.7403564453125
177.437390256;FBK59.33;120.59;82.7490234375
177.457617089;FBK58.80;121.03;84.9481201171875
177.475563497;ACK85.93;94.07;85.927734375
177.477279172;FBK58.54;121.29;85.927734375
177.497641111;FBK58.54;121.29;86.927490234375
177.518151578;FBK58.62;121.29;87.8631591796875
177.537849781;FBK58.71;121.20;88.49853515625
177.55725759;FBK59.15;120.85;89.1192626953125
177.574690574;ACK89.66;90.34;89.9725341796875
177.57690641;FBK59.94;120.06;89.9725341796875
177.597113223;FBK60.91;119.00;90.5218505859375
177.617025562;FBK61.96;117.95;91.644287109375
177.63695247;FBK63.28;116.63;92.310791015625
177.656596667;FBK64.86;115.14;92.9351806640625
177.674802322;ACK93.18;86.82;93.182373046875
177.676577006;FBK66.53;113.47;93.182373046875
177.696754744;FBK68.29;111.62;93.182373046875
177.716640877;FBK70.31;109.69;93.3837890625
177.736251761;FBK72.51;107.58;93.3837890625
177.756227254;FBK74.79;105.21;93.3837890625
177.775293822;ACK93.38;86.62;93.3837890625
177.776780281;FBK77.26;102.74;93.3837890625
177.796216527;FBK79.28;100.63;93.3837890625
177.815884985;FBK81.39;98.61;93.577880859375
177.836146025;FBK83.32;96.50;93.577880859375
177.856763736;FBK85.08;94.75;93.577880859375
177.875137492;ACK93.58;86.42;93.577880859375
177.877563991;FBK86.75;93.16;93.577880859375
177.897384898;FBK88.15;91.85;93.577880859375
177.91650308;FBK89.38;90.53;93.577880859375
177.936524479;FBK90.44;89.47;93.1256103515625
177.956396745;FBK91.32;88.59;92.0892333984375
177.975618281;ACK91.03;88.97;90.435791015625
177.977255085;FBK92.02;87.80;90.435791015625
177.996579305;FBK92.55;87.28;88.49853515625
178.016404485;FBK92.90;86.92;86.953125
178.036321605;FBK92.99;86.75;85.4150390625
178.056324355;FBK92.90;86.75;82.5384521484375
178.075746765;ACK80.14;99.86;80.1416015625
178.077419402;FBK92.81;86.92;78.936767578125
178.097010998;FBK92.46;87.01;76.7559814453125
178.116741718;FBK91.85;87.63;72.7276611328125
178.136612199;FBK91.14;88.59;69.5709228515625
178.15659598;FBK90.26;89.56;63.731689453125
178.175842541;ACK61.94;118.06;60.3863525390625
178.177435001;FBK89.12;90.70;60.3863525390625
178.196440774;FBK87.89;91.85;57.0904541015625
178.217040887;FBK86.48;93.34;55.8013916015625
178.236255537;FBK84.99;95.01;54.708251953125
178.256196249;FBK83.14;96.77;54.2816162109375
178.278147906;FBK81.21;98.70;54.0087890625
178.278802366;ACK54.01;125.99;54.0087890625
178.296174619;FBK79.10;100.90;53.8330078125
178.316112748;FBK76.82;103.18;53.701171875
178.336029327;FBK74.44;105.56;53.701171875
178.356272355;FBK72.07;108.02;56.5557861328125
178.377382185;FBK69.61;110.30;59.4287109375
178.377780924;ACK59.43;120.57;59.4287109375
178.395779529;FBK67.50;112.50;63.629150390625
178.415725176;FBK65.39;114.52;66.884765625
178.435666263;FBK63.54;116.46;71.1749267578125
178.456069574;FBK61.79;118.12;73.853759765625
178.477287229;FBK60.21;119.71;77.9608154296875
178.477704716;ACK76.63;103.37;77.9608154296875
178.496594225;FBK58.80;121.03;80.482177734375
178.516505817;FBK57.66;122.26;84.2303466796875
178.535583678;FBK56.69;123.22;86.1676025390625
178.555307205;FBK55.81;124.01;88.33740234375
178.576520077;FBK55.11;124.72;89.4927978515625
178.57687816;ACK89.49;90.51;89.4927978515625
178.595107654;FBK54.49;125.16;91.138916015625
178.614978336;FBK54.32;125.42;92.39501953125
178.634990147;FBK54.23;125.51;94.2626953125
178.654869502;FBK54.32;125.51;95.68359375
178.674817222;FBK54.40;125.33;97.93212890625
178.676424706;ACK97.17;82.83;97.93212890625
178.69472875;FBK54.76;125.07;99.466552734375
178.714700512;FBK55.55;124.28;101.90185546875
178.734605153;FBK56.43;123.13;103.7420654296875
178.754509092;FBK57.57;122.08;106.0565185546875
178.774442367;FBK58.89;120.67;109.6966552734375
178.776808777;ACK109.70;70.30;109.6966552734375
178.795257713;FBK60.29;119.27;113.0255126953125
178.815138471;FBK61.88;117.69;115.3564453125
178.834194394;FBK63.72;115.84;117.6983642578125
178.854439868;FBK65.65;113.82;120.955810546875
178.874419952;FBK67.85;111.71;122.86376953125
178.876996556;ACK122.37;57.63;122.86376953125
178.894006782;FBK70.05;109.25;123.68408203125
178.913936677;FBK72.60;106.79;124.3011474609375
178.933872949;FBK75.23;104.06;125.5609130859375
178.953936224;FBK78.05;101.25;126.9049072265625
178.973647124;FBK81.21;98.17;128.5162353515625
178.977111603;ACK128.52;51.48;128.5162353515625
178.99387624;FBK84.46;94.92;129.1973876953125
179.013768477;FBK87.71;91.58;129.8712158203125
179.033708895;FBK91.23;87.89;130.12939453125
179.053611941;FBK94.66;84.55;130.31982421875
179.073526563;FBK98.00;81.30;130.31982421875
179.077629819;ACK130.32;49.68;130.31982421875
179.093553233;FBK101.16;78.22;128.6480712890625
179.113309283;FBK104.06;75.23;114.0728759765625
179.133158538;FBK106.96;72.33;99.345703125
179.153082916;FBK109.86;69.61;96.02783203125
179.173404726;FBK112.41;67.06;92.911376953125
179.177544397;ACK92.91;87.09;92.16064453125
179.193973208;FBK114.79;64.60;90.8734130859375
179.213036433;FBK116.98;62.40;89.7509765625
179.232771471;FBK119.00;60.38;88.7823486328125
179.252728724;FBK120.94;58.54;87.5225830078125
179.272654697;FBK122.61;56.95;86.1676025390625
179.277774617;ACK85.40;94.60;85.400390625
179.292528631;FBK124.10;55.46;83.1829833984375
179.312525201;FBK125.42;54.14;80.181884765625
179.332454235;FBK126.56;53.00;75.076904296875
179.352668109;FBK127.62;52.03;71.6912841796875
179.372624717;FBK128.41;51.24;67.28759765625
179.378170361;ACK67.29;112.71;65.9564208984375
179.3922433;FBK129.02;50.63;64.81201171875
179.412196721;FBK129.46;50.27;62.413330078125
179.432164685;FBK129.73;50.01;61.4556884765625
179.452356214;FBK129.81;50.01;60.59326171875
179.472257651;FBK129.73;50.10;60.0567626953125
179.478533375;ACK59.63;120.37;59.6319580078125
179.492183038;FBK129.55;50.27;58.564453125
179.512184202;FBK129.11;50.54;57.47314453125
179.532448925;FBK128.32;51.50;56.0064697265625
179.552027419;FBK127.27;52.65;55.2960205078125
179.572507543;FBK126.21;53.79;54.6038818359375
179.578520761;ACK54.60;125.40;54.4464111328125
179.592444539;FBK124.89;55.11;54.3072509765625
179.611468871;FBK123.40;56.60;54.1168212890625
179.631419294;FBK121.73;58.36;53.9630126953125
179.651326853;FBK119.88;60.29;53.792724609375
179.671236677;FBK117.86;62.31;53.792724609375
179.678779104;ACK53.79;126.21;53.792724609375
179.69121995;FBK115.75;64.60;53.631591796875
179.711155128;FBK113.29;66.88;53.631591796875
179.731065463;FBK110.83;69.52;53.514404296875
179.750993784;FBK108.11;72.33;53.514404296875
179.770950426;FBK105.29;75.23;53.514404296875
179.778936413;ACK53.51;126.49;53.514404296875
179.790878748;FBK102.22;78.40;53.7615966796875
179.810703419;FBK98.96;81.74;56.1785888671875
179.830636557;FBK95.54;85.08;58.729248046875
179.850846265;FBK92.11;88.59;63.0120849609375
179.870523402;FBK88.59;92.02;66.536865234375
179.879087789;ACK68.66;111.34;68.66455078125
179.890535377;FBK85.25;95.36;81.727294921875
179.910372519;FBK81.91;98.61;82.8680419921875
179.931012424;FBK78.84;101.51;84.2523193359375
179.951045225;FBK75.94;104.50;84.9005126953125
179.971165698;FBK73.21;107.14;85.521240234375
179.979101295;ACK85.52;94.48;85.521240234375
179.990195515;FBK70.66;109.60;85.748291015625
180.010463555;FBK68.29;111.88;85.924072265625
180.030369615;FBK66.18;114.08;85.924072265625
180.050276027;FBK64.16;116.10;85.924072265625
180.070229735;FBK62.31;117.77;85.924072265625
180.07933068;ACK85.92;94.08;85.924072265625
180.089847712;FBK60.56;119.44;85.924072265625
180.109809967;FBK59.06;121.03;85.924072265625
180.129741637;FBK57.74;122.26;85.924072265625
180.149712631;FBK56.69;123.31;85.924072265625
180.169616906;FBK55.72;124.28;85.924072265625
180.189513813;FBK54.93;124.98;86.1273193359375
180.20970917;FBK54.32;125.51;87.626953125
180.229670755;FBK53.88;125.95;88.2843017578125
180.249358481;FBK53.70;126.12;89.00390625
180.269304152;FBK53.70;126.04;89.410400390625
180.279721041;ACK89.41;90.59;89.6685791015625
180.289182945;FBK53.79;125.95;89.8663330078125
180.309398617;FBK53.88;125.86;90.113525390625
180.330184493;FBK54.40;125.33;90.743408203125
180.349796442;FBK55.28;124.37;91.3641357421875
180.368944797;FBK56.25;123.22;92.5982666015625
180.380549912;ACK93.04;86.96;93.035888671875
180.388875005;FBK57.39;122.08;93.614501953125
180.408791338;FBK58.71;120.67;95.7403564453125
180.42876531;FBK60.21;119.09;97.027587890625
180.448945376;FBK61.96;117.42;98.23974609375
180.468613988;FBK63.81;115.58;98.7213134765625
180.480091605;ACK98.90;81.10;98.8970947265625
180.488537465;FBK65.92;113.47;99.1259765625
180.508744549;FBK68.12;111.18;99.1259765625
180.528693609;FBK70.49;108.90;99.327392578125
180.54859581;FBK73.04;106.17;99.327392578125
180.568306591;FBK75.67;103.45;99.327392578125
180.580286445;ACK99.33;80.67;99.327392578125
180.588228314;FBK78.31;100.72;99.327392578125
180.608065795;FBK80.86;98.26;99.327392578125
180.628260534;FBK83.32;95.89;99.327392578125
180.648214442;FBK85.61;93.69;99.327392578125
180.668300696;FBK87.63;91.76;99.327392578125
180.688101972;FBK89.56;89.91;99.327392578125
180.708552789;FBK91.23;88.07;99.327392578125
180.728427782;FBK92.81;86.57;99.327392578125
180.747609341;FBK94.13;85.25;99.327392578125
180.767550426;FBK95.36;84.11;98.931884765625
180.780653541;ACK98.32;81.68;98.3203125
180.787465355;FBK96.42;83.23;97.6812744140625
180.807418115;FBK97.21;82.44;95.621337890625
180.827640542;FBK97.91;81.74;93.929443359375
180.847571356;FBK98.44;81.30;91.7449951171875
180.867260925;FBK98.70;81.12;89.871826171875
180.881545387;ACK88.78;91.22;87.674560546875
180.887150718;FBK98.79;81.04;86.641845703125
180.907082106;FBK98.61;81.04;84.0875244140625
180.927065169;FBK98.53;81.21;80.123291015625
180.947272285;FBK98.17;81.47;77.698974609375
180.966931614;FBK97.38;82.44;74.23095703125
180.981160733;ACK73.18;106.82;73.17626953125
180.986826415;FBK96.50;83.41;72.264404296875
181.006867119;FBK95.36;84.64;69.4244384765625
181.027006291;FBK94.13;85.96;68.0035400390625
181.04690811;FBK92.64;87.45;66.6668701171875
181.067037777;FBK91.05;89.03;66.1541748046875
181.081630566;ACK65.96;114.04;65.7879638671875
181.086815257;FBK89.30;90.88;65.6414794921875
181.107459537;FBK87.36;92.90;65.5224609375
181.127462058;FBK85.25;94.92;65.35400390625
181.146332323;FBK82.97;97.29;65.2166748046875
181.166256151;FBK80.77;99.49;65.2166748046875
181.181498706;ACK65.22;114.78;65.2166748046875
181.186272708;FBK78.57;101.51;65.2166748046875
181.206239184;FBK76.55;103.54;65.2166748046875
181.226167733;FBK74.71;105.29;65.2166748046875
181.246081865;FBK73.04;106.96;65.5535888671875
181.265998994;FBK71.54;108.46;66.2750244140625
181.281752557;ACK66.97;113.03;67.943115234375
181.28595941;FBK70.05;109.78;69.0655517578125
181.305915105;FBK68.91;111.01;71.75537109375
181.326100849;FBK67.94;111.97;77.0782470703125
181.345815936;FBK67.15;112.76;80.9344482421875
181.365735654;FBK66.45;113.38;85.4681396484375
181.382407625;ACK86.67;93.33;87.95654296875
181.385666471;FBK65.92;113.82;87.95654296875
181.405576009;FBK65.65;114.17;91.3787841796875
181.425842197;FBK65.57;114.17;93.702392578125
181.445946633;FBK65.57;114.08;96.8994140625
181.465690783;FBK65.74;113.99;99.144287109375
181.482332095;ACK101.46;78.54;101.4605712890625
181.486535572;FBK66.09;113.64;102.7313232421875
181.506452831;FBK66.80;112.76;105.63720703125
181.525620963;FBK67.68;111.80;110.2386474609375
181.545196408;FBK68.73;110.65;113.056640625
181.565124035;FBK70.05;109.42;116.9989013671875
181.582226958;ACK118.41;61.59;119.7894287109375
181.585049461;FBK71.54;107.93;119.7894287109375
181.604999899;FBK73.21;106.17;123.6273193359375
181.624914573;FBK74.97;104.33;125.599365234375
181.644879209;FBK76.90;102.39;127.4468994140625
181.664816726;FBK79.10;100.20;128.1317138671875
181.682419641;ACK128.58;51.42;128.583984375
181.684681854;FBK81.39;97.91;128.583984375
181.704562137;FBK83.94;95.27;128.8348388671875
181.724547286;FBK86.48;92.64;129.0582275390625
181.744467799;FBK89.47;89.82;129.0582275390625
181.764414345;FBK92.55;86.57;129.0582275390625
181.783689769;ACK129.06;50.94;129.0582275390625
181.784316385;FBK95.62;83.50;129.0582275390625
181.804311233;FBK98.96;80.33;129.0582275390625
181.824785591;FBK102.04;77.26;127.8497314453125
181.844614508;FBK104.85;74.36;122.17529296875
181.864716743;FBK107.67;71.54;105.966796875
181.882590455;ACK90.54;89.46;90.5438232421875
181.884990428;FBK110.39;68.82;90.391845703125
181.90410241;FBK112.76;66.45;90.1483154296875
181.924098789;FBK115.14;64.25;89.7821044921875
181.944267416;FBK117.25;62.23;89.20166015625
181.964261626;FBK119.18;60.29;88.2696533203125
181.983066856;ACK87.96;92.04;87.674560546875
181.984785912;FBK120.94;58.45;87.674560546875
182.004180559;FBK122.52;57.04;85.9552001953125
182.023832349;FBK123.84;55.63;84.290771484375
182.043664425;FBK125.07;54.49;81.705322265625
182.063585704;FBK126.12;53.44;76.9281005859375
182.083184757;ACK73.28;106.72;73.2806396484375
182.084870729;FBK127.09;52.56;71.62353515625
182.104493167;FBK127.71;51.86;68.1829833984375
182.124428994;FBK128.23;51.42;64.4073486328125
182.144362555;FBK128.58;51.15;62.926025390625
182.164307474;FBK128.67;51.15;61.6131591796875
182.18336924;ACK61.34;118.66;61.1279296875
182.1850079;FBK128.67;51.15;61.1279296875
182.204160942;FBK128.50;51.24;60.838623046875
182.224293964;FBK128.14;51.42;60.673828125
182.244068965;FBK127.53;52.21;63.3837890625
182.26483693;FBK126.56;53.35;66.4691162109375
182.284295257;ACK69.08;110.92;70.1239013671875
182.286241083;FBK125.42;54.58;70.1239013671875
182.305613813;FBK124.19;55.81;71.9036865234375
182.326011921;FBK122.70;57.30;73.5845947265625
182.344754365;FBK121.03;59.06;74.24560546875
182.364691129;FBK119.27;60.91;74.6868896484375
182.383692691;ACK74.97;105.03;74.9688720703125
182.385365655;FBK117.25;63.02;74.9688720703125
182.404649767;FBK115.22;65.04;76.0198974609375
182.42477403;FBK112.94;67.41;77.720947265625
182.444729784;FBK110.48;69.96;80.364990234375
182.464682571;FBK107.84;72.69;81.888427734375
182.48395577;ACK83.16;96.84;83.64990234375
182.485662047;FBK104.77;75.76;83.64990234375
182.505520161;FBK101.87;78.75;84.4464111328125
182.52538638;FBK98.96;81.65;85.2667236328125
182.545341719;FBK96.06;84.29;85.6365966796875
182.565022645;FBK93.52;86.92;85.8526611328125
182.583858697;ACK86.03;93.97;86.0321044921875
182.585574898;FBK90.97;89.38;86.0321044921875
182.604892386;FBK88.86;91.49;86.0321044921875
182.624815083;FBK86.66;93.60;86.268310546875
182.644771411;FBK84.81;95.54;86.451416015625
182.664731537;FBK82.97;97.29;86.451416015625
182.683981092;ACK86.62;93.38;86.62353515625
182.686496569;FBK81.30;98.88;86.62353515625
182.705710099;FBK79.80;100.20;86.62353515625
182.726409641;FBK78.57;101.34;86.62353515625
182.74607975;FBK77.61;102.39;86.62353515625
182.765516193;FBK76.73;103.18;86.62353515625
182.785440613;FBK76.03;103.89;86.62353515625
182.805672759;FBK75.50;104.33;86.62353515625
182.82536798;FBK75.15;104.59;86.62353515625
182.845275489;FBK75.06;104.68;86.62353515625
182.865234881;FBK75.06;104.59;86.62353515625
182.885160226;FBK75.23;104.41;86.62353515625
182.905174437;FBK75.50;104.24;86.62353515625
182.925087497;FBK76.20;103.45;86.62353515625
182.945095645;FBK77.08;102.39;86.62353515625
182.96523047;FBK78.22;101.25;86.62353515625
182.985284088;FBK79.37;100.02;86.62353515625
183.005015238;FBK80.77;98.70;86.62353515625
183.025996277;FBK82.09;97.47;86.62353515625
183.045499441;FBK83.23;96.42;86.62353515625
183.06526853;FBK84.11;95.54;86.62353515625
183.084537773;FBK84.90;94.83;86.62353515625
183.104406544;FBK85.43;94.22;86.62353515625
183.124395228;FBK85.87;93.96;86.62353515625
183.144336847;FBK86.13;93.78;86.62353515625
183.16429008;FBK86.22;93.69;86.62353515625
183.184232848;FBK86.31;93.69;86.62353515625
183.204173637;FBK86.31;93.69;86.62353515625
183.224118479;FBK86.31;93.69;86.62353515625
183.2440563;FBK86.31;93.69;86.62353515625
183.263961448;FBK86.31;93.69;86.62353515625
183.28392269;FBK86.31;93.69;86.62353515625
183.30418416;FBK86.31;93.69;86.62353515625
183.324094158;FBK86.31;93.69;86.62353515625
183.344066281;FBK86.31;93.69;86.62353515625
183.363709427;FBK86.31;93.69;86.62353515625
183.383739765;FBK86.31;93.69;86.62353515625
183.403648366;FBK86.31;93.69;86.62353515625
183.424432698;FBK86.31;93.69;86.62353515625
183.444576339;FBK86.31;93.69;86.62353515625
183.463404357;FBK86.31;93.69;86.62353515625
183.483376656;FBK86.31;93.69;86.62353515625
183.503297192;FBK86.31;93.69;86.62353515625
183.52326413;FBK86.31;93.69;86.62353515625
183.543499458;FBK86.31;93.69;86.62353515625
183.563448014;FBK86.31;93.69;85.404052734375
183.583099521;FBK86.31;93.69;84.4610595703125
183.584980361;ACK84.46;95.54;84.4610595703125
183.60303244;FBK86.31;93.69;82.2967529296875
183.622975315;FBK86.31;93.69;80.328369140625
183.643227047;FBK86.31;93.69;77.6312255859375
183.663172411;FBK86.13;93.78;76.3037109375
183.683120297;FBK85.87;93.96;74.9688720703125
183.685383106;ACK75.37;104.63;74.9688720703125
183.702764113;FBK85.34;94.57;74.417724609375
183.722678107;FBK84.81;95.01;73.912353515625
183.742959614;FBK84.29;95.54;73.7933349609375
183.762859119;FBK83.76;96.06;73.6138916015625
183.782976304;FBK82.88;96.86;73.4637451171875
183.78558652;ACK73.46;106.54;73.4637451171875
183.802492882;FBK82.00;97.82;73.4637451171875
183.822813738;FBK80.86;98.88;73.33740234375
183.843356167;FBK79.63;100.20;73.33740234375
183.863360922;FBK78.40;101.43;73.33740234375
183.883305553;FBK77.26;102.57;72.872314453125
183.885800531;ACK73.10;106.90;72.872314453125
183.902385334;FBK76.20;103.54;71.5484619140625
183.922284169;FBK75.41;104.41;69.4097900390625
183.942225513;FBK74.62;105.12;68.3917236328125
183.962472011;FBK74.09;105.64;67.459716796875
183.98242229;FBK73.65;106.00;67.08984375
183.987123366;ACK67.09;112.91;66.9708251953125
184.002358144;FBK73.48;106.26;66.7877197265625
184.022276606;FBK73.30;106.44;66.6265869140625
184.042198195;FBK73.04;106.61;66.4947509765625
184.061927634;FBK72.69;107.05;66.4947509765625
184.081955303;FBK72.16;107.58;66.4947509765625
184.086195871;ACK66.49;113.51;66.4947509765625
184.101753675;FBK71.46;108.19;66.21826171875
184.121733665;FBK70.58;109.16;62.5048828125
184.141664924;FBK69.61;110.13;58.9801025390625
184.16163767;FBK68.73;111.01;53.1829833984375
184.181554919;FBK68.03;111.71;49.8724365234375
184.186450411;ACK49.87;130.13;48.5137939453125
184.202437895;FBK67.41;112.32;46.5380859375
184.221793247;FBK67.06;112.76;45.2398681640625
184.242540017;FBK66.53;113.20;44.0625
184.262525433;FBK65.92;113.91;43.6431884765625
184.281321474;FBK65.13;114.70;43.22021484375
184.286617796;ACK43.22;136.78;43.22021484375
184.301243956;FBK64.25;115.66;42.509765625
184.321192512;FBK63.02;116.72;40.960693359375
184.34143167;FBK61.79;118.04;39.33837890625
184.361103761;FBK60.38;119.44;36.258544921875
184.38103288;FBK58.80;121.11;34.324951171875
184.387036689;ACK34.32;145.68;33.5137939453125
184.400994445;FBK57.04;122.87;30.0
184.420939988;FBK55.11;124.80;30.0
184.441175407;FBK53.00;126.91;30.0
184.46107917;FBK50.80;129.11;31.01806640625
184.481033969;FBK48.60;131.40;36.778564453125
184.48809703;ACK36.78;143.22;36.778564453125
184.500998535;FBK46.49;133.42;52.1356201171875
184.520868273;FBK44.47;135.26;68.67919921875
184.540629077;FBK42.71;137.11;70.6622314453125
184.561420885;FBK41.22;138.69;75.2105712890625
184.580901036;FBK39.81;140.10;77.7667236328125
184.587131461;ACK77.77;102.23;78.8177490234375
184.600434171;FBK38.58;141.42;80.5078125
184.620394364;FBK37.44;142.47;81.734619140625
184.640345812;FBK36.47;143.35;83.0474853515625
184.660304505;FBK35.77;144.05;83.631591796875
184.680278933;FBK35.24;144.58;84.2523193359375
184.687112155;ACK84.25;95.75;84.2523193359375
184.700211868;FBK34.80;145.02;84.5892333984375
184.72021898;FBK34.72;145.11;84.9334716796875
184.74011087;FBK34.72;145.02;85.6182861328125
184.760070807;FBK34.72;144.93;87.271728515625
184.779988805;FBK34.98;144.76;88.2806396484375
184.787713105;ACK88.28;91.72;88.73291015625
184.800234598;FBK35.51;144.23;89.5111083984375
184.820193035;FBK36.39;143.35;90.1171875
184.839957477;FBK37.44;142.29;91.0821533203125
184.859787287;FBK38.67;141.06;91.8914794921875
184.879785973;FBK40.08;139.66;92.698974609375
184.887664977;ACK92.70;87.30;92.9315185546875
184.900570535;FBK41.66;137.99;93.233642578125
184.919679197;FBK43.42;136.23;95.1910400390625
184.939564479;FBK45.26;134.38;96.9305419921875
184.95959138;FBK47.37;132.36;99.63134765625
184.979426169;FBK49.66;130.08;101.3543701171875
184.987864211;ACK101.35;78.65;102.0611572265625
184.99946322;FBK52.03;127.62;103.1396484375
185.019437265;FBK54.58;125.07;103.861083984375
185.039299758;FBK57.30;122.34;104.410400390625
185.059543635;FBK60.21;119.18;104.8480224609375
185.079540917;FBK63.46;116.10;105.3717041015625
185.08821033;ACK105.37;74.63;105.3717041015625
185.099154867;FBK66.80;112.85;105.3717041015625
185.119116305;FBK70.05;109.51;105.560302734375
185.139083871;FBK73.39;106.35;105.560302734375
185.15900056;FBK76.55;103.10;105.736083984375
185.178961871;FBK79.54;100.11;105.736083984375
185.188523926;ACK105.74;74.26;105.736083984375
185.1989017;FBK82.53;97.03;105.736083984375
185.21879177;FBK85.25;94.31;105.4742431640625
185.238695309;FBK87.71;91.76;104.212646484375
185.259267588;FBK90.26;89.47;100.5029296875
185.279219003;FBK92.46;87.19;96.6229248046875
185.288544963;ACK96.62;83.38;95.474853515625
185.298540045;FBK94.57;85.17;94.5208740234375
185.318507164;FBK96.42;83.41;93.0926513671875
185.338455676;FBK98.09;81.56;91.790771484375
185.358353055;FBK99.67;80.16;91.2579345703125
185.378492815;FBK100.90;78.75;90.743408203125
185.38853245;ACK90.60;89.40;90.6005859375
185.398383171;FBK102.13;77.61;90.289306640625
185.418299414;FBK103.01;76.64;89.40673828125
185.438284641;FBK103.89;75.94;88.7969970703125
185.458252853;FBK104.50;75.32;88.125
185.478181578;FBK105.03;74.88;87.7880859375
185.488749295;ACK87.59;92.41;87.4127197265625
185.498139735;FBK105.29;74.62;87.2003173828125
185.518244733;FBK105.29;74.62;86.7626953125
185.538040823;FBK105.21;74.62;85.58349609375
185.559037971;FBK105.03;74.71;84.0692138671875
185.578599308;FBK104.59;75.06;83.118896484375
185.588967481;ACK82.58;97.42;82.58056640625
185.598193045;FBK103.80;76.03;81.8206787109375
185.617846572;FBK102.83;77.08;78.0615234375
185.637797228;FBK101.69;78.22;73.9874267578125
185.657753118;FBK100.37;79.63;58.9910888671875
185.677613722;FBK98.88;81.12;56.7315673828125
185.68931511;ACK55.76;124.24;54.9298095703125
185.697543086;FBK97.21;82.79;54.2340087890625
185.717519023;FBK95.36;84.64;53.1793212890625
185.737460326;FBK93.43;86.66;52.2088623046875
185.757407182;FBK91.32;88.86;51.8133544921875
185.777362498;FBK88.95;91.23;51.4727783203125
185.789428146;ACK51.47;128.53;51.4727783203125
185.797289531;FBK86.48;93.87;51.3336181640625
185.817252189;FBK83.67;96.59;51.3336181640625
185.837240832;FBK80.86;99.49;51.1962890625
185.857270972;FBK77.87;102.39;52.239990234375
185.877266382;FBK74.97;105.21;53.47412109375
185.88972802;ACK54.05;125.95;54.5819091796875
185.897300449;FBK72.33;107.84;55.0927734375
185.917544753;FBK69.70;110.39;56.0394287109375
185.937171817;FBK67.32;112.76;58.74755859375
185.958208134;FBK65.13;115.14;62.92236328125
185.978134305;FBK63.02;117.16;66.884765625
185.990140004;ACK69.07;110.93;71.3763427734375
185.997495301;FBK61.08;119.00;71.3763427734375
186.017152148;FBK59.33;120.67;77.5836181640625
186.036838235;FBK57.74;122.26;81.1175537109375
186.056757671;FBK56.43;123.57;84.7686767578125
186.076677458;FBK55.28;124.72;86.429443359375
186.090564405;ACK87.09;92.91;87.7203369140625
186.096661823;FBK54.23;125.77;88.2257080078125
186.116737931;FBK53.35;126.56;89.0863037109375
186.136545768;FBK52.65;127.18;90.5291748046875
186.156476408;FBK52.21;127.62;91.9024658203125
186.176456751;FBK51.94;127.88;94.2242431640625
186.190075395;ACK95.05;84.95;96.02783203125
186.196405651;FBK51.86;127.97;96.02783203125
186.216369554;FBK51.86;127.88;99.84375
186.236309675;FBK51.94;127.79;103.5919189453125
186.256234186;FBK52.38;127.44;110.1837158203125
186.27665074;FBK53.09;126.65;123.035888671875
186.290727846;ACK124.88;55.12;124.8834228515625
186.296459886;FBK54.05;125.60;125.80810546875
186.316151049;FBK55.11;124.45;127.587890625
186.336943451;FBK56.34;123.13;130.8837890625
186.356911759;FBK57.74;121.73;133.2366943359375
186.37595049;FBK59.50;120.06;135.787353515625
186.390979642;ACK136.42;43.58;136.9921875
186.396243392;FBK61.26;118.21;136.9921875
186.416205064;FBK63.19;116.19;138.1072998046875
186.436160767;FBK65.39;113.99;138.563232421875
186.456076881;FBK67.76;111.62;139.6673583984375
186.475933709;FBK70.22;109.16;141.6650390625
186.491138357;ACK150.00;30.00;149.9981689453125
186.495937907;FBK72.95;106.44;149.9981689453125
186.515623614;FBK75.76;103.62;149.9981689453125
186.53560923;FBK78.75;100.55;149.9981689453125
186.55543822;FBK82.09;97.21;149.9981689453125
186.575405894;FBK85.43;93.69;149.9981689453125
186.595307674;FBK88.95;90.26;149.9981689453125
186.615305071;FBK92.72;86.48;149.9981689453125
186.635235233;FBK96.59;82.62;149.9981689453125
186.655343253;FBK100.63;78.57;149.9981689453125
186.675267764;FBK104.59;74.62;149.9981689453125
186.695235853;FBK108.37;70.75;149.9981689453125
186.716093393;FBK112.06;66.88;146.195068359375
186.735967876;FBK115.75;63.46;129.107666015625
186.755801463;FBK119.18;60.12;126.2384033203125
186.776037952;FBK122.34;57.04;110.8905029296875
186.791508221;ACK108.95;71.05;96.85546875
186.795013343;FBK125.33;54.05;96.85546875
186.814944495;FBK128.14;51.24;94.6673583984375
186.834895855;FBK130.69;48.60;93.193359375
186.854849131;FBK133.24;46.05;91.7852783203125
186.875100881;FBK135.53;43.86;91.2615966796875
186.891542617;ACK90.87;89.13;90.8734130859375
186.894768453;FBK137.72;41.75;90.7012939453125
186.914707299;FBK139.75;39.81;90.3460693359375
186.93467657;FBK141.50;38.14;89.6539306640625
186.954635592;FBK143.17;36.56;88.883056640625
186.974562051;FBK144.49;35.16;87.28271484375
186.992594868;ACK86.48;93.52;85.4388427734375
186.994544028;FBK145.72;34.01;85.4388427734375
187.014753603;FBK146.78;32.96;80.86669921875
187.034449047;FBK147.66;32.08;77.354736328125
187.054536954;FBK148.45;31.38;71.400146484375
187.074349885;FBK148.97;30.94;66.9671630859375
187.092234184;ACK62.71;117.29;62.7099609375
187.09458631;FBK149.33;30.59;60.8587646484375
187.115438773;FBK149.41;30.59;57.828369140625
187.135388378;FBK149.41;30.59;54.873046875
187.15417777;FBK149.33;30.67;53.616943359375
187.174123735;FBK149.06;30.94;52.5274658203125
187.192034884;ACK52.28;127.72;52.093505859375
187.194012266;FBK148.54;31.29;52.093505859375
187.214010397;FBK147.57;32.34;51.8206787109375
187.233961279;FBK146.43;33.57;51.6668701171875
187.253930294;FBK145.28;34.80;51.533203125
187.273885837;FBK143.88;36.30;51.533203125
187.292310734;ACK51.85;128.15;52.119140625
187.293930293;FBK142.29;37.97;52.119140625
187.313799924;FBK140.54;39.73;52.8973388671875
187.333723892;FBK138.60;41.66;55.8380126953125
187.353674773;FBK136.49;43.77;59.036865234375
187.373651626;FBK134.30;46.14;63.8104248046875
187.392401112;ACK65.43;114.57;67.0147705078125
187.394061055;FBK131.75;48.78;67.0147705078125
187.41357924;FBK129.29;51.24;70.72998046875
187.433500214;FBK126.47;54.05;72.48779296875
187.453643735;FBK123.57;57.22;74.6795654296875
187.474031228;FBK120.23;60.38;75.750732421875
187.492842402;ACK76.40;103.60;76.6552734375
187.494764932;FBK116.72;63.98;76.6552734375
187.513835244;FBK113.38;67.24;77.02880859375
187.5332836;FBK109.86;70.93;77.2540283203125
187.553231554;FBK106.44;74.53;77.4591064453125
187.573181902;FBK103.01;77.96;77.4591064453125
187.593064465;ACK77.46;102.54;77.4591064453125
187.59460247;FBK99.58;81.56;77.4591064453125
187.614262453;FBK96.42;84.55;77.4591064453125
187.633944372;FBK93.52;87.45;77.4591064453125
187.65391193;FBK90.79;90.18;77.4591064453125
187.673856819;FBK88.24;92.72;78.570556640625
187.692749317;ACK80.50;99.50;81.4764404296875
187.694416827;FBK85.87;95.27;81.4764404296875
187.713833126;FBK83.67;97.38;83.0694580078125
187.733738933;FBK81.65;99.40;84.7833251953125
187.753795415;FBK79.89;101.34;85.9130859375
187.773734588;FBK78.13;102.92;87.50244140625
187.793184189;ACK88.19;91.81;88.19091796875
187.794987175;FBK76.55;104.50;88.19091796875
187.814934746;FBK75.23;105.82;88.9178466796875
187.834616665;FBK74.18;106.96;89.3023681640625
187.854571931;FBK73.21;107.93;89.9908447265625
187.874564171;FBK72.42;108.72;90.439453125
187.893520431;ACK90.89;89.11;91.1993408203125
187.894830333;FBK71.81;109.34;91.1993408203125
187.91452017;FBK71.37;109.86;91.8768310546875
187.93466896;FBK71.19;110.04;92.90771484375
187.95473435;FBK71.19;110.04;93.8543701171875
187.974943582;FBK71.28;110.04;95.82275390625
187.993534124;ACK96.81;83.19;96.8133544921875
187.995439348;FBK71.46;109.86;97.19970703125
188.014478273;FBK71.89;109.51;97.75634765625
188.034174113;FBK72.86;108.72;97.943115234375
188.054141831;FBK73.92;107.58;98.1903076171875
188.07406603;FBK75.06;106.44;98.4228515625
188.093659089;ACK98.42;81.58;98.4228515625
188.095474752;FBK76.46;105.03;98.4228515625
188.115256322;FBK77.96;103.54;98.616943359375
188.134943126;FBK79.63;101.87;98.616943359375
188.154867867;FBK81.56;100.02;98.616943359375
188.17473852;FBK83.58;98.09;98.616943359375
188.193569873;ACK98.62;81.38;98.616943359375
188.195237511;FBK85.69;95.80;98.616943359375
188.21465828;FBK87.63;93.69;98.616943359375
188.234576795;FBK89.47;91.85;98.616943359375
188.25453155;FBK91.05;90.09;98.616943359375
188.27456814;FBK92.64;88.51;98.616943359375
188.294478417;FBK93.96;87.01;98.616943359375
188.31441791;FBK95.01;85.69;98.616943359375
188.334968754;FBK95.98;84.64;98.616943359375
188.354990976;FBK96.77;83.67;98.616943359375
188.374337005;FBK97.38;82.97;98.616943359375
188.394091154;ACK98.49;81.51;98.485107421875
188.396534042;FBK97.91;82.35;98.1610107421875
188.415192003;FBK98.09;81.91;96.6375732421875
188.435177185;FBK98.17;81.74;95.4254150390625
188.455130275;FBK98.17;81.74;94.3597412109375
188.475094286;FBK98.17;81.74;93.9642333984375
188.494291495;ACK93.70;86.30;93.7005615234375
188.495976619;FBK98.17;81.74;93.7005615234375
188.515346138;FBK98.17;81.74;93.372802734375
188.534959207;FBK98.17;81.74;93.372802734375
188.55491466;FBK98.09;81.74;93.21533203125
188.574886048;FBK97.91;81.83;92.7886962890625
188.594417242;ACK92.09;87.91;92.0928955078125
188.596135991;FBK97.47;82.18;91.435546875
188.616083045;FBK96.59;83.06;90.3900146484375
188.635749411;FBK95.71;84.02;89.0936279296875
188.655700776;FBK94.83;84.90;88.2843017578125
188.675626979;FBK94.04;85.78;87.3687744140625
188.694405007;ACK87.15;92.85;86.971435546875
188.695978877;FBK93.34;86.48;86.971435546875
188.715635918;FBK92.81;87.01;86.6839599609375
188.735557235;FBK92.37;87.45;86.4898681640625
188.755616565;FBK91.85;87.89;86.3653564453125
188.775467374;FBK91.23;88.59;86.3653564453125
188.79455036;ACK86.22;93.78;86.224365234375
188.796497812;FBK90.44;89.47;86.224365234375
188.815806914;FBK89.56;90.26;86.224365234375
188.835933015;FBK88.77;91.05;86.224365234375
188.855339288;FBK87.98;91.85;85.894775390625
188.875244383;FBK87.36;92.46;84.4134521484375
188.894597137;ACK83.68;96.32;82.8753662109375
188.896389842;FBK86.84;92.90;82.8753662109375
188.916165258;FBK86.57;93.16;80.0482177734375
188.936117742;FBK86.40;93.43;78.5174560546875
188.956135399;FBK86.04;93.69;77.021484375
188.976034874;FBK85.61;94.13;76.4447021484375
188.995103618;ACK76.08;103.92;75.9521484375
188.996636455;FBK85.17;94.66;75.9521484375
189.015951432;FBK84.64;95.19;75.76904296875
189.035891813;FBK84.11;95.71;75.65185546875
189.055842667;FBK83.58;96.24;75.65185546875
189.075811692;FBK82.88;96.86;75.5181884765625
189.095238849;ACK75.52;104.48;75.5181884765625
189.096776635;FBK82.00;97.91;75.5181884765625
189.116743073;FBK80.95;98.96;75.5181884765625
189.136798347;FBK79.80;100.02;74.9267578125
189.156737227;FBK78.75;101.07;71.304931640625
189.176713915;FBK77.87;101.95;67.8753662109375
189.195570019;ACK64.28;115.72;62.7392578125
189.19704477;FBK77.17;102.66;62.7392578125
189.216609589;FBK76.55;103.27;60.245361328125
189.237218258;FBK76.11;103.71;58.1048583984375
189.257177192;FBK75.50;104.33;57.301025390625
189.276796968;FBK74.79;105.03;56.590576171875
189.295515026;ACK56.32;123.68;56.3214111328125
189.297867608;FBK73.83;105.91;56.3214111328125
189.316367917;FBK72.86;106.87;56.1492919921875
189.336360252;FBK71.63;108.11;57.69287109375
189.356325764;FBK70.22;109.42;62.054443359375
189.376340668;FBK68.73;111.01;65.9161376953125
189.395641423;ACK70.27;109.73;72.5994873046875
189.397343322;FBK66.97;112.76;72.5994873046875
189.417291643;FBK65.21;114.52;76.5692138671875
189.437168203;FBK63.63;116.19;81.3720703125
189.457109625;FBK62.14;117.51;83.64990234375
189.477071934;FBK60.82;118.83;85.733642578125
189.495907062;ACK86.57;93.43;86.572265625
189.497681712;FBK59.68;119.97;86.572265625
189.517249962;FBK58.71;121.03;87.5958251953125
189.536935801;FBK57.92;121.73;88.135986328125
189.556883674;FBK57.30;122.34;88.8116455078125
189.576874821;FBK56.87;122.87;89.1558837890625
189.596093181;ACK89.40;90.60;89.403076171875
189.597852597;FBK56.60;123.05;89.403076171875
189.617177272;FBK56.60;123.05;89.6099853515625
189.636765515;FBK56.60;122.96;89.7930908203125
189.657280443;FBK56.69;122.87;89.7930908203125
189.677267757;FBK56.95;122.52;89.9835205078125
189.695961601;ACK89.98;90.02;89.9835205078125
189.698405245;FBK57.92;121.55;89.9835205078125
189.71769;FBK58.97;120.50;90.1739501953125
189.737579623;FBK60.12;119.36;90.3460693359375
189.757467744;FBK61.35;118.12;90.60791015625
189.77744222;FBK62.84;116.63;90.60791015625
189.796156151;ACK90.83;89.17;90.8294677734375
189.797921092;FBK64.69;114.79;90.8294677734375
189.817371595;FBK66.45;113.12;91.0089111328125
189.837339588;FBK68.38;111.09;91.0089111328125
189.857363405;FBK70.58;108.90;91.0089111328125
189.877269762;FBK73.04;106.52;91.1810302734375
189.896333073;ACK91.18;88.82;91.1810302734375
189.898128672;FBK75.41;104.06;91.1810302734375
189.917298809;FBK77.52;102.04;91.1810302734375
189.937141677;FBK79.54;100.11;91.1810302734375
189.957615696;FBK81.39;98.26;91.1810302734375
189.977581932;FBK83.14;96.50;91.1810302734375
189.997487394;FBK84.73;95.01;91.0601806640625
190.016869426;FBK85.96;93.60;91.0601806640625
190.036852876;FBK87.19;92.46;90.758056640625
190.056797876;FBK88.24;91.49;90.758056640625
190.076768807;FBK89.12;90.70;90.62255859375
190.09841117;FBK89.82;90.00;90.62255859375
190.09880657;ACK90.62;89.38;90.62255859375
190.116676753;FBK90.35;89.56;90.62255859375
190.136648483;FBK90.62;89.30;90.62255859375
190.156602328;FBK90.70;89.30;90.62255859375
190.176564477;FBK90.62;89.30;90.62255859375
190.196511584;FBK90.62;89.30;90.62255859375
190.216536199;FBK90.62;89.30;90.62255859375
190.23643537;FBK90.62;89.30;90.62255859375
190.256400489;FBK90.62;89.30;90.62255859375
190.276380298;FBK90.62;89.30;90.62255859375
190.296375341;FBK90.62;89.30;90.62255859375
190.31624775;FBK90.62;89.30;90.62255859375
190.336303024;FBK90.62;89.30;90.62255859375
190.356790391;FBK90.62;89.30;90.62255859375
190.376747134;FBK90.62;89.30;90.62255859375
190.396160277;FBK90.62;89.30;90.62255859375
190.416378568;FBK90.62;89.30;90.62255859375
190.436098196;FBK90.62;89.30;90.62255859375
190.456025939;FBK90.62;89.30;90.62255859375
190.4759716;FBK90.62;89.30;90.62255859375
190.495918761;FBK90.62;89.30;90.62255859375
190.516173559;FBK90.62;89.30;90.62255859375
190.535823305;FBK90.62;89.30;90.62255859375
190.555772191;FBK90.62;89.30;90.62255859375
190.575776587;FBK90.62;89.30;90.62255859375
190.595695004;FBK90.62;89.30;90.62255859375
190.615981549;FBK90.62;89.30;90.62255859375
190.635948385;FBK90.62;89.30;90.62255859375
190.655635595;FBK90.62;89.30;90.62255859375
190.675556695;FBK90.62;89.30;90.62255859375
190.695661635;FBK90.62;89.30;90.62255859375
190.715562389;FBK90.62;89.30;90.62255859375
190.735480359;FBK90.62;89.30;90.62255859375
190.756073454;FBK90.62;89.30;90.62255859375
190.775993563;FBK90.62;89.30;90.62255859375
190.795290958;FBK90.62;89.30;90.62255859375
190.815314614;FBK90.62;89.30;90.62255859375
190.835314251;FBK90.62;89.30;90.62255859375
190.855234105;FBK90.62;89.30;90.62255859375
190.875189124;FBK90.62;89.30;90.62255859375
190.895148901;FBK90.62;89.30;90.62255859375
190.915113022;FBK90.62;89.30;90.62255859375
190.935036964;FBK90.62;89.30;90.62255859375
190.955115778;FBK90.62;89.30;90.62255859375
190.97501765;FBK90.62;89.30;90.62255859375
190.99499212;FBK90.62;89.30;90.62255859375
191.015207856;FBK90.62;89.30;90.62255859375
191.035056071;FBK90.62;89.30;90.62255859375
191.054857495;FBK90.62;89.30;90.62255859375
191.075406291;FBK90.62;89.30;90.62255859375
191.095703567;FBK90.62;89.30;90.62255859375
191.115236832;FBK90.62;89.30;90.62255859375
191.13472733;FBK90.62;89.30;90.62255859375
191.154688162;FBK90.62;89.30;90.62255859375
191.174632704;FBK90.62;89.30;90.62255859375
191.194864506;FBK90.62;89.30;90.62255859375
191.214607386;FBK90.62;89.30;90.62255859375
191.234635704;FBK90.62;89.30;90.62255859375
191.254562393;FBK90.62;89.30;90.62255859375
191.274415175;FBK90.62;89.30;90.62255859375
191.294403219;FBK90.62;89.30;90.62255859375
191.31434099;FBK90.62;89.30;90.62255859375
191.334303834;FBK90.62;89.30;90.62255859375
191.354231129;FBK90.62;89.30;90.62255859375
191.374296254;FBK90.62;89.30;90.62255859375
191.394255715;FBK90.62;89.30;90.62255859375
191.414276471;FBK90.62;89.30;90.62255859375
191.434102958;FBK90.62;89.30;90.62255859375
191.454103942;FBK90.62;89.30;90.62255859375
191.474044269;FBK90.62;89.30;90.62255859375
191.494563382;FBK90.62;89.30;90.62255859375
191.514623969;FBK90.62;89.30;90.62255859375
191.534528522;FBK90.62;89.30;90.62255859375
191.553903384;FBK90.62;89.30;90.62255859375
191.573840868;FBK90.62;89.30;90.62255859375
191.593856546;FBK90.62;89.30;90.62255859375
191.613784352;FBK90.62;89.30;90.62255859375
191.633767832;FBK90.62;89.30;90.62255859375
191.653679539;FBK90.62;89.30;90.62255859375
191.67362996;FBK90.62;89.30;90.62255859375
191.6936358;FBK90.62;89.30;90.62255859375
191.713599604;FBK90.62;89.30;90.62255859375
191.733564846;FBK90.62;89.30;90.62255859375
191.753554012;FBK90.62;89.30;90.62255859375
191.773604442;FBK90.62;89.30;90.62255859375
191.793456163;FBK90.62;89.30;90.62255859375
191.813455646;FBK90.62;89.30;90.62255859375
191.834001334;FBK90.62;89.30;90.62255859375
191.854005673;FBK90.62;89.30;90.62255859375
191.873910576;FBK90.62;89.30;90.62255859375
191.893233724;FBK90.62;89.30;90.62255859375
191.91323621;FBK90.62;89.30;90.62255859375
191.933194201;FBK90.62;89.30;90.62255859375
191.953182984;FBK90.62;89.30;90.62255859375
191.973127112;FBK90.62;89.30;90.62255859375
191.99308785;FBK90.62;89.30;90.62255859375
192.013040315;FBK90.62;89.30;90.62255859375
192.033032579;FBK90.62;89.30;90.62255859375
192.052981371;FBK90.62;89.30;90.62255859375
192.073093353;FBK90.62;89.30;90.62255859375
192.09291326;FBK90.62;89.30;90.62255859375
192.112853779;FBK90.62;89.30;90.62255859375
192.133440033;FBK90.62;89.30;90.62255859375
192.153492731;FBK90.62;89.30;90.62255859375
192.172775888;FBK90.62;89.30;90.62255859375
192.192741193;FBK90.62;89.30;90.62255859375
192.212678422;FBK90.62;89.30;90.62255859375
192.232655993;FBK90.62;89.30;90.62255859375
192.252614975;FBK90.62;89.30;90.62255859375
192.272646176;FBK90.62;89.30;90.62255859375
192.292557979;FBK90.62;89.30;90.62255859375
192.312522486;FBK90.62;89.30;90.62255859375
192.332456776;FBK90.62;89.30;90.62255859375
192.352434986;FBK90.62;89.30;90.62255859375
192.372458614;FBK90.62;89.30;90.62255859375
192.392352096;FBK90.62;89.30;90.62255859375
192.412310011;FBK90.62;89.30;90.62255859375
192.432343762;FBK90.62;89.30;90.62255859375
192.452264238;FBK90.62;89.30;90.62255859375
192.472803956;FBK90.62;89.30;90.62255859375
192.492202652;FBK90.62;89.30;90.62255859375
192.512195801;FBK90.62;89.30;90.62255859375
192.532277277;FBK90.62;89.30;90.62255859375
192.552109746;FBK90.62;89.30;90.62255859375
192.572036802;FBK90.62;89.30;90.62255859375
192.59202171;FBK90.62;89.30;90.62255859375
192.611969051;FBK90.62;89.30;90.62255859375
192.631950636;FBK90.62;89.30;90.62255859375
192.65191823;FBK90.62;89.30;90.62255859375
192.671849822;FBK90.62;89.30;90.62255859375
192.691787197;FBK90.62;89.30;90.62255859375
192.711808905;FBK90.62;89.30;90.62255859375
192.731801671;FBK90.62;89.30;90.62255859375
192.751725181;FBK90.62;89.30;90.62255859375
192.772354727;FBK90.62;89.30;90.62255859375
192.791708892;FBK90.62;89.30;90.62255859375
192.811641347;FBK90.62;89.30;90.62255859375
192.83152924;FBK90.62;89.30;90.62255859375
192.8515459;FBK90.62;89.30;90.62255859375
192.871516401;FBK90.62;89.30;90.62255859375
192.891481088;FBK90.62;89.30;90.62255859375
192.911449928;FBK90.62;89.30;90.62255859375
192.931408992;FBK90.62;89.30;90.62255859375
192.951392335;FBK90.62;89.30;90.62255859375
192.971299043;FBK90.62;89.30;90.62255859375
192.991336147;FBK90.62;89.30;90.62255859375
193.011295723;FBK90.62;89.30;90.4541015625
193.031258525;FBK90.62;89.30;89.59716796875
193.05121989;FBK90.62;89.30;89.1009521484375
193.071179082;FBK90.62;89.30;88.385009765625
193.091696887;FBK90.62;89.30;87.996826171875
193.10053562;ACK87.75;92.25;87.476806640625
193.111624359;FBK90.62;89.30;87.13623046875
193.131067393;FBK90.62;89.30;86.429443359375
193.15099988;FBK90.62;89.30;84.342041015625
193.170995297;FBK90.53;89.30;82.1795654296875
193.190945705;FBK90.18;89.65;79.4000244140625
193.200310914;ACK79.40;100.60;78.4588623046875
193.21089295;FBK89.38;90.44;77.373046875
193.23087428;FBK88.77;91.05;72.4200439453125
193.250814913;FBK88.15;91.67;57.7752685546875
193.270815058;FBK87.45;92.37;55.433349609375
193.290792395;FBK86.57;93.25;53.26904296875
193.300526946;ACK52.10;127.90;50.9307861328125
193.310774268;FBK85.52;94.31;49.7515869140625
193.330731416;FBK84.37;95.54;47.904052734375
193.35068866;FBK83.06;96.86;46.2872314453125
193.370648271;FBK81.65;98.35;45.66650390625
193.390580673;FBK79.98;99.93;45.0714111328125
193.400750678;ACK44.92;135.08;44.923095703125
193.410691178;FBK78.13;101.78;44.805908203125
193.430639808;FBK76.20;103.71;44.6044921875
193.450599939;FBK74.09;105.82;44.447021484375
193.470632462;FBK71.72;108.11;44.3170166015625
193.491186901;FBK69.26;110.57;44.3170166015625
193.501629574;ACK44.52;135.48;65.8099365234375
193.511139205;FBK66.71;113.29;82.2216796875
193.530469919;FBK64.25;115.84;83.3697509765625
193.550436791;FBK61.70;118.21;84.4244384765625
193.570412703;FBK59.41;120.59;84.862060546875
193.590381652;FBK57.13;122.78;85.1348876953125
193.600939301;ACK85.31;94.69;85.3106689453125
193.610302233;FBK55.20;124.72;85.3106689453125
193.630305684;FBK53.35;126.56;85.521240234375
193.650273067;FBK51.68;128.14;85.521240234375
193.670245721;FBK50.19;129.73;85.521240234375
193.690191796;FBK48.87;131.04;85.693359375
193.701141114;ACK85.88;94.12;86.11083984375
193.710146943;FBK47.72;132.19;86.444091796875
193.730139021;FBK46.76;133.07;87.0574951171875
193.750083754;FBK45.97;133.77;87.974853515625
193.770065864;FBK45.35;134.38;88.677978515625
193.790058933;FBK45.00;134.82;89.6356201171875
193.801281046;ACK89.93;90.07;89.930419921875
193.810088101;FBK44.74;135.00;90.3607177734375
193.829959675;FBK44.74;135.09;91.8914794921875
193.849939582;FBK44.74;134.91;92.8179931640625
193.870522454;FBK45.00;134.82;94.81201171875
193.890513701;FBK45.44;134.47;96.8316650390625
193.902162433;ACK98.18;81.82;99.459228515625
193.909807516;FBK46.32;133.51;100.751953125
193.929798795;FBK47.37;132.45;103.4197998046875
193.949768766;FBK48.60;131.22;107.138671875
193.969740174;FBK49.92;129.81;109.3011474609375
193.989690018;FBK51.42;128.32;112.064208984375
194.001908459;ACK112.84;67.16;112.8424072265625
194.009667337;FBK53.09;126.65;113.61328125
194.029665804;FBK54.93;124.80;115.8160400390625
194.049604946;FBK56.95;122.78;117.2076416015625
194.069572681;FBK59.15;120.50;119.1943359375
194.089554568;FBK61.44;118.12;120.732421875
194.102157457;ACK121.48;58.52;122.127685546875
194.109589934;FBK63.98;115.66;122.720947265625
194.129438411;FBK66.71;112.76;123.6676025390625
194.150117986;FBK69.79;109.86;124.559326171875
194.169601917;FBK72.86;106.79;125.0079345703125
194.189375733;FBK76.11;103.45;126.67236328125
194.202349111;ACK127.49;52.51;127.4908447265625
194.209947584;FBK79.54;100.11;128.466796875
194.229198462;FBK83.06;96.50;131.56494140625
194.249174119;FBK86.66;92.81;133.16162109375
194.26911735;FBK90.26;89.30;134.9359130859375
194.289082497;FBK93.78;85.69;135.7470703125
194.303473933;ACK136.16;43.84;136.4959716796875
194.309150385;FBK97.03;82.44;136.761474609375
194.329135978;FBK100.37;79.28;136.99951171875
194.349096428;FBK103.45;76.11;137.493896484375
194.369131049;FBK106.61;72.95;137.493896484375
194.38903365;FBK109.69;69.96;137.493896484375
194.402768617;ACK137.49;42.51;137.493896484375
194.408980694;FBK112.59;66.97;136.3385009765625
194.428968504;FBK115.31;64.16;120.787353515625
194.448945739;FBK117.95;61.61;118.157958984375
194.468919269;FBK120.50;59.06;102.7569580078125
194.488946568;FBK122.78;56.87;99.3658447265625
194.502659617;ACK98.05;81.95;96.925048828125
194.508799649;FBK124.89;54.67;95.9344482421875
194.529457019;FBK127.00;52.73;93.9678955078125
194.549503488;FBK128.85;50.98;91.790771484375
194.569451138;FBK130.43;49.31;90.78369140625
194.588712456;FBK131.92;47.90;89.6099853515625
194.602908673;ACK89.28;90.72;89.051513671875
194.608662566;FBK133.15;46.58;89.051513671875
194.628658268;FBK134.30;45.53;88.53515625
194.648586429;FBK135.18;44.65;88.2586669921875
194.668586891;FBK135.97;43.95;87.5958251953125
194.688552976;FBK136.58;43.33;86.8927001953125
194.703032359;ACK86.47;93.53;86.055908203125
194.708516026;FBK136.93;42.98;85.6219482421875
194.728519811;FBK137.11;42.89;84.818115234375
194.748444969;FBK137.11;42.89;83.2415771484375
194.768421438;FBK137.02;42.98;82.042236328125
194.788393625;FBK136.76;43.07;80.4510498046875
194.803259977;ACK80.02;99.98;79.658203125
194.808375237;FBK136.32;43.51;79.658203125
194.828338575;FBK135.44;44.56;78.731689453125
194.848306672;FBK134.38;45.62;78.3087158203125
194.868315378;FBK133.15;46.85;77.89306640625
194.888267629;FBK131.75;48.34;77.720947265625
194.903580183;ACK77.60;102.40;77.6019287109375
194.908779246;FBK130.25;49.75;77.6019287109375
194.928795332;FBK128.50;51.59;77.6019287109375
194.948793781;FBK126.65;53.53;77.4774169921875
194.968805107;FBK124.63;55.55;77.3291015625
194.98809259;FBK122.34;57.83;77.3291015625
195.003734829;ACK77.33;102.67;77.3291015625
195.00808104;FBK119.97;60.21;77.3291015625
195.02802623;FBK117.42;62.84;77.3291015625
195.047967778;FBK114.70;65.74;77.3291015625
195.06793415;FBK111.71;68.73;77.3291015625
195.087915475;FBK108.54;71.89;77.3291015625
195.104255005;ACK78.09;101.91;78.0908203125
195.108074981;FBK105.47;74.88;79.1455078125
195.127847326;FBK102.48;77.87;81.2530517578125
195.147711237;FBK99.67;80.68;83.5528564453125
195.167680261;FBK96.94;83.32;84.547119140625
195.187633407;FBK94.39;85.87;85.341796875
195.20396102;ACK85.34;94.66;85.6512451171875
195.20761537;FBK92.11;88.24;85.6512451171875
195.227560241;FBK90.00;90.26;85.8380126953125
195.247568116;FBK87.98;92.29;86.03759765625
195.26762679;FBK86.04;94.04;86.03759765625
195.287489998;FBK84.46;95.71;86.209716796875
195.304068923;ACK86.21;93.79;86.209716796875
195.308061712;FBK82.97;97.12;86.209716796875
195.328150674;FBK81.74;98.35;86.209716796875
195.347479372;FBK80.60;99.49;86.209716796875
195.367474607;FBK79.63;100.37;86.209716796875
195.387511897;FBK78.84;101.07;86.209716796875
195.40742563;FBK78.31;101.60;86.209716796875
195.427378568;FBK77.87;101.95;86.209716796875
195.447358569;FBK77.70;102.13;86.209716796875
195.467294476;FBK77.70;102.13;86.209716796875
195.487278183;FBK77.70;102.04;86.0321044921875
195.504356743;ACK85.90;94.10;85.902099609375
195.507295312;FBK77.87;101.87;85.55419921875
195.527227864;FBK78.49;101.25;84.1552734375
195.54720221;FBK79.37;100.28;80.7403564453125
195.567684135;FBK80.42;99.32;78.6383056640625
195.587615984;FBK81.47;98.17;76.4227294921875
195.604764613;ACK75.92;104.08;75.479736328125
195.607634103;FBK82.53;97.12;75.479736328125
195.62697383;FBK83.50;96.24;74.53125
195.646920313;FBK84.20;95.45;74.1595458984375
195.666894339;FBK84.73;94.92;73.8189697265625
195.6868614;FBK85.17;94.57;73.681640625
195.704955374;ACK73.68;106.32;73.681640625
195.706773855;FBK85.34;94.39;73.681640625
195.726813732;FBK85.34;94.39;73.564453125
195.74677584;FBK85.25;94.48;73.564453125
195.766742805;FBK85.08;94.57;73.564453125
195.786727342;FBK84.55;95.27;73.4417724609375
195.805817721;ACK73.44;106.56;73.4417724609375
195.806886974;FBK83.58;96.24;73.4417724609375
195.826989827;FBK82.53;97.21;72.9107666015625
195.847038715;FBK81.39;98.44;70.869140625
195.866616512;FBK80.07;99.76;65.0335693359375
195.886669553;FBK78.75;100.99;60.8770751953125
195.905307724;ACK57.91;122.09;57.9071044921875
195.907003288;FBK77.52;102.30;56.8450927734375
195.926659876;FBK76.55;103.27;55.3179931640625
195.946604379;FBK75.50;104.33;54.01611328125
195.966562653;FBK74.44;105.38;53.529052734375
195.986564189;FBK73.30;106.52;54.140625
196.005467843;ACK54.93;125.07;56.1419677734375
196.007146345;FBK71.81;107.93;56.1419677734375
196.026499939;FBK70.31;109.42;60.6866455078125
196.047019183;FBK68.64;111.09;64.0631103515625
196.066470804;FBK66.80;112.94;84.8052978515625
196.086326353;FBK65.04;114.79;85.4351806640625
196.10545584;ACK85.86;94.14;85.8563232421875
196.10723844;FBK63.19;116.63;85.8563232421875
196.126352718;FBK61.70;118.12;86.114501953125
196.146244852;FBK60.29;119.53;86.3397216796875
196.166264281;FBK59.06;120.76;86.3397216796875
196.18622035;FBK58.01;121.82;86.3397216796875
196.205686189;ACK86.52;93.48;86.5155029296875
196.207463389;FBK57.04;122.78;86.5155029296875
196.227163495;FBK56.34;123.49;86.5155029296875
196.247140077;FBK55.72;124.10;86.5155029296875
196.267100076;FBK55.46;124.37;87.5335693359375
196.28707768;FBK55.28;124.54;88.3868408203125
196.30596833;ACK89.13;90.87;89.1302490234375
196.307800902;FBK55.28;124.54;89.4818115234375
196.327010619;FBK55.46;124.37;90.5255126953125
196.347174404;FBK55.63;124.28;92.9754638671875
196.36719295;FBK56.16;123.66;95.2239990234375
196.387525233;FBK57.13;122.70;98.485107421875
196.406089917;ACK99.41;80.59;100.2630615234375
196.40849355;FBK58.27;121.46;100.2630615234375
196.428573849;FBK59.50;120.23;102.25341796875
196.448364809;FBK60.91;118.83;103.0865478515625
196.467750569;FBK62.40;117.33;104.0185546875
196.487764117;FBK64.25;115.58;105.047607421875
196.50652672;ACK106.46;73.54;107.2723388671875
196.508194721;FBK66.27;113.55;107.2723388671875
196.527671739;FBK68.29;111.53;108.8177490234375
196.547674583;FBK70.49;109.34;110.4638671875
196.567645761;FBK72.95;106.79;111.4801025390625
196.587579809;FBK75.67;104.15;112.752685546875
196.606698789;ACK113.13;66.87;113.4979248046875
196.608352411;FBK78.57;101.16;113.4979248046875
196.627447969;FBK81.30;98.44;114.287109375
196.647417422;FBK84.20;95.54;114.686279296875
196.667363996;FBK87.10;92.64;115.1019287109375
196.68736243;FBK89.91;89.82;115.31982421875
196.706843986;ACK115.75;64.25;116.202392578125
196.708442008;FBK92.81;86.84;116.202392578125
196.728329724;FBK95.36;84.29;118.4765625
196.748264028;FBK97.82;81.91;136.9134521484375
196.768355958;FBK100.28;79.54;138.0963134765625
196.788357236;FBK102.48;77.34;141.353759765625
196.807138308;ACK143.58;36.42;143.580322265625
196.808748026;FBK104.41;75.23;143.580322265625
196.828283072;FBK106.35;73.48;145.9808349609375
196.848254569;FBK108.11;71.72;146.905517578125
196.868824586;FBK109.95;69.79;147.45849609375
196.888696869;FBK111.88;67.76;147.5152587890625
196.907226116;ACK146.36;33.64;145.345458984375
196.909598658;FBK114.08;65.57;145.345458984375
196.928116371;FBK116.28;63.46;142.745361328125
196.948101768;FBK118.83;61.00;136.6827392578125
196.96806483;FBK121.38;58.36;123.2757568359375
196.988059781;FBK124.10;55.63;103.8006591796875
197.007381729;ACK101.41;78.59;101.4111328125
197.009025126;FBK126.83;52.82;101.4111328125
197.028974032;FBK129.29;50.36;96.844482421875
197.048925591;FBK131.57;48.08;94.7900390625
197.068894596;FBK133.77;45.97;92.51953125
197.088865167;FBK135.70;43.95;91.2542724609375
197.10734444;ACK90.32;89.68;89.8974609375
197.109133544;FBK137.64;42.28;89.8974609375
197.128803688;FBK139.22;40.61;89.183349609375
197.148762373;FBK140.71;39.20;88.2806396484375
197.168757036;FBK142.03;37.88;87.777099609375
197.188722591;FBK143.09;36.83;87.12158203125
197.207517084;ACK86.30;93.70;86.2957763671875
197.209308776;FBK144.05;35.86;86.2957763671875
197.228657054;FBK144.76;35.16;84.0435791015625
197.248704217;FBK145.37;34.63;80.9674072265625
197.268596055;FBK145.72;34.19;75.6793212890625
197.28914249;FBK145.90;34.01;72.3944091796875
197.307901547;ACK69.96;110.04;69.034423828125
197.309570091;FBK145.90;34.01;69.034423828125
197.330229514;FBK145.72;34.10;67.25830078125
197.349881541;FBK145.55;34.37;66.56982421875
197.369472769;FBK145.02;34.63;66.1285400390625
197.389516689;FBK144.05;35.60;65.82275390625
197.408175569;ACK65.63;114.37;65.6304931640625
197.409791295;FBK143.09;36.83;65.6304931640625
197.429352658;FBK141.86;37.97;65.482177734375
197.449350179;FBK140.54;39.38;65.306396484375
197.469320378;FBK138.96;41.04;65.181884765625
197.489274792;FBK137.20;42.71;65.181884765625
197.508306079;ACK65.18;114.82;65.181884765625
197.50996993;FBK135.26;44.74;65.181884765625
197.529333681;FBK133.24;46.76;65.0628662109375
197.549202773;FBK131.04;49.04;65.0628662109375
197.569163322;FBK128.67;51.42;65.0628662109375
197.589112016;FBK126.04;54.05;65.0628662109375
197.608687151;ACK65.06;114.94;65.0628662109375
197.610184067;FBK123.13;57.13;65.0628662109375
197.630102083;FBK120.15;60.03;66.419677734375
197.650231229;FBK117.07;63.19;83.0255126953125
197.670027239;FBK113.82;66.45;83.660888671875
197.690694992;FBK110.21;70.05;85.550537109375
197.708549333;ACK86.11;93.89;86.6619873046875
197.710573128;FBK106.70;73.65;86.6619873046875
197.730027536;FBK103.01;77.26;88.201904296875
197.749816421;FBK99.49;80.77;88.7969970703125
197.769770419;FBK96.06;84.29;89.2913818359375
197.789771999;FBK92.90;87.36;89.91943359375
197.808741996;ACK90.45;89.55;90.44677734375
197.810418916;FBK89.74;90.35;90.7049560546875
197.82970623;FBK87.01;93.16;91.3787841796875
197.84967154;FBK84.37;95.80;92.2357177734375
197.869595245;FBK81.91;98.35;94.8468017578125
197.889725221;FBK79.45;100.55;98.1005859375
197.909115527;ACK101.94;78.06;103.9617919921875
197.910799605;FBK77.17;102.92;103.9617919921875
197.93066972;FBK75.23;104.85;109.595947265625
197.95063666;FBK73.48;106.52;113.2122802734375
197.970592607;FBK71.81;108.19;129.7393798828125
197.990573;FBK70.40;109.60;131.4385986328125
198.009527404;ACK133.93;46.07;133.9288330078125
198.011007543;FBK69.08;110.83;135.1666259765625
198.030504867;FBK68.03;111.80;137.6092529296875
198.050503379;FBK67.15;112.76;140.987548828125
198.070473866;FBK66.36;113.47;142.5933837890625
198.091056649;FBK65.83;113.99;144.111328125
198.109550096;ACK144.43;35.57;144.7137451171875
198.111771919;FBK65.48;114.35;144.7137451171875
198.13032557;FBK65.30;114.43;145.34912109375
198.15033124;FBK65.30;114.43;145.543212890625
198.170307735;FBK65.39;114.35;146.87255859375
198.190298002;FBK65.65;114.26;149.9981689453125
198.209707002;ACK150.00;30.00;149.9981689453125
198.211376029;FBK66.27;113.47;149.9981689453125
198.231206392;FBK67.24;112.50;149.9981689453125
198.251183781;FBK68.29;111.36;149.9981689453125
198.271164654;FBK69.43;110.13;149.9981689453125
198.291112804;FBK70.93;108.81;149.9981689453125
198.311104988;FBK72.51;107.23;149.9981689453125
198.331084167;FBK74.27;105.38;149.9981689453125
198.351027269;FBK76.11;103.45;149.9981689453125
198.371012528;FBK78.22;101.43;149.9981689453125
198.391075788;FBK80.42;99.05;149.9981689453125
198.410970378;FBK82.88;96.50;149.9981689453125
198.431812944;FBK85.61;93.87;149.9981689453125
198.451443696;FBK88.42;91.14;149.9981689453125
198.470806551;FBK91.41;88.07;149.9981689453125
198.490777167;FBK94.57;84.99;149.9981689453125
198.511014242;FBK97.82;81.65;149.9981689453125
198.531083765;FBK101.34;78.13;149.9981689453125
198.550792205;FBK104.94;74.27;149.9981689453125
198.570760488;FBK108.63;70.49;149.9981689453125
198.590742992;FBK112.24;66.88;149.9981689453125
198.611003714;FBK115.84;63.46;149.9981689453125
198.630980658;FBK119.36;60.12;149.9981689453125
198.650680181;FBK122.52;57.04;149.9981689453125
198.670640859;FBK125.42;54.05;149.9981689453125
198.690609429;FBK128.23;51.15;149.9981689453125
198.710839186;FBK130.78;48.52;149.9981689453125
198.730978535;FBK133.33;46.14;149.9981689453125
198.75052834;FBK135.62;43.86;149.9981689453125
198.771222145;FBK137.72;41.75;149.9981689453125
198.791114051;FBK139.66;39.90;149.9981689453125
198.810727418;FBK141.59;38.14;149.9981689453125
198.830990889;FBK143.17;36.65;149.9981689453125
198.850396695;FBK144.58;35.16;149.9981689453125
198.870361558;FBK145.72;33.93;149.9981689453125
198.890330417;FBK146.78;32.96;149.9981689453125
198.910295664;FBK147.66;32.08;149.9981689453125
198.930242024;FBK148.45;31.46;149.9981689453125
198.950211394;FBK148.97;30.94;149.9981689453125
198.970216172;FBK149.24;30.59;149.9981689453125
198.990191262;FBK149.50;30.59;149.9981689453125
199.010180605;FBK149.59;30.59;149.9981689453125
199.030136073;FBK149.59;30.59;149.9981689453125
199.05038462;FBK149.59;30.50;149.9981689453125
199.070104181;FBK149.59;30.50;149.9981689453125
199.090036544;FBK149.59;30.50;149.9981689453125
199.110128118;FBK149.59;30.50;149.9981689453125
199.129992891;FBK149.59;30.50;149.9981689453125
199.149977441;FBK149.59;30.50;149.9981689453125
199.170874046;FBK149.59;30.50;149.9981689453125
199.190519211;FBK149.59;30.50;146.070556640625
199.212157861;FBK149.59;30.50;114.876708984375
199.213608075;ACK128.43;51.57;114.876708984375
199.229889497;FBK149.59;30.50;99.151611328125
199.249837615;FBK149.59;30.50;96.383056640625
199.269784071;FBK149.59;30.50;93.768310546875
199.289786389;FBK149.41;30.67;92.6953125
199.311168711;FBK149.06;30.85;91.5838623046875
199.311554849;ACK91.87;88.13;91.5838623046875
199.329743727;FBK148.36;31.29;91.2066650390625
199.349670977;FBK147.39;32.34;90.955810546875
199.369657996;FBK146.25;33.49;90.78369140625
199.389732537;FBK145.02;34.80;90.6573486328125
199.411109048;FBK143.61;36.21;90.6573486328125
199.411512113;ACK90.66;89.34;90.6573486328125
199.429692295;FBK142.12;37.79;90.6573486328125
199.449617876;FBK140.36;39.46;90.6573486328125
199.469652596;FBK138.43;41.48;90.6573486328125
199.489493391;FBK136.41;43.59;90.6573486328125
199.509576369;FBK134.21;45.97;90.6573486328125
199.530088905;FBK131.75;48.34;90.6573486328125
199.549439707;FBK128.94;50.98;90.6573486328125
199.569385326;FBK126.12;53.79;90.6573486328125
199.589362233;FBK123.22;56.78;90.6573486328125
199.609333451;FBK120.06;59.85;90.6573486328125
199.629341485;FBK116.98;63.11;90.6573486328125
199.649296756;FBK114.08;66.01;90.6573486328125
199.66928782;FBK111.36;68.73;90.6573486328125
199.689262618;FBK108.81;71.37;90.6573486328125
199.709236393;FBK106.44;73.74;90.6573486328125
199.729195562;FBK103.97;76.03;90.6573486328125
199.749200944;FBK101.95;78.05;90.6573486328125
199.769161872;FBK100.02;80.07;90.6573486328125
199.789028776;FBK98.35;81.74;90.6573486328125
199.809004437;FBK96.68;83.23;90.6573486328125
199.828908573;FBK95.36;84.55;90.6573486328125
199.848944188;FBK94.13;85.69;90.6573486328125
199.869041004;FBK93.08;86.84;90.6573486328125
199.888896116;FBK92.29;87.63;90.6573486328125
199.909425047;FBK91.67;88.24;90.5401611328125
199.929448071;FBK91.14;88.68;90.5401611328125
199.948877012;FBK91.05;88.86;90.5401611328125
199.968896104;FBK90.97;88.86;90.5401611328125
199.98878196;FBK90.97;88.86;89.256591796875
200.008755863;FBK90.97;88.86;88.19091796875
200.011848421;ACK88.19;91.81;88.19091796875
200.028688922;FBK90.97;88.86;83.6883544921875
200.048662697;FBK90.88;88.95;69.2266845703125
200.068652004;FBK90.62;89.21;54.01611328125
200.088644347;FBK90.26;89.65;38.0328369140625
200.108600033;FBK89.74;90.09;30.0
200.112262033;ACK30.00;150.00;30.0
200.128541018;FBK89.21;90.62;30.0
200.148551673;FBK88.68;91.14;30.0
200.168524745;FBK88.15;91.58;30.0
200.188559816;FBK87.54;92.29;30.0
200.208543754;FBK86.66;93.16;30.0
200.228512192;FBK85.69;94.13;30.0
200.249005681;FBK84.55;95.36;30.0
200.269019692;FBK83.23;96.68;30.0
200.288354961;FBK81.65;98.26;30.0
200.308286615;FBK79.98;99.93;30.0
200.328437729;FBK78.05;101.78;30.0
200.348397857;FBK76.03;103.80;30.0
200.368355515;FBK73.92;106.00;30.0
200.388428872;FBK71.46;108.46;30.0
200.408343194;FBK68.91;111.09;30.0
200.428302068;FBK66.27;113.82;30.0
200.448407162;FBK63.37;116.72;30.0
200.468312663;FBK60.21;119.71;30.0
200.488241207;FBK57.13;122.78;30.0
200.508274453;FBK54.23;125.68;30.0
200.528226808;FBK51.42;128.50;30.0
200.548193289;FBK48.78;131.22;30.0
200.568173577;FBK46.32;133.68;30.0
200.5881484;FBK43.95;135.97;30.0
200.608748847;FBK41.84;138.08;30.0
200.628607718;FBK39.99;140.01;30.0
200.648731795;FBK38.23;141.77;30.0
200.667987126;FBK36.47;143.35;30.0
200.687960159;FBK35.07;144.76;30.0
200.707933416;FBK33.93;146.07;30.0
200.727968899;FBK32.78;147.13;30.0
200.747958136;FBK31.90;148.01;30.0
200.767849095;FBK31.20;148.62;30.0
200.787849358;FBK30.76;149.15;30.0
200.807820218;FBK30.50;149.41;30.0
200.827795488;FBK30.41;149.50;30.0
200.847772325;FBK30.32;149.50;30.0
200.867751814;FBK30.32;149.50;30.0
200.887724911;FBK30.32;149.59;30.0
200.907696505;FBK30.32;149.59;30.0
200.927671168;FBK30.32;149.59;30.0
200.947672071;FBK30.32;149.59;30.0
200.967650154;FBK30.32;149.59;30.0
200.987753201;FBK30.32;149.59;30.0
201.007589316;FBK30.32;149.59;30.0
201.028155406;FBK30.32;149.59;30.0
201.048261938;FBK30.32;149.59;30.0
201.067511707;FBK30.32;149.59;30.0
201.08750593;FBK30.32;149.59;30.0
201.107433995;FBK30.32;149.59;30.0
201.127428953;FBK30.32;149.59;30.0
201.147398534;FBK30.32;149.59;30.0
201.167386716;FBK30.32;149.59;30.0
201.187327437;FBK30.32;149.59;30.0
201.207294781;FBK30.32;149.59;30.0
201.227314604;FBK30.32;149.59;30.0
201.24736137;FBK30.32;149.59;30.0
201.267265049;FBK30.32;149.59;30.0
201.287226512;FBK30.32;149.59;30.0
201.307205841;FBK30.32;149.59;30.0
201.327175519;FBK30.32;149.59;30.0
201.347149798;FBK30.32;149.59;30.0
201.367144006;FBK30.32;149.59;30.0
201.387011625;FBK30.32;149.59;30.0
201.407076096;FBK30.32;149.59;30.0
201.427750432;FBK30.32;149.59;30.0
201.447707959;FBK30.32;149.59;30.0
201.467058498;FBK30.32;149.59;30.0
201.487084584;FBK30.32;149.59;30.0
201.506942614;FBK30.32;149.59;30.0
201.526914779;FBK30.32;149.59;30.0
201.546890109;FBK30.32;149.59;30.0
201.56690456;FBK30.32;149.59;30.0
201.586871388;FBK30.32;149.59;30.0
201.606811305;FBK30.32;149.59;30.0
201.626818213;FBK30.32;149.59;30.0
201.646798401;FBK30.32;149.59;30.0
201.666743271;FBK30.32;149.59;30.0
201.68674612;FBK30.32;149.59;30.0
201.70668984;FBK30.32;149.59;30.0
201.726662101;FBK30.32;149.59;30.0
201.746702601;FBK30.32;149.59;30.0
201.766735015;FBK30.32;149.59;30.0
201.786680077;FBK30.32;149.59;30.0
201.806574128;FBK30.32;149.59;30.0
201.82721631;FBK30.32;149.59;30.0
201.847176618;FBK30.32;149.59;30.0
201.866532271;FBK30.32;149.59;30.0
201.886510382;FBK30.32;149.59;30.0
201.906484561;FBK30.32;149.59;30.0
201.926456088;FBK30.32;149.59;30.0
201.946440495;FBK30.32;149.59;30.0
201.966415697;FBK30.32;149.59;30.0
201.986390068;FBK30.32;149.59;30.0
202.006430472;FBK30.32;149.59;30.0
202.026340536;FBK30.32;149.59;30.0
202.046377616;FBK30.32;149.59;30.0
202.066265754;FBK30.32;149.59;30.0
202.086245718;FBK30.32;149.59;30.0
202.106217916;FBK30.32;149.59;30.0
202.126192063;FBK30.32;149.59;30.0
202.146206195;FBK30.32;149.59;30.0
202.166171169;FBK30.32;149.59;30.0
202.186260762;FBK30.32;149.59;30.0
202.206076922;FBK30.32;149.59;30.0
202.22649176;FBK30.32;149.59;30.0
202.246733779;FBK30.32;149.59;30.0
202.266643076;FBK30.32;149.59;30.0
202.286284405;FBK30.32;149.59;30.0
202.305980675;FBK30.32;149.59;30.0
202.325958978;FBK30.32;149.59;30.0
202.345962945;FBK30.32;149.59;30.0
202.365906172;FBK30.32;149.59;30.0
202.38589023;FBK30.32;149.59;30.0
202.405894872;FBK30.32;149.59;30.0
202.42584441;FBK30.32;149.59;30.0
202.445844513;FBK30.32;149.59;30.0
202.465796991;FBK30.32;149.59;30.0
202.485773345;FBK30.32;149.59;30.0
202.50587522;FBK30.32;149.59;30.0
202.525741461;FBK30.32;149.59;30.0
202.545707236;FBK30.32;149.59;30.0
202.565651116;FBK30.32;149.59;30.0
202.585832547;FBK30.32;149.59;30.0
202.605605583;FBK30.32;149.59;30.0
202.626284873;FBK30.32;149.59;30.0
202.646054937;FBK30.32;149.59;30.0
202.66572633;FBK30.32;149.59;30.0
202.68556128;FBK30.32;149.59;30.0
202.705545401;FBK30.32;149.59;30.0
202.725590285;FBK30.32;149.59;30.0
202.745480978;FBK30.32;149.59;30.0
202.765452698;FBK30.32;149.59;30.0
202.785395363;FBK30.32;149.59;30.0
202.805432832;FBK30.32;149.59;30.0
202.825376616;FBK30.32;149.59;30.0
202.845354505;FBK30.32;149.59;30.0
202.865361128;FBK30.32;149.59;30.0
202.88530862;FBK30.32;149.59;30.0
202.905317897;FBK30.32;149.59;30.0
202.925268361;FBK30.32;149.59;30.0
202.945320437;FBK30.32;149.59;30.0
202.965187893;FBK30.32;149.59;30.0
202.985198224;FBK30.32;149.59;30.0
203.005177104;FBK30.32;149.59;30.0
203.025448352;FBK30.32;149.59;30.0
203.045590851;FBK30.32;149.59;30.0
203.065694387;FBK30.32;149.59;30.0
203.085076513;FBK30.32;149.59;30.0
203.105057854;FBK30.32;149.59;30.0
203.125033154;FBK30.32;149.59;30.0
203.145138384;FBK30.32;149.59;75.2783203125
203.165001845;FBK30.32;149.59;83.1976318359375
203.185085532;FBK30.32;149.59;85.8380126953125
203.20494797;FBK30.32;149.59;87.0135498046875
203.215725048;ACK87.43;92.57;87.42919921875
203.225113802;FBK30.32;149.59;88.033447265625
203.244906368;FBK30.32;149.59;88.2586669921875
203.26493022;FBK30.32;149.59;88.7640380859375
203.284851183;FBK30.41;149.59;88.7640380859375
203.304848026;FBK30.59;149.41;88.9691162109375
203.315926645;ACK88.97;91.03;88.9691162109375
203.324801335;FBK31.03;148.89;88.9691162109375
203.3446888;FBK31.90;147.92;88.9691162109375
203.365374634;FBK32.87;146.87;88.9691162109375
203.385354485;FBK34.01;145.72;88.9691162109375
203.404671071;FBK35.33;144.32;88.9691162109375
203.424766473;FBK36.83;142.91;88.9691162109375
203.4446706;FBK38.58;141.33;88.9691162109375
203.464891719;FBK40.43;139.22;88.9691162109375
203.484626401;FBK42.45;137.29;88.9691162109375
203.504597365;FBK44.65;135.09;88.9691162109375
203.524689092;FBK47.11;132.80;88.9691162109375
203.544578579;FBK49.66;130.25;88.9691162109375
203.564512528;FBK52.29;127.44;88.9691162109375
203.584471697;FBK55.20;124.63;88.9691162109375
203.604490928;FBK58.18;121.38;88.9691162109375
203.624449682;FBK61.44;118.30;88.9691162109375
203.644415085;FBK64.34;115.40;88.9691162109375
203.66446839;FBK67.24;112.59;88.9691162109375
203.684402755;FBK69.87;109.95;88.9691162109375
203.704342617;FBK72.33;107.49;88.9691162109375
203.725086197;FBK74.62;105.21;88.9691162109375
203.744896347;FBK76.82;103.10;88.9691162109375
203.764898605;FBK78.75;100.99;88.9691162109375
203.784184793;FBK80.51;99.23;88.9691162109375
203.804159849;FBK82.18;97.56;88.9691162109375
203.824338103;FBK83.67;96.15;88.9691162109375
203.844114851;FBK84.90;94.92;88.9691162109375
203.864089843;FBK85.96;93.87;88.9691162109375
203.884082927;FBK86.84;92.99;88.9691162109375
203.904070321;FBK87.54;92.29;89.4671630859375
203.91677159;ACK89.47;90.53;89.7509765625
203.924018335;FBK88.15;91.76;89.7509765625
203.943987701;FBK88.42;91.41;89.7509765625
203.964277639;FBK88.68;91.23;89.930419921875
203.983956576;FBK88.86;90.97;89.930419921875
204.003924375;FBK89.03;90.88;90.252685546875
204.016981474;ACK90.57;89.43;90.5712890625
204.023894669;FBK89.12;90.79;91.175537109375
204.043913803;FBK89.12;90.79;94.3267822265625
204.063854401;FBK89.21;90.79;110.0079345703125
204.08382559;FBK89.47;90.44;143.6846923828125
204.104433287;FBK89.82;90.09;149.9981689453125
204.117336924;ACK150.00;30.00;149.9981689453125
204.12435704;FBK90.09;89.82;149.9981689453125
204.143764885;FBK90.18;89.74;149.9981689453125
204.164257191;FBK90.35;89.56;149.9981689453125
204.183721454;FBK90.62;89.30;149.9981689453125
204.203695678;FBK91.05;88.77;149.9981689453125
204.223704265;FBK91.67;88.15;149.9981689453125
204.243665704;FBK92.46;87.36;149.9981689453125
204.263631234;FBK93.43;86.40;149.9981689453125
204.283609742;FBK94.57;85.25;149.9981689453125
204.303600972;FBK95.80;84.02;149.9981689453125
204.32363382;FBK97.29;82.53;149.9981689453125
204.343563902;FBK98.96;80.86;149.9981689453125
204.363589366;FBK100.72;79.01;149.9981689453125
204.383566484;FBK102.83;76.90;149.9981689453125
204.403576663;FBK104.94;74.79;149.9981689453125
204.423555612;FBK107.31;72.42;149.9981689453125
204.443718811;FBK109.86;69.87;149.9981689453125
204.46349369;FBK112.50;67.15;149.9981689453125
204.484133626;FBK115.40;64.34;149.9981689453125
204.504088505;FBK118.48;61.26;149.9981689453125
204.524153313;FBK121.46;58.01;149.9981689453125
204.54358162;FBK124.45;55.11;149.9981689453125
204.563428997;FBK127.53;52.21;149.9981689453125
204.583415362;FBK130.08;49.57;149.9981689453125
204.603389803;FBK132.63;47.11;149.9981689453125
204.62339052;FBK135.00;44.82;149.9981689453125
204.643334371;FBK137.20;42.63;149.9981689453125
204.663331028;FBK139.22;40.69;149.9981689453125
204.683296807;FBK140.98;38.76;149.9981689453125
204.703229661;FBK142.65;37.18;149.9981689453125
204.723314927;FBK144.14;35.68;149.9981689453125
204.743261878;FBK145.46;34.45;149.9981689453125
204.763190641;FBK146.51;33.31;149.9981689453125
204.783223707;FBK147.48;32.43;149.9981689453125
204.803140802;FBK148.27;31.73;149.9981689453125
204.823376723;FBK148.89;31.11;149.9981689453125
204.844074358;FBK149.24;30.67;149.9981689453125
204.863724155;FBK149.50;30.59;149.9981689453125
204.883060304;FBK149.59;30.59;149.9981689453125
204.903037367;FBK149.59;30.50;149.9981689453125
204.923013534;FBK149.59;30.50;149.9981689453125
204.942997406;FBK149.59;30.50;149.9981689453125
204.962986999;FBK149.59;30.50;149.9981689453125
204.98292567;FBK149.59;30.50;149.9981689453125
205.002926963;FBK149.59;30.50;149.9981689453125
205.022897153;FBK149.59;30.50;149.9981689453125
205.042886618;FBK149.59;30.50;149.9981689453125
205.062822605;FBK149.59;30.50;149.9981689453125
205.08281824;FBK149.59;30.50;149.9981689453125
205.102804061;FBK149.59;30.50;149.9981689453125
205.122782242;FBK149.59;30.50;149.9981689453125
205.142806422;FBK149.59;30.50;149.9981689453125
205.162717507;FBK149.59;30.50;149.9981689453125
205.182875464;FBK149.59;30.50;149.9981689453125
205.203031535;FBK149.59;30.50;149.9981689453125
205.223291495;FBK149.59;30.50;149.9981689453125
205.243298925;FBK149.59;30.50;149.9981689453125
205.26309781;FBK149.59;30.50;149.9981689453125
205.282623964;FBK149.59;30.50;149.9981689453125
205.302603839;FBK149.59;30.50;149.9981689453125
205.322585089;FBK149.59;30.50;149.9981689453125
205.342591752;FBK149.59;30.50;149.9981689453125
205.362549124;FBK149.59;30.50;149.9981689453125
205.382564089;FBK149.59;30.50;149.9981689453125
205.402484515;FBK149.59;30.50;149.9981689453125
205.422473159;FBK149.59;30.50;149.9981689453125
205.442451094;FBK149.59;30.50;149.9981689453125
205.462425928;FBK149.59;30.50;134.044189453125
205.482410385;FBK149.59;30.50;118.14697265625
205.502429653;FBK149.59;30.50;102.249755859375
205.51884491;ACK88.13;91.87;88.4637451171875
205.522379265;FBK149.59;30.50;88.4637451171875
205.54241212;FBK149.59;30.50;88.7530517578125
205.562321198;FBK149.59;30.50;88.9398193359375
205.582366775;FBK149.50;30.59;89.1229248046875
205.602954766;FBK149.33;30.76;89.1229248046875
205.619030087;ACK89.12;90.88;89.1229248046875
205.622840892;FBK148.97;30.85;89.1229248046875
205.642235559;FBK148.18;31.46;89.2950439453125
205.6622079;FBK147.13;32.52;89.2950439453125
205.682202202;FBK145.99;33.66;89.2950439453125
205.702159806;FBK144.67;34.98;89.2950439453125
205.719220922;ACK89.30;90.70;89.2950439453125
205.722099797;FBK143.26;36.47;89.2950439453125
205.742133226;FBK141.68;38.14;89.2950439453125
205.762132899;FBK139.92;39.90;89.2950439453125
205.782080018;FBK137.90;41.84;89.2950439453125
205.802075343;FBK135.79;44.03;89.2950439453125
205.822055675;FBK133.51;46.41;89.2950439453125
205.842031181;FBK131.04;48.87;89.2950439453125
205.862007614;FBK128.32;51.50;89.2950439453125
205.882110251;FBK125.42;54.58;89.2950439453125
205.901981513;FBK122.43;57.57;89.2950439453125
205.92194583;FBK119.27;60.64;89.2950439453125
205.942545393;FBK116.19;63.81;89.2950439453125
205.961896713;FBK113.29;66.71;89.2950439453125
205.981875192;FBK110.48;69.52;89.2950439453125
206.001855716;FBK107.93;72.16;89.2950439453125
206.021840236;FBK105.47;74.62;89.2950439453125
206.041782528;FBK103.01;76.99;89.2950439453125
206.061789042;FBK100.90;79.01;89.2950439453125
206.081707295;FBK98.96;80.95;89.2950439453125
206.101609308;FBK97.21;82.71;89.2950439453125
206.121666553;FBK95.62;84.20;89.2950439453125
206.141644424;FBK94.22;85.61;89.2950439453125
206.161619386;FBK92.99;86.84;89.2950439453125
206.181603331;FBK91.93;87.89;89.2950439453125
206.20160716;FBK91.14;88.77;89.2950439453125
206.221589858;FBK90.44;89.47;89.2950439453125
206.241661743;FBK89.91;89.91;89.2950439453125
206.261499344;FBK89.74;90.09;89.2950439453125
206.282031745;FBK89.65;90.18;89.2950439453125
206.301695477;FBK89.56;90.26;89.2950439453125
206.32201549;FBK89.56;90.26;89.2950439453125
206.342018647;FBK89.56;90.26;89.2950439453125
206.361427475;FBK89.56;90.26;89.2950439453125
206.381412642;FBK89.56;90.26;89.2950439453125
206.401399301;FBK89.56;90.26;89.2950439453125
206.421372533;FBK89.56;90.26;89.2950439453125
206.441346916;FBK89.56;90.26;89.2950439453125
206.461328716;FBK89.56;90.26;89.527587890625
206.481312019;FBK89.56;90.26;89.71435546875
206.501291613;FBK89.56;90.26;89.886474609375
206.520306382;ACK89.89;90.11;89.886474609375
206.521891897;FBK89.56;90.26;89.886474609375
206.541386377;FBK89.56;90.26;90.05859375
206.561272785;FBK89.56;90.26;90.05859375
206.58120318;FBK89.56;90.18;90.05859375
206.601880188;FBK89.56;90.18;90.05859375
206.620859824;ACK90.06;89.94;90.05859375
206.62279558;FBK89.56;90.18;89.8828125
206.641767033;FBK89.56;90.18;89.71435546875
206.661239998;FBK89.56;90.18;88.87939453125
206.681123657;FBK89.65;90.18;88.201904296875
206.701237069;FBK89.65;90.18;86.041259765625
206.720554255;ACK84.60;95.40;82.939453125
206.72224293;FBK89.65;90.18;82.939453125
206.74197343;FBK89.65;90.18;77.4810791015625
206.762040553;FBK89.65;90.18;73.3447265625
206.782007647;FBK89.65;90.18;58.187255859375
206.801989224;FBK89.56;90.44;54.495849609375
206.82108046;ACK51.00;129.00;49.63623046875
206.822575921;FBK88.86;90.97;49.63623046875
206.841946877;FBK88.15;91.67;47.186279296875
206.861927111;FBK87.28;92.55;44.0277099609375
206.881824036;FBK86.22;93.60;42.6324462890625
206.901879042;FBK84.99;94.83;41.3726806640625
206.921202079;ACK41.12;138.88;40.9130859375
206.922849739;FBK83.58;96.33;40.9130859375
206.941762307;FBK82.09;97.91;41.1328125
206.961751395;FBK80.16;99.76;42.4566650390625
206.982029283;FBK78.22;101.69;45.84228515625
207.001822727;FBK76.11;103.80;48.3489990234375
207.021962961;ACK50.34;129.66;51.064453125
207.023164572;FBK73.65;106.17;51.064453125
207.042792167;FBK71.19;108.63;52.093505859375
207.063404248;FBK68.64;111.18;52.9083251953125
207.083336465;FBK66.27;113.64;53.2012939453125
207.103027421;FBK63.90;116.19;53.3990478515625
207.121452125;ACK53.40;126.60;53.5711669921875
207.123763824;FBK61.52;118.30;53.5711669921875
207.142690394;FBK59.50;120.41;54.547119140625
207.162671267;FBK57.66;122.26;58.22021484375
207.182635676;FBK55.99;124.01;74.8443603515625
207.202626939;FBK54.49;125.51;78.3563232421875
207.221475154;ACK81.07;98.93;82.1392822265625
207.223254236;FBK53.00;126.91;82.1392822265625
207.242578007;FBK51.94;128.06;83.997802734375
207.262535767;FBK50.89;129.02;86.08154296875
207.282509831;FBK50.10;129.90;87.0245361328125
207.302535267;FBK49.48;130.61;88.1011962890625
207.321653548;ACK88.62;91.38;88.6212158203125
207.323463223;FBK48.96;131.04;88.6212158203125
207.342465013;FBK48.69;131.31;89.3701171875
207.362460495;FBK48.69;131.40;90.0164794921875
207.382460616;FBK48.78;131.31;91.102294921875
207.402486776;FBK48.87;131.22;92.1258544921875
207.422452898;ACK94.07;85.93;95.4290771484375
207.423600712;FBK49.31;130.96;95.4290771484375
207.443647875;FBK50.10;130.17;98.778076171875
207.463701624;FBK51.06;129.11;104.556884765625
207.483373856;FBK52.12;127.97;108.37646484375
207.503905349;FBK53.44;126.74;113.6883544921875
207.522282294;ACK116.49;63.51;116.4935302734375
207.524656469;FBK54.93;125.24;116.4935302734375
207.543305854;FBK56.60;123.66;119.33349609375
207.563264591;FBK58.45;121.73;120.421142578125
207.583215528;FBK60.38;119.71;121.3970947265625
207.603226119;FBK62.49;117.60;121.783447265625
207.622546852;ACK122.01;57.99;122.01416015625
207.624256361;FBK65.04;115.14;122.01416015625
207.644244541;FBK67.59;112.68;122.2027587890625
207.664221373;FBK70.22;109.95;122.2027587890625
207.68421956;FBK73.12;107.14;122.3968505859375
207.704148535;FBK76.29;104.06;122.3968505859375
207.722661092;ACK122.25;57.75;122.2540283203125
207.724349021;FBK79.45;100.72;122.2540283203125
207.743956004;FBK82.88;97.29;120.3057861328125
207.763963015;FBK86.31;93.78;105.062255859375
207.784105925;FBK89.74;90.44;100.9405517578125
207.803908942;FBK92.99;87.19;97.5238037109375
207.823226989;ACK95.10;84.90;94.1729736328125
207.824943243;FBK96.15;83.94;94.1729736328125
207.844581875;FBK98.96;81.21;92.7667236328125
207.864549148;FBK101.69;78.31;91.439208984375
207.883956869;FBK104.15;75.67;90.640869140625
207.903914839;FBK106.70;73.30;89.344482421875
207.922764285;ACK88.52;91.48;88.5205078125
207.924565001;FBK108.90;70.93;88.5205078125
207.943942415;FBK110.92;68.99;87.330322265625
207.963858857;FBK112.76;67.15;86.1419677734375
207.983832524;FBK114.43;65.48;82.8240966796875
208.003834931;FBK116.02;63.98;78.93310546875
208.023217076;ACK74.38;105.62;61.6204833984375
208.024918752;FBK117.33;62.40;61.6204833984375
208.044861633;FBK118.48;61.35;59.3170166015625
208.064770978;FBK119.44;60.29;57.65625
208.084769805;FBK120.32;59.50;55.9698486328125
208.104726112;FBK120.85;58.89;55.3289794921875
208.123397811;ACK54.92;125.08;54.9169921875
208.125093477;FBK121.29;58.45;54.7613525390625
208.144676132;FBK121.55;58.18;54.6405029296875
208.164651972;FBK121.55;58.18;54.4647216796875
208.184638906;FBK121.55;58.27;54.31640625
208.204751255;FBK121.29;58.36;54.1845703125
208.224302516;ACK53.90;126.10;53.28369140625
208.225387798;FBK120.85;58.54;53.28369140625
208.245673098;FBK120.15;59.41;49.5941162109375
208.265169181;FBK119.00;60.56;47.1002197265625
208.286598747;FBK117.86;61.70;44.945068359375
208.304555268;FBK116.54;62.93;42.7972412109375
208.323835496;ACK41.94;138.06;41.9366455078125
208.32583135;FBK115.05;64.60;41.634521484375
208.345471165;FBK113.38;66.27;41.2042236328125
208.365477004;FBK111.53;68.12;40.90576171875
208.385495313;FBK109.51;70.14;40.7171630859375
208.405453869;FBK107.40;72.33;40.7666015625
208.42394635;ACK41.23;138.77;41.8963623046875
208.425643025;FBK104.85;74.71;41.8963623046875
208.445398349;FBK102.30;77.17;45.6866455078125
208.465272729;FBK99.58;80.07;49.273681640625
208.485250691;FBK96.68;82.88;66.1175537109375
208.505240003;FBK93.60;85.87;68.477783203125
208.524223254;ACK71.68;108.32;71.6839599609375
208.525726863;FBK90.26;89.21;73.4124755859375
208.5452005;FBK87.10;92.55;76.2506103515625
208.565135846;FBK83.58;96.06;79.808349609375
208.585160964;FBK80.16;99.40;81.8060302734375
208.605230201;FBK76.82;102.66;84.0435791015625
208.624233177;ACK84.65;95.35;85.220947265625
208.62596179;FBK73.48;106.00;85.220947265625
208.645463688;FBK70.49;108.90;86.6839599609375
208.665228667;FBK67.68;111.71;87.7716064453125
208.685679209;FBK65.04;114.26;89.2620849609375
208.705800716;FBK62.58;116.72;90.0018310546875
208.724632845;ACK90.54;89.46;90.75439453125
208.72697787;FBK60.12;119.09;90.75439453125
208.746723347;FBK58.01;121.20;91.175537109375
208.76654779;FBK56.07;123.22;91.5618896484375
208.786068999;FBK54.32;124.98;91.9207763671875
208.806044435;FBK52.65;126.56;92.34375
208.824580619;ACK92.57;87.43;92.7667236328125
208.826375601;FBK51.24;127.88;92.7667236328125
208.846018615;FBK50.01;129.11;93.1146240234375
208.865994435;FBK48.87;130.17;93.603515625
208.885973805;FBK48.08;131.04;95.126953125
208.905974114;FBK47.29;131.75;96.8316650390625
208.924761709;ACK98.90;81.10;100.162353515625
208.926534376;FBK46.76;132.28;100.162353515625
208.945954208;FBK46.41;132.54;103.487548828125
208.965902311;FBK46.32;132.63;108.6053466796875
208.98588574;FBK46.32;132.54;111.2567138671875
209.005862232;FBK46.41;132.45;113.990478515625
209.02515671;ACK114.58;65.42;115.02685546875
209.026827777;FBK46.67;132.36;115.02685546875
209.04683237;FBK47.37;131.66;115.9295654296875
209.066804002;FBK48.34;130.61;116.1199951171875
209.086789094;FBK49.39;129.46;116.568603515625
209.106973838;FBK50.63;128.14;116.8707275390625
209.12602413;ACK118.50;61.50;120.1409912109375
209.127306858;FBK52.12;126.74;120.1409912109375
209.147403461;FBK53.70;125.16;124.1180419921875
209.16737228;FBK55.46;123.40;129.2083740234375
209.18738071;FBK57.39;121.46;131.378173828125
209.207195498;FBK59.50;119.27;133.304443359375
209.22565003;ACK134.05;45.95;134.0533447265625
209.227727275;FBK61.79;116.89;134.0533447265625
209.246632071;FBK64.25;114.43;134.2694091796875
209.266608084;FBK66.88;111.80;133.480224609375
209.286591257;FBK69.70;108.98;132.3468017578125
209.306572449;FBK72.69;106.00;131.90185546875
209.325792724;ACK131.76;48.24;131.575927734375
209.327545251;FBK76.03;102.66;131.575927734375
209.346380513;FBK79.10;99.49;131.41845703125
209.366379033;FBK82.88;95.89;131.2957763671875
209.386457263;FBK86.48;92.02;131.2957763671875
209.406386381;FBK90.18;88.33;131.1676025390625
209.425988182;ACK130.82;49.18;130.8233642578125
209.427558619;FBK94.13;84.55;130.8233642578125
209.447560055;FBK97.56;81.21;127.064208984375
209.467640875;FBK100.99;77.87;113.5675048828125
209.487411258;FBK104.06;74.71;96.51123046875
209.507387085;FBK107.05;71.81;94.94384765625
209.525929758;ACK93.37;86.63;92.724609375
209.527705863;FBK110.04;68.91;92.724609375
209.547473241;FBK112.68;66.27;91.644287109375
209.567979272;FBK115.14;63.98;90.391845703125
209.587491395;FBK117.42;61.70;89.9267578125
209.607917371;FBK119.53;59.59;89.073486328125
209.626032402;ACK88.34;91.66;88.341064453125
209.628481301;FBK121.55;57.66;88.341064453125
209.647262316;FBK123.22;55.99;87.12158203125
209.667347707;FBK124.80;54.49;86.0211181640625
209.687237149;FBK126.21;53.00;83.818359375
209.707212465;FBK127.44;51.86;81.533203125
209.726515371;ACK79.11;100.89;78.076171875
209.72822795;FBK128.67;50.80;78.076171875
209.748185874;FBK129.46;50.01;76.351318359375
209.76818779;FBK130.17;49.39;74.72900390625
209.788165663;FBK130.69;48.96;73.9581298828125
209.808125537;FBK131.04;48.69;72.989501953125
209.826736532;ACK72.29;107.71;72.293701171875
209.828433285;FBK131.13;48.69;72.293701171875
209.848089181;FBK131.13;48.69;71.3104248046875
209.868072425;FBK130.96;48.87;70.77392578125
209.888060338;FBK130.69;49.04;69.14794921875
209.908034503;FBK130.17;49.83;66.4398193359375
209.927102903;ACK62.31;117.69;60.274658203125
209.928776382;FBK129.20;51.06;60.274658203125
209.947976694;FBK128.06;52.12;56.3946533203125
209.967959171;FBK126.91;53.35;49.84130859375
209.988045649;FBK125.42;54.93;45.5804443359375
210.008091461;FBK123.93;56.60;41.1602783203125
210.027950819;ACK39.48;140.52;39.4757080078125
210.029009467;FBK121.99;58.54;38.887939453125
210.049664961;FBK120.06;60.47;38.009033203125
210.069591074;FBK117.95;62.67;37.3297119140625
210.089332939;FBK115.75;65.04;37.3846435546875
210.109561688;FBK113.12;67.50;39.876708984375
210.127492152;ACK41.03;138.97;42.520751953125
210.129139351;FBK110.48;70.40;42.520751953125
210.148936845;FBK107.75;73.30;48.248291015625
210.168849978;FBK104.77;76.38;61.88232421875
210.188894798;FBK101.60;79.54;67.27294921875
210.208651817;FBK98.26;82.88;82.2216796875
210.227458249;ACK82.81;97.19;82.8094482421875
210.229133071;FBK94.57;86.66;83.1719970703125
210.24857684;FBK91.14;90.18;83.79638671875
210.2686575;FBK87.36;94.04;84.4610595703125
210.288548605;FBK83.67;98.00;84.82177734375
210.308757659;FBK79.98;101.60;85.396728515625
210.3276366;ACK85.59;94.41;85.7720947265625
210.32943889;FBK76.29;105.21;85.7720947265625
210.348701736;FBK73.21;108.28;86.97509765625
210.368608626;FBK70.05;111.45;87.8173828125
210.388743229;FBK67.24;114.35;88.8079833984375
210.40858171;FBK64.51;117.16;89.2877197265625
210.428547983;ACK89.61;90.39;89.6063232421875
210.429611422;FBK61.88;120.06;89.6063232421875
210.449537794;FBK59.41;122.52;89.886474609375
210.470177133;FBK57.22;124.72;90.5584716796875
210.489502406;FBK55.11;126.83;90.8514404296875
210.510156803;FBK53.17;128.67;90.8514404296875
210.527965375;ACK91.11;88.89;91.10595703125
210.530382238;FBK51.50;130.43;91.10595703125
210.549449564;FBK50.10;132.01;91.66259765625
210.569433229;FBK48.78;133.42;91.959228515625
210.58940954;FBK47.55;134.65;92.149658203125
210.609391574;FBK46.58;135.62;92.369384765625
210.628216812;ACK92.37;87.63;92.369384765625
210.629986377;FBK45.79;136.58;92.552490234375
210.649358968;FBK45.18;137.20;92.552490234375
210.669360377;FBK44.74;137.72;92.552490234375
210.689404021;FBK44.47;137.99;92.552490234375
210.709320161;FBK44.47;137.99;92.552490234375
210.728549488;ACK92.55;87.45;92.552490234375
210.730160697;FBK44.56;137.99;92.552490234375
210.749262138;FBK44.65;137.90;92.552490234375
210.769322758;FBK45.18;137.72;92.552490234375
210.789227101;FBK45.97;137.02;92.552490234375
210.809211725;FBK46.93;135.97;92.552490234375
210.829780854;FBK48.16;134.82;92.552490234375
210.849197215;FBK49.48;133.59;92.552490234375
210.869151626;FBK50.98;132.10;92.552490234375
210.889145777;FBK52.65;130.43;92.552490234375
210.909121609;FBK54.49;128.58;92.552490234375
210.929104538;FBK56.51;126.65;92.552490234375
210.949146072;FBK58.71;124.54;92.552490234375
210.969076887;FBK61.00;122.17;92.552490234375
210.988970296;FBK63.54;119.62;92.4078369140625
211.009164462;FBK66.27;117.07;92.2283935546875
211.030408192;FBK69.08;114.26;92.0928955078125
211.030792747;ACK92.09;87.91;92.0928955078125
211.049163508;FBK71.98;111.18;92.0928955078125
211.069597333;FBK74.53;108.54;92.0928955078125
211.089679438;FBK76.90;105.91;92.0928955078125
211.108944893;FBK79.10;103.45;91.962890625
211.130956677;FBK81.21;101.25;91.962890625
211.131970465;ACK91.96;88.04;91.962890625
211.148771771;FBK83.06;99.14;91.962890625
211.168832424;FBK84.81;97.12;91.962890625
211.188748852;FBK86.31;95.27;91.962890625
211.208691497;FBK87.63;93.78;91.962890625
211.228700388;FBK88.95;92.37;91.962890625
211.248704834;FBK89.91;91.23;91.842041015625
211.268614037;FBK90.79;90.18;91.842041015625
211.288664043;FBK91.41;89.30;91.842041015625
211.308640706;FBK91.85;88.59;91.7230224609375
211.33002607;FBK92.20;88.07;91.0675048828125
211.330387765;ACK91.42;88.58;91.0675048828125
211.34860941;FBK92.20;87.80;90.428466796875
211.368578095;FBK92.20;87.71;89.72900390625
211.388556745;FBK92.11;87.71;89.5458984375
211.408613727;FBK91.93;87.71;89.351806640625
211.429995996;FBK91.85;87.80;89.190673828125
211.430373878;ACK89.19;90.81;89.190673828125
211.449021772;FBK91.67;87.98;89.190673828125
211.469063631;FBK91.58;88.15;89.190673828125
211.488631691;FBK91.41;88.33;89.190673828125
211.508464451;FBK90.97;88.86;89.190673828125
211.528442525;FBK90.53;89.30;89.190673828125
211.548408385;FBK90.00;89.82;89.190673828125
211.568397841;FBK89.65;90.09;89.190673828125
211.588392125;FBK89.47;90.35;89.190673828125
211.608371574;FBK89.38;90.44;89.190673828125
211.628359016;FBK89.38;90.44;89.190673828125
211.648343996;FBK89.38;90.44;89.190673828125
211.668353371;FBK89.38;90.53;89.190673828125
211.688274726;FBK89.38;90.62;89.190673828125
211.708440606;FBK89.38;90.62;89.190673828125
211.728373535;FBK89.38;90.62;89.190673828125
211.748827326;FBK89.38;90.62;89.190673828125
211.768972328;FBK89.38;90.62;89.190673828125
211.788848186;FBK89.38;90.62;89.190673828125
211.808347026;FBK89.38;90.62;89.190673828125
211.828180808;FBK89.38;90.62;89.190673828125
211.848197889;FBK89.38;90.62;89.190673828125
211.868169856;FBK89.38;90.62;89.190673828125
211.888132743;FBK89.38;90.62;89.190673828125
211.908136299;FBK89.38;90.62;89.190673828125
211.928113478;FBK89.38;90.62;89.190673828125
211.94809558;FBK89.38;90.62;89.190673828125
211.968090536;FBK89.38;90.62;89.190673828125
211.988047859;FBK89.38;90.62;89.190673828125
212.00806219;FBK89.38;90.62;89.190673828125
212.028033326;FBK89.38;90.62;89.190673828125
212.047961171;FBK89.38;90.62;89.190673828125
212.067907305;FBK89.38;90.62;89.190673828125
212.087954599;FBK89.38;90.62;89.190673828125
212.108100112;FBK89.38;90.62;89.190673828125
212.127914328;FBK89.38;90.62;89.190673828125
212.148723013;FBK89.38;90.62;89.190673828125
212.168497358;FBK89.38;90.62;89.000244140625
212.188458551;FBK89.38;90.62;88.7384033203125
212.207837878;FBK89.38;90.62;88.30078125
212.227817966;FBK89.38;90.62;88.17626953125
212.230585017;ACK88.18;91.82;88.17626953125
212.247827885;FBK89.38;90.62;87.81005859375
212.267819131;FBK89.38;90.62;87.5335693359375
212.287761332;FBK89.21;90.70;87.0684814453125
212.307766391;FBK88.86;90.97;86.8560791015625
212.327732156;FBK88.51;91.32;86.6619873046875
212.331213501;ACK86.66;93.34;86.6619873046875
212.347713139;FBK88.51;91.41;86.5081787109375
212.367695433;FBK88.33;91.41;86.5081787109375
212.38768102;FBK88.15;91.58;86.3763427734375
212.407687876;FBK87.71;91.93;86.239013671875
212.427650832;FBK87.36;92.46;86.0888671875
212.430975716;ACK86.09;93.91;86.0888671875
212.447629168;FBK87.01;92.72;85.8233642578125
212.467613195;FBK86.84;92.99;85.8233642578125
212.487608476;FBK86.57;93.16;85.6768798828125
212.507786772;FBK86.40;93.43;85.6768798828125
212.527598559;FBK86.31;93.52;85.6768798828125
212.53117942;ACK85.68;94.32;85.6768798828125
212.547737656;FBK86.22;93.52;85.6768798828125
212.568197698;FBK86.22;93.52;85.6768798828125
212.588118674;FBK86.13;93.60;85.55419921875
212.607535754;FBK86.04;93.87;85.55419921875
212.627470894;FBK85.96;93.87;85.55419921875
212.631382357;ACK85.55;94.45;85.55419921875
212.647501474;FBK85.87;93.96;85.55419921875
212.66744822;FBK85.87;94.04;85.55419921875
212.687443149;FBK85.87;94.04;85.39306640625
212.707414643;FBK85.87;94.04;85.206298828125
212.727418461;FBK85.87;94.04;85.0762939453125
212.732256441;ACK85.08;94.92;84.9334716796875
212.747468225;FBK85.87;94.04;84.8126220703125
212.767383541;FBK85.87;94.04;84.8126220703125
212.787353308;FBK85.61;94.13;84.67529296875
212.807299127;FBK85.43;94.39;84.67529296875
212.827450725;FBK85.43;94.48;84.67529296875
212.831736625;ACK84.68;95.32;84.67529296875
212.847287164;FBK85.43;94.48;84.67529296875
212.86727442;FBK85.34;94.48;84.55078125
212.887218033;FBK85.17;94.57;84.55078125
212.907312047;FBK84.99;94.83;84.364013671875
212.927224359;FBK84.90;94.92;84.0582275390625
212.931972941;ACK84.06;95.94;83.8970947265625
212.94782585;FBK84.90;94.92;83.5858154296875
212.968359143;FBK84.90;94.92;83.32763671875
212.988050488;FBK84.73;95.10;83.133544921875
213.007315536;FBK84.46;95.36;82.9998779296875
213.0279592;FBK84.37;95.54;82.8753662109375
213.032213542;ACK82.88;97.12;82.8753662109375
213.047366656;FBK84.29;95.54;82.8753662109375
213.067381952;FBK84.20;95.54;82.752685546875
213.087297237;FBK84.11;95.71;82.752685546875
213.107054894;FBK83.67;96.06;82.752685546875
213.126999146;FBK83.32;96.42;82.752685546875
213.132982051;ACK82.75;97.25;82.752685546875
213.147321896;FBK83.14;96.68;82.752685546875
213.167298282;FBK83.06;96.77;82.752685546875
213.18728573;FBK82.97;96.86;82.752685546875
213.207204308;FBK82.97;96.86;82.752685546875
213.227240898;FBK82.97;96.86;82.752685546875
213.247232343;FBK82.97;96.86;82.752685546875
213.266892258;FBK82.97;96.86;82.62451171875
213.286914877;FBK82.97;96.86;82.437744140625
213.306873837;FBK82.97;96.86;81.910400390625
213.326856137;FBK82.97;96.86;81.4361572265625
213.33342837;ACK81.11;98.89;81.1102294921875
213.347298722;FBK82.97;96.86;80.16357421875
213.36791347;FBK82.97;96.86;79.1656494140625
213.386801861;FBK82.79;97.03;77.889404296875
213.40678919;FBK82.44;97.38;77.230224609375
213.426776552;FBK82.00;97.82;76.6131591796875
213.433954061;ACK76.61;103.39;76.4373779296875
213.447030447;FBK81.65;98.17;76.2396240234375
213.466729693;FBK81.30;98.44;75.8917236328125
213.486710564;FBK81.04;98.70;75.6903076171875
213.506699813;FBK80.60;99.14;75.3350830078125
213.526948816;FBK79.98;99.76;75.3350830078125
213.534495207;ACK75.21;104.79;75.2069091796875
213.547047415;FBK79.28;100.46;75.2069091796875
213.566788834;FBK78.49;101.25;75.076904296875
213.586752631;FBK77.70;102.04;75.076904296875
213.606728898;FBK76.99;102.83;75.076904296875
213.626819119;FBK76.29;103.45;75.076904296875
213.634545043;ACK75.08;104.92;75.076904296875
213.647016389;FBK75.85;103.97;75.076904296875
213.666979611;FBK75.50;104.24;74.94873046875
213.686667954;FBK75.50;104.33;74.94873046875
213.706619952;FBK75.41;104.41;74.94873046875
213.726615276;FBK75.32;104.50;74.94873046875
213.73571393;ACK74.95;105.05;74.94873046875
213.747033132;FBK75.32;104.50;74.94873046875
213.767495625;FBK75.32;104.50;74.94873046875
213.787399055;FBK75.32;104.50;74.94873046875
213.80656501;FBK75.32;104.59;74.94873046875
213.826634577;FBK75.32;104.68;74.94873046875
213.846802111;FBK75.32;104.68;74.94873046875
213.866780136;FBK75.32;104.68;74.8114013671875
213.886753206;FBK75.32;104.68;74.8114013671875
213.906504985;FBK75.32;104.68;74.6905517578125
213.926552809;FBK75.32;104.68;74.6905517578125
213.934873573;ACK74.56;105.44;74.560546875
213.946462442;FBK75.32;104.68;74.560546875
213.966471994;FBK75.32;104.68;74.560546875
213.986695802;FBK75.06;104.77;74.443359375
214.006518339;FBK74.88;104.94;74.088134765625
214.026400379;FBK74.79;105.03;73.505859375
214.035063231;ACK73.51;106.49;73.2843017578125
214.046661372;FBK74.79;105.03;73.1304931640625
214.066627536;FBK74.79;105.03;72.3944091796875
214.08631396;FBK74.71;105.03;71.41845703125
214.106305382;FBK74.36;105.38;70.0982666015625
214.126359921;FBK74.00;105.73;69.554443359375
214.135316196;ACK69.38;110.62;69.378662109375
214.147032865;FBK73.83;105.91;69.0692138671875
214.16726294;FBK73.74;106.00;68.9337158203125
214.186266852;FBK73.65;106.17;68.60595703125
214.206249929;FBK73.30;106.44;68.60595703125
214.226238314;FBK72.77;106.96;68.477783203125
214.235371084;ACK68.48;111.52;68.477783203125
214.246197475;FBK72.07;107.58;68.477783203125
214.266467933;FBK71.28;108.37;68.477783203125
214.286169864;FBK70.58;109.07;68.477783203125
214.306158281;FBK69.87;109.78;68.477783203125
214.326182573;FBK69.43;110.30;68.477783203125
214.346133516;FBK69.08;110.65;68.477783203125
214.366385029;FBK68.82;110.92;68.3587646484375
214.386373014;FBK68.82;111.01;68.3587646484375
214.406353964;FBK68.73;111.09;68.3587646484375
214.426080813;FBK68.73;111.09;68.3587646484375
214.435801935;ACK68.36;111.64;68.3587646484375
214.446224896;FBK68.73;111.09;68.3587646484375
214.466375918;FBK68.73;111.09;68.3587646484375
214.487142832;FBK68.73;111.09;68.3587646484375
214.506281735;FBK68.73;111.18;68.3587646484375
214.525962861;FBK68.73;111.18;68.3587646484375
214.545942628;FBK68.73;111.27;68.3587646484375
214.566151907;FBK68.73;111.36;68.1939697265625
214.585901586;FBK68.73;111.36;67.77099609375
214.605905718;FBK68.73;111.36;66.240234375
214.625921616;FBK68.73;111.36;64.1015625
214.636084785;ACK62.95;117.05;61.856689453125
214.645849296;FBK68.73;111.36;60.9136962890625
214.665850806;FBK68.73;111.36;59.410400390625
214.686126688;FBK68.55;111.45;58.14697265625
214.706097918;FBK68.12;111.71;57.6708984375
214.726095207;FBK67.59;112.15;57.3651123046875
214.736248911;ACK57.18;122.82;57.18017578125
214.745771504;FBK66.97;112.85;57.18017578125
214.765780016;FBK66.18;113.64;57.0611572265625
214.78623406;FBK65.13;114.61;56.93115234375
214.806035058;FBK64.07;115.75;56.93115234375
214.826557079;FBK62.75;116.98;56.93115234375
214.836355356;ACK56.93;123.07;56.93115234375
214.846497837;FBK61.52;118.21;56.93115234375
214.866538515;FBK60.47;119.36;56.93115234375
214.885952911;FBK59.50;120.32;56.93115234375
214.905945084;FBK58.80;121.11;56.93115234375
214.925654283;FBK58.18;121.73;56.93115234375
214.945617935;FBK57.66;122.26;56.93115234375
214.965608221;FBK57.39;122.52;56.93115234375
214.985593712;FBK57.30;122.61;56.93115234375
215.005861568;FBK57.22;122.70;56.93115234375
215.025854956;FBK57.22;122.70;56.93115234375
215.045571797;FBK57.22;122.70;56.93115234375
215.065520293;FBK57.13;122.70;56.93115234375
215.085511091;FBK57.13;122.70;56.93115234375
215.105507005;FBK57.13;122.70;56.93115234375
215.125752224;FBK57.13;122.70;56.93115234375
215.145705324;FBK57.13;122.70;56.93115234375
215.165502805;FBK57.13;122.70;56.93115234375
215.185590134;FBK57.13;122.70;56.93115234375
215.205701252;FBK57.13;122.70;56.93115234375
215.226513921;FBK57.13;122.70;56.93115234375
215.237242685;ACK56.81;123.19;56.81396484375
215.246187597;FBK57.13;122.70;56.81396484375
215.265380249;FBK57.13;122.70;56.81396484375
215.285634229;FBK57.13;122.70;56.81396484375
215.305635834;FBK57.13;122.78;56.81396484375
215.325608695;FBK57.13;122.78;56.81396484375
215.345572442;FBK57.13;122.78;56.81396484375
215.365332378;FBK57.13;122.78;56.81396484375
215.385275811;FBK57.13;122.78;56.81396484375
215.405546349;FBK57.13;122.87;56.5228271484375
215.425493428;FBK57.13;122.87;56.268310546875
215.437236705;ACK56.07;123.93;55.770263671875
215.445214219;FBK57.13;122.87;55.43701171875
215.465212681;FBK57.13;122.87;54.906005859375
215.485182046;FBK57.04;122.87;54.0728759765625
215.505164265;FBK56.69;123.05;53.115234375
215.525434835;FBK56.43;123.40;51.5057373046875
215.537716923;ACK51.09;128.91;51.0919189453125
215.545415999;FBK56.34;123.49;50.7513427734375
215.565151371;FBK56.34;123.49;50.0390625
215.585450526;FBK56.16;123.57;49.8980712890625
215.605079677;FBK55.81;123.84;49.5465087890625
215.625928675;FBK55.37;124.37;49.5465087890625
215.637934403;ACK49.41;130.59;49.4146728515625
215.64611109;FBK54.76;125.07;49.4146728515625
215.665827021;FBK53.88;125.86;49.4146728515625
215.685030903;FBK53.09;126.74;49.295654296875
215.704932769;FBK52.12;127.62;49.295654296875
215.725274707;FBK51.33;128.50;49.295654296875
215.738269167;ACK49.30;130.70;49.295654296875
215.745261243;FBK50.63;129.11;49.295654296875
215.765238634;FBK50.19;129.64;49.295654296875
215.784968921;FBK49.83;129.99;49.295654296875
215.804918398;FBK49.66;130.17;49.295654296875
215.824972369;FBK49.57;130.25;49.295654296875
215.84519568;FBK49.57;130.34;49.295654296875
215.865158714;FBK49.57;130.34;49.295654296875
215.88487829;FBK49.57;130.34;49.295654296875
215.904822778;FBK49.57;130.34;49.295654296875
215.924832848;FBK49.57;130.34;49.295654296875
215.944822229;FBK49.57;130.34;49.295654296875
215.964798021;FBK49.57;130.34;49.295654296875
215.985069934;FBK49.57;130.34;49.295654296875
216.00478967;FBK49.57;130.34;49.295654296875
216.025393611;FBK49.57;130.34;49.295654296875
216.045376374;FBK49.57;130.34;49.295654296875
216.065862008;FBK49.57;130.34;49.295654296875
216.084694789;FBK49.57;130.34;49.295654296875
216.104697536;FBK49.57;130.34;49.295654296875
216.124808006;FBK49.57;130.34;49.295654296875
216.144948917;FBK49.57;130.34;49.295654296875
216.164927747;FBK49.57;130.34;49.295654296875
216.184910254;FBK49.57;130.34;49.295654296875
216.204627688;FBK49.57;130.34;49.295654296875
216.224611825;FBK49.57;130.34;49.141845703125
216.238703412;ACK49.01;130.99;48.6602783203125
216.244587489;FBK49.57;130.34;48.6602783203125
216.264858699;FBK49.57;130.34;45.8917236328125
216.284875291;FBK49.48;130.34;41.8634033203125
216.304607689;FBK49.31;130.52;39.349365234375
216.324524679;FBK49.22;130.61;37.3516845703125
216.338867334;ACK35.98;144.02;35.9820556640625
216.345429633;FBK49.22;130.61;35.4931640625
216.365683574;FBK49.22;130.61;34.4970703125
216.385589625;FBK49.13;130.69;34.105224609375
216.404942276;FBK48.87;130.87;33.779296875
216.424439424;FBK48.34;131.40;33.658447265625
216.439075579;ACK33.66;146.34;33.658447265625
216.444413999;FBK47.81;132.01;33.658447265625
216.464393659;FBK46.93;132.80;33.5211181640625
216.484392983;FBK45.97;133.68;33.5211181640625
216.50435883;FBK44.91;134.82;33.5211181640625
216.524364453;FBK43.68;136.14;33.5211181640625
216.540131169;ACK33.52;146.48;33.5211181640625
216.544301777;FBK42.19;137.64;33.5211181640625
216.564341295;FBK40.78;139.13;33.3984375
216.58432767;FBK39.38;140.54;33.3984375
216.604333166;FBK38.06;141.77;33.3984375
216.624351132;FBK36.91;143.00;33.3984375
216.63945445;ACK33.40;146.60;33.3984375
216.644299424;FBK35.86;143.88;33.3984375
216.664231823;FBK35.16;144.67;33.3984375
216.684511094;FBK34.54;145.28;33.3984375
216.704672439;FBK34.10;145.72;33.3984375
216.724502229;FBK33.84;145.99;33.3984375
216.745297426;FBK33.84;146.07;33.3984375
216.765322715;FBK33.84;146.07;33.3984375
216.78470344;FBK33.75;146.07;33.3984375
216.804181818;FBK33.66;146.07;33.3984375
216.824159751;FBK33.66;146.07;33.3984375
216.844218966;FBK33.66;146.07;33.3984375
216.86411987;FBK33.66;146.07;33.3984375
216.884395815;FBK33.66;146.07;33.3984375
216.904387434;FBK33.66;146.07;33.3984375
216.924347876;FBK33.66;146.07;33.3984375
216.944059036;FBK33.66;146.07;33.3984375
216.963992939;FBK33.66;146.07;33.3984375
216.984036422;FBK33.66;146.07;33.3984375
217.004077762;FBK33.66;146.07;33.3984375
217.024449922;FBK33.66;146.07;33.3984375
217.045251515;FBK33.66;146.07;33.3984375
217.064802989;FBK33.66;146.07;33.3984375
217.083926758;FBK33.66;146.07;33.3984375
217.104376906;FBK33.66;146.07;33.3984375
217.124222397;FBK33.66;146.07;33.3984375
217.144155851;FBK33.66;146.07;33.3984375
217.164196233;FBK33.66;146.07;33.3984375
217.184179026;FBK33.66;146.07;33.3984375
217.204166583;FBK33.66;146.07;33.3984375
217.224156379;FBK33.66;146.07;33.3984375
217.244137318;FBK33.66;146.07;33.3984375
217.263822866;FBK33.66;146.07;33.3984375
217.283727287;FBK33.66;146.07;33.3984375
217.303774383;FBK33.66;146.07;33.3984375
217.323757784;FBK33.66;146.07;33.3984375
217.343741281;FBK33.66;146.07;33.3984375
217.363693729;FBK33.66;146.07;33.3984375
217.383654141;FBK33.66;146.07;33.3984375
217.403811501;FBK33.66;146.07;33.3984375
217.423669372;FBK33.66;146.07;33.3984375
217.444820741;FBK33.66;146.07;33.3984375
217.464860013;FBK33.66;146.07;33.3984375
217.483629065;FBK33.66;146.07;33.3984375
217.503733121;FBK33.66;146.07;33.3984375
217.523665208;FBK33.66;146.07;33.3984375
217.543819083;FBK33.66;146.07;33.3984375
217.563576453;FBK33.66;146.07;33.3984375
217.583544546;FBK33.66;146.07;33.3984375
217.603829202;FBK33.66;146.07;33.3984375
217.623769124;FBK33.66;146.07;33.3984375
217.643779042;FBK33.66;146.07;33.3984375
217.663762068;FBK33.66;146.07;33.3984375
217.68375037;FBK33.66;146.07;33.3984375
217.703704361;FBK33.66;146.07;33.3984375
217.723717285;FBK33.66;146.07;33.3984375
217.743730368;FBK33.66;146.07;33.3984375
217.763590541;FBK33.66;146.07;33.22998046875
217.784257792;FBK33.66;146.07;32.764892578125
217.804241234;FBK33.66;146.07;32.6348876953125
217.823419197;FBK33.66;146.07;32.3052978515625
217.84097693;ACK32.31;147.69;32.3052978515625
217.84333082;FBK33.66;146.07;32.3052978515625
217.863376135;FBK33.66;146.07;32.1661376953125
217.883320917;FBK33.57;146.07;32.1661376953125
217.90331053;FBK33.40;146.43;32.1661376953125
217.923300431;FBK33.05;146.78;32.1661376953125
217.941304615;ACK32.17;147.83;32.1661376953125
217.943269004;FBK32.70;147.13;32.1661376953125
217.963228719;FBK32.61;147.22;32.1661376953125
217.983234384;FBK32.52;147.30;32.1661376953125
218.003238034;FBK32.43;147.39;32.1661376953125
218.023342601;FBK32.43;147.39;32.1661376953125
218.04317681;FBK32.43;147.39;32.1661376953125
218.063884382;FBK32.43;147.39;32.1661376953125
218.083897818;FBK32.43;147.39;32.1661376953125
218.103446064;FBK32.43;147.39;32.1661376953125
218.123416395;FBK32.43;147.39;32.1661376953125
218.143399229;FBK32.43;147.39;32.1661376953125
218.163358369;FBK32.43;147.39;32.1661376953125
218.183367231;FBK32.43;147.39;32.1661376953125
218.203091474;FBK32.43;147.39;32.1661376953125
218.223033731;FBK32.43;147.39;32.1661376953125
218.243256801;FBK32.43;147.39;32.1661376953125
218.263284913;FBK32.43;147.39;32.1661376953125
218.283260169;FBK32.43;147.39;32.010498046875
218.303007946;FBK32.43;147.39;31.505126953125
218.322980996;FBK32.43;147.39;30.0
218.342121994;ACK30.00;150.00;30.0
218.343812476;FBK32.43;147.39;30.0
218.363207621;FBK32.43;147.39;30.0
218.383193756;FBK32.43;147.48;30.0
218.402941902;FBK32.26;147.66;30.0
218.423509384;FBK31.82;148.10;30.0
218.443872536;FBK31.29;148.62;30.0
218.463177774;FBK30.85;148.97;30.0
218.4839587;FBK30.50;149.33;30.0
218.503341321;FBK30.32;149.50;30.0
218.522793012;FBK30.32;149.59;30.0
218.542819194;FBK30.32;149.59;30.0
218.562829804;FBK30.32;149.59;30.0
218.582769777;FBK30.32;149.59;30.0
218.603042851;FBK30.32;149.59;30.0
218.622760971;FBK30.32;149.59;30.0
218.642727581;FBK30.32;149.59;30.0
218.662966983;FBK30.32;149.59;30.0
218.682977401;FBK30.32;149.59;30.0
218.702964604;FBK30.32;149.59;30.0
218.722701015;FBK30.32;149.59;30.0
218.742674404;FBK30.32;149.59;30.0
218.762947541;FBK30.32;149.59;30.0
218.782914087;FBK30.32;149.59;30.0
218.802997252;FBK30.32;149.59;30.0
218.82261164;FBK30.32;149.59;30.0
218.843435351;FBK30.32;149.59;30.0
218.863416862;FBK30.32;149.59;30.0
218.883460216;FBK30.32;149.59;30.0
218.902579637;FBK30.32;149.59;30.0
218.922547942;FBK30.32;149.59;30.0
218.942529581;FBK30.32;149.59;30.0
218.962526952;FBK30.32;149.59;30.0
218.982783622;FBK30.32;149.59;30.0
219.002743293;FBK30.32;149.59;30.0
219.022460422;FBK30.32;149.59;30.0
219.042439087;FBK30.32;149.59;30.0
219.06241561;FBK30.32;149.59;30.0
219.082464112;FBK30.32;149.59;30.0
219.102682889;FBK30.32;149.59;30.0
219.122643424;FBK30.32;149.59;30.0
219.142332796;FBK30.32;149.59;30.0
219.162368188;FBK30.32;149.59;30.0
219.182620541;FBK30.32;149.59;30.0
219.202738336;FBK30.32;149.59;30.0
219.22260972;FBK30.32;149.59;30.0
219.242381688;FBK30.32;149.59;30.0
219.262973473;FBK30.32;149.59;30.0
219.283470447;FBK30.32;149.59;30.0
219.302529145;FBK30.32;149.59;30.0
219.322511136;FBK30.32;149.59;30.0
219.342198014;FBK30.32;149.59;30.0
219.362206642;FBK30.32;149.59;30.0
219.382190174;FBK30.32;149.59;30.0
219.402440677;FBK30.32;149.59;30.0
219.4224188;FBK30.32;149.59;30.0
219.442131448;FBK30.32;149.59;30.0
219.462131859;FBK30.32;149.59;30.0
219.482120342;FBK30.32;149.59;30.0
219.502379606;FBK30.32;149.59;30.0
219.522339054;FBK30.32;149.59;30.0
219.542083296;FBK30.32;149.59;30.0
219.562026372;FBK30.32;149.59;30.0
219.582067105;FBK30.32;149.59;30.0
219.602422877;FBK30.32;149.59;30.0
219.622295347;FBK30.32;149.59;30.0
219.642968459;FBK30.32;149.59;30.0
219.662730544;FBK30.32;149.59;30.0
219.682718548;FBK30.32;149.59;30.0
219.702237;FBK30.32;149.59;30.0
219.722193633;FBK30.32;149.59;30.0
219.742178183;FBK30.32;149.59;30.0
219.761910434;FBK30.32;149.59;30.849609375
219.781901475;FBK30.32;149.59;32.1551513671875
219.801895554;FBK30.32;149.59;35.1324462890625
219.82208853;FBK30.32;149.59;37.8717041015625
219.842119671;FBK30.32;149.59;42.1728515625
219.844159872;ACK40.65;139.35;42.1728515625
219.861891445;FBK30.32;149.59;44.930419921875
219.882299211;FBK30.32;149.59;47.724609375
219.901805256;FBK30.32;149.59;48.797607421875
219.922947728;FBK30.50;149.41;49.78271484375
219.941805118;FBK30.76;149.24;50.4034423828125
219.944442523;ACK50.40;129.60;50.4034423828125
219.961746562;FBK31.46;148.45;52.254638671875
219.981975641;FBK32.34;147.39;54.0087890625
220.002009755;FBK33.40;146.34;57.2442626953125
220.022004474;FBK34.63;145.11;60.3314208984375
220.041779382;FBK35.95;143.70;65.474853515625
220.044629914;ACK63.74;116.26;65.474853515625
220.06167689;FBK37.53;142.21;68.4375
220.081967204;FBK39.29;140.45;72.13623046875
220.101893524;FBK41.13;138.52;74.395751953125
220.121688034;FBK43.24;136.32;76.669921875
220.14172298;FBK45.53;134.12;77.530517578125
220.144877773;ACK77.53;102.47;77.530517578125
220.161926508;FBK47.90;131.84;78.3343505859375
220.181878282;FBK50.19;129.64;78.5137939453125
220.202773794;FBK52.47;127.27;78.760986328125
220.222692919;FBK54.93;124.98;78.951416015625
220.241826207;FBK57.39;122.43;78.951416015625
220.245509646;ACK78.95;101.05;78.951416015625
220.261552606;FBK59.85;119.88;78.951416015625
220.281512981;FBK62.23;117.42;78.8214111328125
220.30149088;FBK64.51;115.22;78.8214111328125
220.321461743;FBK66.62;113.03;78.8214111328125
220.341467462;FBK68.64;111.09;78.8214111328125
220.345239093;ACK78.82;101.18;78.8214111328125
220.361434744;FBK70.49;109.42;78.8214111328125
220.381446327;FBK72.07;107.75;78.9935302734375
220.401417717;FBK73.56;106.35;78.9935302734375
220.421410883;FBK74.79;105.03;79.2242431640625
220.442111328;FBK75.85;103.97;79.434814453125
220.445469382;ACK79.43;100.57;79.7222900390625
220.462258562;FBK76.82;103.01;80.2423095703125
220.481755438;FBK77.52;102.30;81.20361328125
220.501635596;FBK78.13;101.69;82.587890625
220.52134023;FBK78.57;101.25;83.616943359375
220.541332181;FBK78.84;100.99;84.7979736328125
220.546310695;ACK84.80;95.20;85.1312255859375
220.561282562;FBK79.01;100.90;85.374755859375
220.581378664;FBK79.10;100.81;85.8526611328125
220.601308227;FBK79.28;100.63;86.063232421875
220.621548164;FBK79.63;100.20;86.063232421875
220.641563172;FBK80.16;99.67;86.063232421875
220.645901911;ACK86.06;93.94;86.2957763671875
220.661583455;FBK80.86;98.96;86.7132568359375
220.681403719;FBK81.74;98.09;87.25341796875
220.701744993;FBK82.62;97.21;87.9931640625
220.721778675;FBK83.50;96.33;88.179931640625
220.741056089;FBK84.29;95.45;88.4197998046875
220.74592978;ACK88.42;91.58;88.4197998046875
220.761095335;FBK84.90;94.92;88.6358642578125
220.781078813;FBK85.43;94.48;88.8079833984375
220.801035141;FBK85.87;93.96;88.8079833984375
220.821043145;FBK86.57;93.34;88.9801025390625
220.84099618;FBK87.10;92.72;88.9801025390625
220.846239595;ACK88.98;91.02;88.9801025390625
220.860990466;FBK87.54;92.29;88.9801025390625
220.880961056;FBK87.89;91.93;88.9801025390625
220.900962185;FBK88.24;91.67;88.9801025390625
220.920930953;FBK88.51;91.41;88.9801025390625
220.941212493;FBK88.59;91.32;88.9801025390625
220.960901745;FBK88.68;91.32;88.9801025390625
220.981019688;FBK88.68;91.23;88.9801025390625
221.001245939;FBK88.68;91.14;89.1668701171875
221.021497164;FBK88.68;91.14;89.35546875
221.040844736;FBK88.68;91.14;89.6173095703125
221.04646053;ACK89.62;90.38;89.6173095703125
221.06087263;FBK88.68;91.14;89.8040771484375
221.080825058;FBK88.68;91.14;89.9761962890625
221.101121403;FBK88.77;91.14;90.1739501953125
221.120823542;FBK89.03;90.88;90.1739501953125
221.140780542;FBK89.21;90.70;90.7012939453125
221.147555168;ACK90.70;89.30;90.7012939453125
221.160765523;FBK89.21;90.70;90.9100341796875
221.180765756;FBK89.21;90.62;91.146240234375
221.200707919;FBK89.38;90.44;91.146240234375
221.220777831;FBK89.74;90.09;91.329345703125
221.24070295;FBK90.09;89.74;91.329345703125
221.2468685;ACK91.33;88.67;91.329345703125
221.260709291;FBK90.26;89.65;91.5618896484375
221.281259506;FBK90.35;89.56;91.790771484375
221.301210238;FBK90.44;89.38;92.2467041015625
221.320699567;FBK90.70;89.12;92.493896484375
221.340649532;FBK90.88;88.95;92.9388427734375
221.347162998;ACK92.94;87.06;92.9388427734375
221.360638254;FBK90.97;88.95;92.9388427734375
221.38062239;FBK91.05;88.86;93.1109619140625
221.400682197;FBK91.23;88.59;93.1109619140625
221.420637212;FBK91.58;88.33;93.1109619140625
221.44059229;FBK91.93;87.89;93.1109619140625
221.447887571;ACK93.11;86.89;93.1109619140625
221.460565501;FBK92.29;87.54;93.1109619140625
221.480513992;FBK92.55;87.36;93.1109619140625
221.500540734;FBK92.72;87.19;93.1109619140625
221.520516566;FBK92.81;87.19;93.1109619140625
221.541070368;FBK92.81;87.19;93.3123779296875
221.547492235;ACK93.31;86.69;93.3123779296875
221.56098864;FBK92.81;87.19;93.3123779296875
221.580480967;FBK92.81;87.10;93.5284423828125
221.600498594;FBK92.81;87.01;93.5284423828125
221.620418242;FBK92.90;87.01;93.5284423828125
221.640430145;FBK92.90;87.01;93.5284423828125
221.647865425;ACK93.53;86.47;93.5284423828125
221.660420304;FBK92.99;87.01;93.71337890625
221.680401765;FBK92.99;87.01;93.922119140625
221.700429402;FBK93.08;86.92;94.1510009765625
221.720376166;FBK93.16;86.92;94.3634033203125
221.740372849;FBK93.25;86.84;94.7479248046875
221.748120488;ACK94.75;85.25;94.9951171875
221.76035092;FBK93.25;86.75;95.321044921875
221.780587052;FBK93.34;86.57;96.719970703125
221.800341342;FBK93.34;86.48;97.6776123046875
221.820383721;FBK93.69;86.13;99.32373046875
221.840887508;FBK94.04;85.78;100.8453369140625
221.848446447;ACK101.58;78.42;101.583251953125
221.860845657;FBK94.31;85.61;102.9144287109375
221.880873838;FBK94.48;85.52;104.000244140625
221.900251364;FBK94.57;85.25;105.205078125
221.920271933;FBK94.92;84.90;105.6976318359375
221.940247894;FBK95.36;84.46;106.0015869140625
221.948602762;ACK106.00;74.00;106.1956787109375
221.9602857;FBK96.06;83.76;106.1956787109375
221.980244264;FBK96.94;82.88;106.3677978515625
222.000196881;FBK97.91;81.91;106.3677978515625
222.020204691;FBK99.14;80.77;106.5399169921875
222.040279463;FBK100.28;79.45;106.5399169921875
222.048854883;ACK106.54;73.46;106.5399169921875
222.060275602;FBK101.60;78.31;106.5399169921875
222.080249004;FBK102.66;77.17;106.5399169921875
222.100218345;FBK103.62;76.29;106.5399169921875
222.12035007;FBK104.41;75.41;106.5399169921875
222.140202532;FBK105.12;74.71;106.5399169921875
222.160810056;FBK105.64;74.27;106.5399169921875
222.1802548;FBK105.91;73.92;106.5399169921875
222.200638351;FBK106.08;73.83;106.5399169921875
222.220603023;FBK106.17;73.83;106.5399169921875
222.240120228;FBK106.17;73.65;106.5399169921875
222.260126344;FBK106.17;73.65;106.5399169921875
222.280122611;FBK106.17;73.65;106.5399169921875
222.300076762;FBK106.17;73.65;106.5399169921875
222.320067273;FBK106.17;73.65;106.5399169921875
222.340133123;FBK106.17;73.65;106.5399169921875
222.3599931;FBK106.17;73.65;106.5399169921875
222.380033079;FBK106.17;73.65;106.5399169921875
222.399986445;FBK106.17;73.65;106.5399169921875
222.420074183;FBK106.17;73.65;106.5399169921875
222.439991829;FBK106.17;73.65;106.5399169921875
222.459972728;FBK106.17;73.65;106.5399169921875
222.479913846;FBK106.17;73.65;106.5399169921875
222.499939579;FBK106.17;73.65;106.5399169921875
222.51989723;FBK106.17;73.65;106.5399169921875
222.539891656;FBK106.17;73.65;106.5399169921875
222.559907507;FBK106.17;73.65;106.5399169921875
222.580071578;FBK106.17;73.65;106.5399169921875
222.599878835;FBK106.17;73.65;106.5399169921875
222.62053438;FBK106.17;73.65;106.7523193359375
222.63986225;FBK106.17;73.65;106.7523193359375
222.64966753;ACK106.75;73.25;106.7523193359375
222.659844269;FBK106.17;73.65;106.7523193359375
222.679814839;FBK106.17;73.65;107.2998046875
222.69978979;FBK106.26;73.65;107.8033447265625
222.719771009;FBK106.35;73.48;109.62890625
222.739766074;FBK106.44;73.48;110.635986328125
222.749857272;ACK111.26;68.74;111.9268798828125
222.759743872;FBK106.44;73.48;112.6519775390625
222.779807754;FBK106.44;73.48;114.0911865234375
222.799724505;FBK106.52;73.39;115.9991455078125
222.819685194;FBK106.79;73.04;117.2314453125
222.839708304;FBK107.31;72.51;118.458251953125
222.850092806;ACK118.71;61.29;118.707275390625
222.859674685;FBK107.93;71.89;118.9031982421875
222.879738472;FBK108.72;71.02;119.1943359375
222.899745913;FBK109.69;70.14;119.381103515625
222.920276391;FBK110.65;69.08;119.381103515625
222.939636208;FBK111.88;67.94;119.578857421875
222.950329236;ACK119.58;60.42;119.578857421875
222.959613206;FBK113.12;66.62;119.578857421875
222.979641976;FBK114.26;65.48;119.578857421875
222.999596493;FBK115.40;64.34;119.578857421875
223.019576689;FBK116.46;63.28;119.578857421875
223.039560978;FBK117.33;62.40;119.578857421875
223.05956941;FBK118.04;61.79;119.578857421875
223.079530898;FBK118.56;61.26;119.578857421875
223.099530153;FBK118.83;61.00;117.835693359375
223.11950536;FBK119.00;60.82;111.873779296875
223.139489201;FBK119.09;60.73;107.2650146484375
223.150622219;ACK105.24;74.76;103.52783203125
223.159468725;FBK119.18;60.73;102.088623046875
223.179455988;FBK119.18;60.64;99.986572265625
223.199449838;FBK119.18;60.64;98.089599609375
223.219556828;FBK119.09;60.73;97.1136474609375
223.239427562;FBK118.74;60.82;95.4327392578125
223.250682768;ACK94.93;85.07;94.932861328125
223.259490421;FBK118.21;61.26;94.5611572265625
223.279507456;FBK117.42;62.23;93.6529541015625
223.299707502;FBK116.46;63.28;92.71728515625
223.319976365;FBK115.31;64.42;91.5765380859375
223.339347534;FBK113.99;65.83;91.0125732421875
223.351449527;ACK90.74;89.26;90.5181884765625
223.35933905;FBK112.50;67.32;90.303955078125
223.379300217;FBK110.83;68.99;89.8260498046875
223.399305995;FBK108.98;70.93;89.53125
223.419366104;FBK107.05;72.86;89.351806640625
223.439270477;FBK104.85;74.97;89.066162109375
223.451042201;ACK89.07;90.93;89.066162109375
223.45926551;FBK102.83;77.08;88.9215087890625
223.47923141;FBK100.90;79.10;88.9215087890625
223.499052096;FBK99.05;80.95;88.8006591796875
223.519101652;FBK97.29;82.62;88.8006591796875
223.539105127;FBK95.62;84.11;88.8006591796875
223.551249146;ACK88.80;91.20;88.8006591796875
223.559087432;FBK94.31;85.52;88.8006591796875
223.579047608;FBK93.08;86.84;88.8006591796875
223.599061061;FBK91.93;87.89;88.8006591796875
223.619033165;FBK91.05;88.86;88.8006591796875
223.639024616;FBK90.26;89.56;88.677978515625
223.651468467;ACK88.34;91.66;88.33740234375
223.659035223;FBK89.74;90.09;88.14697265625
223.678991945;FBK89.30;90.53;87.601318359375
223.698977928;FBK89.03;90.79;87.3046875
223.719027996;FBK88.77;91.05;86.986083984375
223.738969432;FBK88.68;91.23;86.8487548828125
223.751683407;ACK86.85;93.15;86.8487548828125
223.759320611;FBK88.59;91.23;86.7279052734375
223.779827462;FBK88.51;91.23;86.7279052734375
223.799057502;FBK88.51;91.32;86.1932373046875
223.818932775;FBK88.15;91.58;85.894775390625
223.838911786;FBK87.71;92.02;85.726318359375
223.851861763;ACK85.58;94.42;85.579833984375
223.858888559;FBK87.36;92.37;85.579833984375
223.878863286;FBK87.19;92.64;85.4425048828125
223.898865929;FBK86.92;92.81;85.3216552734375
223.918805703;FBK86.66;93.16;84.0875244140625
223.938854172;FBK86.31;93.52;81.86279296875
223.952092501;ACK80.66;99.34;79.48974609375
223.958832768;FBK86.04;93.78;78.438720703125
223.97881389;FBK85.87;93.96;76.827392578125
223.998922127;FBK85.69;94.13;75.2142333984375
224.018803764;FBK85.34;94.48;74.61181640625
224.039058271;FBK84.90;94.92;74.014892578125
224.052893257;ACK73.89;106.11;73.88671875
224.058862136;FBK84.29;95.54;73.88671875
224.079375798;FBK83.50;96.24;73.681640625
224.099157917;FBK82.62;97.29;73.5205078125
224.119331327;FBK81.56;98.44;73.5205078125
224.139260484;FBK80.24;99.67;73.4014892578125
224.153335501;ACK73.40;106.60;73.4014892578125
224.159419631;FBK78.93;100.81;73.4014892578125
224.178829934;FBK77.78;102.04;73.4014892578125
224.198758739;FBK76.73;103.10;73.4014892578125
224.218739925;FBK75.76;104.06;73.4014892578125
224.238748293;FBK75.06;104.77;73.4014892578125
224.25900408;FBK74.44;105.38;73.4014892578125
224.278983091;FBK74.00;105.73;73.4014892578125
224.298709503;FBK73.83;106.00;73.4014892578125
224.318757653;FBK73.74;106.08;73.4014892578125
224.338696403;FBK73.74;106.08;73.4014892578125
224.358929389;FBK73.74;106.08;73.4014892578125
224.378642683;FBK73.74;106.08;74.359130859375
224.398754744;FBK73.74;106.08;79.27001953125
224.418631856;FBK73.74;106.08;81.8133544921875
224.438633749;FBK73.74;106.08;84.6295166015625
224.45323548;ACK85.37;94.63;85.374755859375
224.459252102;FBK73.74;106.08;86.063232421875
224.478573898;FBK73.74;106.08;87.65625
224.498552351;FBK73.74;106.08;88.304443359375
224.518540238;FBK73.83;106.00;88.7347412109375
224.538603659;FBK73.92;105.82;89.21630859375
224.553902436;ACK89.40;90.60;89.3994140625
224.558632479;FBK74.27;105.47;89.6502685546875
224.578512949;FBK75.15;104.59;89.87548828125
224.598530032;FBK76.11;103.62;90.4248046875
224.618473468;FBK77.26;102.48;90.8880615234375
224.638541463;FBK78.49;101.25;91.8914794921875
224.653701866;ACK92.18;87.82;92.1826171875
224.65834304;FBK79.98;99.84;92.369384765625
224.67849565;FBK81.56;98.26;92.54150390625
224.698467228;FBK83.06;96.68;92.7593994140625
224.718905059;FBK84.73;95.01;92.9791259765625
224.738897615;FBK86.13;93.60;92.9791259765625
224.753926489;ACK92.98;87.02;92.9791259765625
224.758264022;FBK87.45;92.37;92.9791259765625
224.778329202;FBK88.59;91.23;92.9791259765625
224.798280537;FBK89.65;90.18;92.9791259765625
224.818241497;FBK90.53;89.30;92.9791259765625
224.83822657;FBK91.23;88.59;92.9791259765625
224.858497247;FBK91.85;87.98;92.9791259765625
224.878202855;FBK92.20;87.63;92.9791259765625
224.898186009;FBK92.46;87.45;92.9791259765625
224.918176998;FBK92.55;87.45;92.9791259765625
224.938284039;FBK92.55;87.28;92.9791259765625
224.958268152;FBK92.55;87.28;92.9791259765625
224.978762618;FBK92.55;87.28;92.9791259765625
224.998089115;FBK92.55;87.28;92.9791259765625
225.018110964;FBK92.55;87.28;92.9791259765625
225.038176016;FBK92.55;87.28;92.9791259765625
225.058081013;FBK92.55;87.28;92.9791259765625
225.078058347;FBK92.55;87.28;92.9791259765625
225.0980423;FBK92.55;87.28;92.838134765625
225.118027629;FBK92.55;87.28;92.838134765625
225.138013725;FBK92.55;87.28;92.2833251953125
225.154526584;ACK92.28;87.72;92.0526123046875
225.158003562;FBK92.55;87.28;92.0526123046875
225.177987452;FBK92.55;87.28;91.8878173828125
225.198086561;FBK92.55;87.28;91.7340087890625
225.217959548;FBK92.55;87.28;91.7340087890625
225.23794235;FBK92.55;87.36;91.7340087890625
225.254730644;ACK91.60;88.40;91.6021728515625
225.258560766;FBK92.46;87.36;91.6021728515625
225.277907027;FBK92.46;87.36;91.6021728515625
225.297909848;FBK92.37;87.45;91.6021728515625
225.317904738;FBK92.11;87.63;91.6021728515625
225.337835318;FBK91.93;87.80;91.6021728515625
225.357866633;FBK91.85;87.98;91.6021728515625
225.377856862;FBK91.76;87.98;91.6021728515625
225.397843602;FBK91.76;88.07;91.6021728515625
225.417903926;FBK91.76;88.15;91.6021728515625
225.437809406;FBK91.76;88.15;91.6021728515625
225.457815557;FBK91.76;88.15;91.6021728515625
225.477804152;FBK91.76;88.15;91.6021728515625
225.498488648;FBK91.76;88.15;91.6021728515625
225.518331193;FBK91.76;88.15;91.6021728515625
225.537846014;FBK91.76;88.15;91.6021728515625
225.557727734;FBK91.76;88.15;91.6021728515625
225.577718375;FBK91.76;88.15;91.6021728515625
225.597746048;FBK91.76;88.15;91.6021728515625
225.617733172;FBK91.76;88.15;91.6021728515625
225.63770325;FBK91.76;88.15;91.6021728515625
225.657663671;FBK91.76;88.15;91.6021728515625
225.677687763;FBK91.76;88.15;91.6021728515625
225.697661263;FBK91.76;88.15;91.6021728515625
225.717769556;FBK91.76;88.15;91.6021728515625
225.737648014;FBK91.76;88.15;91.6021728515625
225.758100372;FBK91.76;88.15;91.6021728515625
225.778210008;FBK91.76;88.15;91.6021728515625
225.797628252;FBK91.76;88.15;91.6021728515625
225.817584771;FBK91.76;88.15;91.6021728515625
225.83779204;FBK91.76;88.15;91.6021728515625
225.857553262;FBK91.76;88.15;91.6021728515625
225.877539362;FBK91.76;88.15;91.6021728515625
225.897530291;FBK91.76;88.15;91.6021728515625
225.917638264;FBK91.76;88.15;91.6021728515625
225.937439268;FBK91.76;88.15;91.6021728515625
225.958110205;FBK91.76;88.15;91.6021728515625
225.978096657;FBK91.76;88.15;91.787109375
225.998092735;FBK91.76;88.15;91.787109375
226.018130449;FBK91.76;88.15;91.787109375
226.037457776;FBK91.76;88.15;91.787109375
226.055928026;ACK91.79;88.21;91.787109375
226.057538471;FBK91.76;88.15;91.787109375
226.077444207;FBK91.76;88.15;91.787109375
226.097408337;FBK91.76;88.15;91.787109375
226.117397891;FBK91.76;88.15;91.787109375
226.137386134;FBK91.76;88.15;91.787109375
226.15732855;FBK91.76;88.15;91.787109375
226.177348964;FBK91.76;88.15;91.787109375
226.19730574;FBK91.76;88.15;91.787109375
226.217335363;FBK91.76;88.15;91.97021484375
226.237317242;FBK91.76;88.15;91.97021484375
226.2565045;ACK91.97;88.03;91.97021484375
226.257809735;FBK91.76;88.15;92.1826171875
226.277262388;FBK91.76;88.15;92.36572265625
226.297835244;FBK91.76;88.15;92.537841796875
226.317814789;FBK91.76;88.15;92.7813720703125
226.337864943;FBK91.76;88.15;92.9901123046875
226.356354604;ACK92.99;87.01;92.9901123046875
226.358437928;FBK91.76;88.15;92.9901123046875
226.377198063;FBK91.76;88.15;93.182373046875
226.397178846;FBK91.76;88.15;93.3837890625
226.417171974;FBK91.76;88.07;94.0155029296875
226.437169738;FBK92.02;87.80;94.984130859375
226.456549625;ACK96.72;83.28;96.71630859375
226.458258231;FBK92.37;87.45;97.6483154296875
226.478152094;FBK92.64;87.28;99.2230224609375
226.49812226;FBK92.72;87.10;101.268310546875
226.518094697;FBK92.99;86.84;102.09228515625
226.538101448;FBK93.34;86.40;102.81005859375
226.556972411;ACK102.81;77.19;103.0682373046875
226.558567201;FBK93.96;85.87;103.0682373046875
226.578037623;FBK94.57;85.17;103.2696533203125
226.597964552;FBK95.36;84.55;103.2696533203125
226.618058352;FBK96.15;83.67;103.2696533203125
226.637985537;FBK97.12;82.71;103.2696533203125
226.657177448;ACK103.27;76.73;103.2696533203125
226.658748669;FBK98.26;81.56;103.2696533203125
226.677992739;FBK99.32;80.60;103.2696533203125
226.698050273;FBK100.20;79.54;103.2696533203125
226.718206561;FBK101.07;78.75;103.2696533203125
226.738020251;FBK101.69;78.13;103.2696533203125
226.758639347;FBK102.22;77.61;103.2696533203125
226.778014821;FBK102.57;77.26;103.2696533203125
226.798060395;FBK102.74;77.17;103.2696533203125
226.817976611;FBK102.83;77.17;103.2696533203125
226.83798704;FBK102.83;77.17;103.2696533203125
226.858005527;FBK102.83;77.17;103.2696533203125
226.8779724;FBK102.83;77.17;101.6510009765625
226.8979457;FBK102.83;77.17;97.2784423828125
226.917941418;FBK102.83;77.17;94.9200439453125
226.937940909;FBK102.83;77.17;91.9921875
226.957374298;ACK91.30;88.70;90.7342529296875
226.959227739;FBK102.83;77.17;90.7342529296875
226.978903437;FBK102.83;77.17;89.6209716796875
226.998891448;FBK102.83;77.17;89.176025390625
227.018871688;FBK102.83;77.17;88.7713623046875
227.038879878;FBK102.66;77.26;88.5919189453125
227.057511282;ACK88.33;91.67;88.326416015625
227.059294176;FBK102.30;77.43;88.172607421875
227.078952382;FBK101.43;78.22;87.7166748046875
227.09901564;FBK100.46;79.37;87.0648193359375
227.119426421;FBK99.40;80.42;86.7333984375
227.139274394;FBK98.17;81.65;86.3250732421875
227.157722427;ACK86.33;93.67;86.1346435546875
227.159509063;FBK96.68;83.14;86.1346435546875
227.179290134;FBK95.19;84.64;85.9735107421875
227.198665927;FBK93.78;86.13;85.9735107421875
227.218637085;FBK92.29;87.63;85.8526611328125
227.238634818;FBK91.05;88.86;85.8526611328125
227.258209172;ACK85.85;94.15;85.8526611328125
227.259878891;FBK89.91;90.00;85.8526611328125
227.279644388;FBK88.95;90.88;85.8526611328125
227.299567608;FBK88.07;91.76;85.8526611328125
227.319584688;FBK87.36;92.55;85.8526611328125
227.339548042;FBK86.75;93.08;85.8526611328125
227.359483767;FBK86.40;93.52;85.8526611328125
227.379519561;FBK86.22;93.69;85.8526611328125
227.399503938;FBK86.04;93.78;86.063232421875
227.419522214;FBK86.04;93.78;86.612548828125
227.439503202;FBK86.04;93.78;86.7919921875
227.458197864;ACK86.79;93.21;86.7919921875
227.45988106;FBK86.04;93.78;86.7919921875
227.479481903;FBK86.04;93.78;86.7919921875
227.499459661;FBK86.04;93.78;85.8526611328125
227.519507486;FBK86.04;93.78;84.0765380859375
227.539548628;FBK86.13;93.69;79.599609375
227.559197441;ACK78.15;101.85;76.7449951171875
227.560431064;FBK86.31;93.60;76.7449951171875
227.579502768;FBK86.31;93.60;73.7896728515625
227.599743976;FBK86.31;93.52;72.64892578125
227.619984128;FBK86.31;93.52;71.6876220703125
227.639376239;FBK86.31;93.60;71.3543701171875
227.659057767;ACK71.23;108.77;71.231689453125
227.660965174;FBK85.87;94.04;71.231689453125
227.679357818;FBK85.08;94.83;71.414794921875
227.699335927;FBK84.11;95.80;71.8853759765625
227.719321872;FBK82.97;96.86;72.09228515625
227.739308967;FBK81.74;98.09;72.09228515625
227.759235877;ACK72.26;107.74;72.264404296875
227.76083487;FBK80.33;99.58;72.264404296875
227.780373321;FBK78.75;101.07;72.264404296875
227.800367708;FBK77.34;102.48;72.264404296875
227.820359473;FBK76.03;103.80;72.264404296875
227.84034062;FBK74.88;104.94;72.264404296875
227.859112353;ACK72.13;107.87;71.98974609375
227.860812019;FBK73.92;105.91;71.98974609375
227.880405507;FBK73.12;106.70;71.98974609375
227.900328931;FBK72.42;107.31;71.8212890625
227.920303522;FBK71.98;107.75;71.8212890625
227.940407824;FBK71.72;108.02;71.7022705078125
227.959335523;ACK71.96;108.04;71.964111328125
227.961058342;FBK71.63;108.11;71.964111328125
227.980935267;FBK71.72;108.02;75.234375
228.001087124;FBK71.81;107.93;78.4625244140625
228.020926664;FBK71.81;107.93;81.9561767578125
228.040244326;FBK71.81;107.93;83.5162353515625
228.059370363;ACK84.54;95.46;84.9261474609375
228.061340355;FBK71.81;107.93;84.9261474609375
228.080210298;FBK71.81;107.93;85.4681396484375
228.100271971;FBK71.81;107.93;85.927734375
228.120200608;FBK71.81;107.84;86.1676025390625
228.140185145;FBK72.07;107.67;86.93115234375
228.159782151;ACK87.32;92.68;87.315673828125
228.161276857;FBK72.69;107.14;87.315673828125
228.181132356;FBK73.56;106.26;88.13232421875
228.201116094;FBK74.44;105.29;88.5919189453125
228.221070634;FBK75.50;104.15;89.208984375
228.241090829;FBK76.73;102.92;89.40673828125
228.259956391;ACK89.68;90.32;89.937744140625
228.261466896;FBK78.22;101.51;89.937744140625
228.281072184;FBK79.80;100.02;89.937744140625
228.30096398;FBK81.30;98.53;90.596923828125
228.320925172;FBK82.79;96.94;90.8294677734375
228.340912524;FBK84.20;95.62;91.0565185546875
228.359867789;ACK91.24;88.76;91.2432861328125
228.361498379;FBK85.43;94.31;91.2432861328125
228.381035943;FBK86.40;93.25;91.2432861328125
228.4008444;FBK87.36;92.37;91.2432861328125
228.42125744;FBK88.33;91.41;91.2432861328125
228.44126072;FBK89.12;90.62;91.2432861328125
228.460972916;FBK89.82;89.91;91.2432861328125
228.481255989;FBK90.35;89.47;91.2432861328125
228.500828145;FBK90.70;89.12;91.2432861328125
228.520803122;FBK90.88;89.03;91.519775390625
228.540743144;FBK90.88;89.03;92.6092529296875
228.560476416;ACK93.69;86.31;93.6859130859375
228.562139798;FBK90.97;89.03;93.6859130859375
228.581778504;FBK90.97;89.03;96.7987060546875
228.601739537;FBK90.97;89.03;99.48486328125
228.621736964;FBK91.23;88.77;102.835693359375
228.641732185;FBK91.58;88.24;104.4854736328125
228.660828316;ACK105.60;74.40;106.0089111328125
228.662136687;FBK92.20;87.71;106.0089111328125
228.681710857;FBK92.64;87.19;106.5985107421875
228.70168126;FBK93.08;86.75;107.0452880859375
228.721652144;FBK93.60;86.22;107.0452880859375
228.74166473;FBK94.22;85.61;107.0452880859375
228.76100618;ACK107.05;72.95;107.0452880859375
228.76259297;FBK95.10;84.64;107.0452880859375
228.781925818;FBK96.06;83.67;106.9134521484375
228.801637535;FBK97.29;82.62;106.9134521484375
228.821638128;FBK98.61;81.21;106.783447265625
228.841701753;FBK100.11;79.72;106.783447265625
228.861138313;ACK106.78;73.22;106.783447265625
228.862632073;FBK101.51;78.31;106.783447265625
228.882333715;FBK102.66;77.08;106.783447265625
228.901764998;FBK103.71;76.11;106.783447265625
228.921681004;FBK104.59;75.23;106.783447265625
228.94162835;FBK105.38;74.44;106.783447265625
228.96164618;FBK105.91;73.92;106.783447265625
228.981604176;FBK106.35;73.48;106.783447265625
229.001900841;FBK106.52;73.30;106.783447265625
229.02160904;FBK106.52;73.30;106.783447265625
229.041583505;FBK106.52;73.30;106.783447265625
229.061850492;FBK106.52;73.30;106.783447265625
229.0818279;FBK106.52;73.30;106.783447265625
229.101796833;FBK106.52;73.30;106.783447265625
229.12157219;FBK106.52;73.30;106.783447265625
229.141527435;FBK106.52;73.30;106.783447265625
229.161794646;FBK106.52;73.30;106.783447265625
229.181777554;FBK106.52;73.30;106.783447265625
229.201493204;FBK106.52;73.30;106.783447265625
229.221475888;FBK106.52;73.30;106.783447265625
229.241447571;FBK106.52;73.30;106.95556640625
229.263216058;FBK106.52;73.30;106.95556640625
229.263634038;ACK106.96;73.04;106.95556640625
229.282151425;FBK106.52;73.30;106.95556640625
229.302012297;FBK106.52;73.30;106.95556640625
229.321585699;FBK106.52;73.30;106.95556640625
229.34157043;FBK106.52;73.30;106.95556640625
229.363469331;FBK106.52;73.30;108.1622314453125
229.363946507;ACK108.16;71.84;108.1622314453125
229.381372577;FBK106.52;73.30;111.2933349609375
229.401323144;FBK106.52;73.30;113.3111572265625
229.421344069;FBK106.70;73.21;115.7373046875
229.441315807;FBK107.14;72.77;116.883544921875
229.462815983;FBK107.49;72.33;117.8887939453125
229.46319914;ACK117.63;62.37;117.8887939453125
229.481254103;FBK107.67;72.16;118.2623291015625
229.501571261;FBK107.75;72.07;118.487548828125
229.521281752;FBK108.02;71.81;118.692626953125
229.541250804;FBK108.46;71.46;118.692626953125
229.563021886;FBK108.98;70.84;118.692626953125
229.563440605;ACK118.69;61.31;118.692626953125
229.581526077;FBK109.69;70.14;118.692626953125
229.601243923;FBK110.65;69.17;118.87939453125
229.62119238;FBK111.62;68.12;118.87939453125
229.641283725;FBK112.76;66.88;118.87939453125
229.662958098;FBK113.99;65.74;118.87939453125
229.663371444;ACK118.88;61.12;118.87939453125
229.682088944;FBK115.05;64.69;118.87939453125
229.701434219;FBK116.02;63.81;118.87939453125
229.721206528;FBK116.81;62.93;118.87939453125
229.74112422;FBK117.42;62.31;118.87939453125
229.761403417;FBK117.95;61.88;118.87939453125
229.781390442;FBK118.30;61.61;118.87939453125
229.80121328;FBK118.39;61.52;118.87939453125
229.821057481;FBK118.48;61.44;118.87939453125
229.841071305;FBK118.48;61.44;118.87939453125
229.862863782;FBK118.48;61.44;118.2586669921875
229.863271915;ACK118.75;61.25;118.2586669921875
229.881316773;FBK118.48;61.44;116.1529541015625
229.901059212;FBK118.48;61.44;99.6112060546875
229.921051673;FBK118.48;61.44;97.5018310546875
229.941009053;FBK118.48;61.44;94.1436767578125
229.961008294;FBK118.48;61.44;92.7703857421875
229.962533438;ACK92.77;87.23;92.7703857421875
229.980983007;FBK118.48;61.44;91.5655517578125
230.001001692;FBK118.48;61.44;91.0308837890625
230.021059106;FBK118.48;61.44;90.5291748046875
230.040914564;FBK118.21;61.52;90.3350830078125
230.061321939;FBK117.77;61.61;90.1849365234375
230.063062918;ACK90.18;89.82;90.1849365234375
230.081206914;FBK117.07;62.49;90.054931640625
230.101512336;FBK116.19;63.54;89.91943359375
230.121514871;FBK115.14;64.60;89.91943359375
230.140938146;FBK113.91;65.92;89.7967529296875
230.160931312;FBK112.50;67.24;89.7967529296875
230.163287593;ACK89.80;90.20;89.7967529296875
230.180878169;FBK110.92;68.82;89.6466064453125
230.200841753;FBK109.16;70.66;89.395751953125
230.220880074;FBK107.31;72.69;88.9654541015625
230.240820536;FBK105.21;74.71;88.5882568359375
230.260808136;FBK103.01;76.82;88.2952880859375
230.263273694;ACK88.30;91.70;88.2952880859375
230.281093218;FBK101.07;78.84;88.13232421875
230.300688995;FBK99.23;80.77;88.13232421875
230.320666682;FBK97.38;82.53;87.83935546875
230.340661734;FBK95.62;84.11;87.83935546875
230.36064796;FBK94.22;85.61;87.3760986328125
230.36340729;ACK87.38;92.62;87.3760986328125
230.380627555;FBK92.90;87.01;87.2296142578125
230.400602314;FBK91.76;88.15;86.6546630859375
230.420746665;FBK90.62;89.21;86.2939453125
230.440817078;FBK89.74;90.09;85.7080078125
230.460694295;FBK88.95;90.88;85.0909423828125
230.463605809;ACK85.09;94.91;84.7119140625
230.481178856;FBK88.33;91.41;83.7432861328125
230.501197332;FBK87.89;91.85;81.3153076171875
230.521036301;FBK87.36;92.46;79.3524169921875
230.540512514;FBK86.75;93.08;77.7996826171875
230.560756837;FBK86.22;93.60;76.322021484375
230.564336489;ACK76.32;103.68;76.322021484375
230.580778831;FBK85.78;94.04;75.758056640625
230.600775784;FBK85.43;94.31;75.252685546875
230.620586578;FBK85.08;94.75;75.0531005859375
230.640438595;FBK84.55;95.27;74.923095703125
230.660435868;FBK83.85;95.98;74.923095703125
230.665166213;ACK74.92;105.08;74.923095703125
230.680699763;FBK83.06;96.77;74.8040771484375
230.700408603;FBK82.00;97.82;74.8040771484375
230.720406035;FBK80.86;98.96;74.8040771484375
230.740485402;FBK79.63;100.11;74.8040771484375
230.760467676;FBK78.49;101.34;74.6795654296875
230.764357028;ACK74.68;105.32;74.6795654296875
230.780420976;FBK77.61;102.22;74.6795654296875
230.800472456;FBK76.73;103.10;74.6795654296875
230.820449868;FBK76.03;103.80;74.6795654296875
230.840510047;FBK75.50;104.33;74.6795654296875
230.860433413;FBK75.23;104.59;74.6795654296875
230.881426593;FBK75.06;104.85;74.6795654296875
230.900970093;FBK74.97;104.85;74.6795654296875
230.920395681;FBK74.97;104.85;74.6795654296875
230.940737385;FBK74.97;104.85;75.1995849609375
230.960410311;FBK74.97;104.85;78.43505859375
230.964942152;ACK78.44;101.56;78.43505859375
230.980402402;FBK74.97;104.85;80.3887939453125
231.00036293;FBK74.97;104.85;82.554931640625
231.020319043;FBK74.97;104.85;83.6993408203125
231.040294186;FBK75.06;104.77;84.8291015625
231.060468087;FBK75.32;104.59;85.2923583984375
231.065147679;ACK85.29;94.71;85.4791259765625
231.080337278;FBK76.03;103.97;85.90576171875
231.100327227;FBK76.73;103.10;86.597900390625
231.120223281;FBK77.52;102.22;87.3504638671875
231.140315089;FBK78.40;101.34;87.9638671875
231.160235896;FBK79.54;100.20;88.839111328125
231.164970399;ACK88.84;91.16;88.839111328125
231.180170871;FBK80.77;99.05;89.3243408203125
231.200139169;FBK81.83;97.91;89.718017578125
231.220245048;FBK82.97;96.77;89.9542236328125
231.240105987;FBK84.20;95.62;90.1409912109375
231.260464673;FBK85.34;94.48;90.1409912109375
231.265219739;ACK90.14;89.86;90.3167724609375
231.280396385;FBK86.22;93.52;90.3167724609375
231.300160072;FBK87.10;92.72;90.5072021484375
231.320656434;FBK87.80;91.93;90.73974609375
231.340293573;FBK88.51;91.32;90.970458984375
231.359984376;FBK89.12;90.70;91.142578125
231.365411268;ACK91.14;88.86;91.142578125
231.380022467;FBK89.47;90.35;91.142578125
231.399999277;FBK89.74;90.18;91.343994140625
231.420102604;FBK89.91;89.91;91.343994140625
231.4399891;FBK90.26;89.56;91.343994140625
231.460270911;FBK90.53;89.30;91.7706298828125
231.465844782;ACK91.77;88.23;92.017822265625
231.480244364;FBK90.70;89.21;92.493896484375
231.500256033;FBK90.79;89.03;93.0010986328125
231.520237417;FBK90.97;88.95;94.486083984375
231.539911401;FBK91.23;88.68;96.1248779296875
231.559890738;FBK91.41;88.51;98.0035400390625
231.565835042;ACK98.00;82.00;98.0035400390625
231.579870234;FBK91.49;88.51;98.79638671875
231.599873844;FBK91.49;88.51;99.521484375
231.620167169;FBK91.58;88.24;99.8291015625
231.640178742;FBK92.02;87.80;100.023193359375
231.660432123;FBK92.55;87.36;100.023193359375
231.666246745;ACK100.02;79.98;100.21728515625
231.680334162;FBK93.25;86.66;100.21728515625
231.699905967;FBK94.04;85.78;100.21728515625
231.720505732;FBK95.01;84.81;100.21728515625
231.73978971;FBK96.06;83.76;100.21728515625
231.759759101;FBK97.03;82.79;100.4132080078125
231.766524448;ACK100.41;79.59;100.6549072265625
231.779724366;FBK97.91;81.91;101.202392578125
231.799758678;FBK98.61;81.21;103.9617919921875
231.819985866;FBK99.14;80.68;105.57861328125
231.839751539;FBK99.67;80.24;107.1240234375
231.85970948;FBK99.84;79.98;107.70263671875
231.866951758;ACK107.70;72.30;107.9315185546875
231.879812391;FBK100.02;79.98;108.1146240234375
231.899796621;FBK100.11;79.80;108.37646484375
231.919690953;FBK100.20;79.63;108.563232421875
231.939808351;FBK100.55;79.28;108.7646484375
231.959761623;FBK101.07;78.75;108.7646484375
231.967887594;ACK108.76;71.24;108.7646484375
231.979735683;FBK101.69;78.05;108.7646484375
231.999712493;FBK102.57;77.17;108.7646484375
232.019811982;FBK103.54;76.20;108.9532470703125
232.039714885;FBK104.59;75.15;109.1436767578125
232.059675577;FBK105.64;74.18;110.2734375
232.067071138;ACK110.27;69.73;111.331787109375
232.080323089;FBK106.44;73.30;114.129638671875
232.100594634;FBK107.23;72.60;117.410888671875
232.119959204;FBK107.93;71.89;121.494140625
232.139646108;FBK108.63;71.19;123.3984375
232.159600852;FBK109.16;70.66;125.101318359375
232.167238412;ACK125.10;54.90;125.452880859375
232.179606701;FBK109.60;70.31;125.7366943359375
232.199725921;FBK109.78;70.14;126.1962890625
232.219613793;FBK110.04;69.79;126.1962890625
232.239587917;FBK110.39;69.43;125.7513427734375
232.25953991;FBK110.83;68.91;125.5645751953125
232.267461652;ACK125.56;54.44;125.5645751953125
232.279547966;FBK111.53;68.20;125.4345703125
232.299556437;FBK112.32;67.32;125.4345703125
232.319520551;FBK113.29;66.36;125.4345703125
232.339800539;FBK114.52;65.13;125.4345703125
232.359785473;FBK115.84;63.81;125.4345703125
232.367625718;ACK125.43;54.57;125.4345703125
232.379447753;FBK117.33;62.23;125.4345703125
232.399462009;FBK118.83;60.82;125.4345703125
232.419464465;FBK120.15;59.50;125.4345703125
232.439735402;FBK121.38;58.36;125.4345703125
232.459827212;FBK122.43;57.30;125.4345703125
232.480140428;FBK123.22;56.43;125.4345703125
232.500035044;FBK123.93;55.72;125.4345703125
232.52017118;FBK124.54;55.28;122.9571533203125
232.539342897;FBK124.89;54.93;108.218994140625
232.559382771;FBK124.98;54.76;104.9688720703125
232.567939161;ACK104.97;75.03;103.9288330078125
232.57968038;FBK125.07;54.76;103.0535888671875
232.599638478;FBK125.07;54.76;101.1859130859375
232.61963054;FBK125.07;54.76;99.7686767578125
232.639627879;FBK125.07;54.84;97.4267578125
232.659610347;FBK124.72;54.93;95.9912109375
232.668222671;ACK95.39;84.61;95.3924560546875
232.67959678;FBK124.19;55.46;94.072265625
232.699579504;FBK123.22;56.43;92.7447509765625
232.719354638;FBK122.26;57.57;91.4190673828125
232.739250853;FBK121.03;58.71;90.7049560546875
232.759251262;FBK119.62;60.12;89.8077392578125
232.768258201;ACK89.81;90.19;89.55322265625
232.779247866;FBK118.21;61.61;89.2913818359375
232.799347096;FBK116.46;63.46;88.516845703125
232.819215168;FBK114.61;65.30;88.011474609375
232.839558605;FBK112.59;67.32;87.4658203125
232.859955355;FBK110.39;69.61;87.333984375
232.869323775;ACK87.17;92.83;87.1673583984375
232.879944347;FBK108.11;71.89;87.0428466796875
232.899175037;FBK105.82;74.27;87.0428466796875
232.919161311;FBK103.36;76.55;86.912841796875
232.939150079;FBK101.07;78.84;86.912841796875
232.959085342;FBK98.96;81.04;86.912841796875
232.968536465;ACK86.91;93.09;86.912841796875
232.979018591;FBK97.03;82.88;86.788330078125
232.999293845;FBK95.27;84.64;86.788330078125
233.019015732;FBK93.69;86.22;86.788330078125
233.038994234;FBK92.29;87.63;86.788330078125
233.058974719;FBK91.05;88.86;86.3323974609375
233.068966576;ACK86.12;93.88;86.1181640625
233.079137144;FBK90.00;89.91;85.87646484375
233.099235574;FBK89.03;90.79;84.4061279296875
233.118959508;FBK88.15;91.67;82.598876953125
233.138931454;FBK87.45;92.37;79.7406005859375
233.158920094;FBK86.92;92.90;78.42041015625
233.169107355;ACK77.95;102.05;77.5982666015625
233.178894342;FBK86.57;93.25;77.3052978515625
233.198930154;FBK86.40;93.43;76.8603515625
233.219530335;FBK86.22;93.60;76.6094970703125
233.239059376;FBK85.87;93.96;76.4154052734375
233.259406587;FBK85.34;94.48;76.292724609375
233.269691679;ACK76.18;103.82;76.175537109375
233.279444542;FBK84.73;95.19;76.175537109375
233.298833954;FBK83.85;95.98;76.175537109375
233.318826432;FBK82.88;96.94;76.175537109375
233.338804039;FBK81.74;98.09;76.175537109375
233.35879447;FBK80.60;99.32;76.175537109375
233.378865516;FBK79.45;100.28;76.175537109375
233.398854561;FBK78.57;101.25;76.175537109375
233.418921896;FBK77.78;102.04;76.175537109375
233.438832139;FBK77.17;102.66;76.175537109375
233.458836535;FBK76.82;103.10;76.0455322265625
233.469983387;ACK76.05;103.95;76.0455322265625
233.479120862;FBK76.55;103.27;76.0455322265625
233.499108148;FBK76.46;103.45;76.0455322265625
233.518796506;FBK76.38;103.45;75.8953857421875
233.538739529;FBK76.38;103.45;75.5218505859375
233.558759756;FBK76.38;103.45;75.3350830078125
233.570152256;ACK75.18;104.82;75.1776123046875
233.579030715;FBK76.38;103.54;75.1776123046875
233.598752397;FBK76.38;103.54;75.054931640625
233.618732136;FBK76.20;103.54;75.054931640625
233.638996091;FBK75.85;103.89;74.930419921875
233.659320235;FBK75.50;104.15;74.930419921875
233.670220448;ACK74.93;105.07;74.930419921875
233.679723276;FBK75.50;104.33;74.930419921875
233.698682814;FBK75.50;104.33;74.930419921875
233.718696741;FBK75.32;104.50;74.930419921875
233.738613636;FBK75.23;104.68;74.930419921875
233.758646015;FBK75.15;104.68;74.930419921875
233.778915951;FBK75.15;104.68;74.930419921875
233.798940687;FBK75.15;104.68;75.57861328125
233.818624855;FBK75.15;104.68;78.42041015625
233.838598581;FBK75.15;104.68;80.0482177734375
233.858564472;FBK75.15;104.68;81.9287109375
233.87047366;ACK82.40;97.60;82.3974609375
233.878859544;FBK75.15;104.68;82.763671875
233.898820766;FBK75.15;104.68;83.6279296875
233.918567873;FBK75.15;104.68;84.14794921875
233.938528806;FBK75.15;104.59;85.001220703125
233.958577176;FBK75.32;104.41;86.0211181640625
233.970442295;ACK86.67;93.33;87.3724365234375
233.978477281;FBK75.85;103.97;87.9034423828125
233.998889086;FBK76.73;103.10;88.828125
234.018510731;FBK77.78;102.04;89.703369140625
234.039101534;FBK78.84;100.81;90.24169921875
234.05893192;FBK80.24;99.58;90.809326171875
234.070669753;ACK91.09;88.91;91.087646484375
234.078638091;FBK81.56;98.26;91.3897705078125
234.098624098;FBK82.71;97.12;92.0635986328125
234.118352048;FBK83.85;95.89;92.2760009765625
234.138277291;FBK85.08;94.66;92.7960205078125
234.158304329;FBK86.31;93.34;92.9937744140625
234.171721783;ACK92.99;87.01;92.9937744140625
234.178580437;FBK87.45;92.29;92.9937744140625
234.198563534;FBK88.42;91.41;92.9937744140625
234.218283904;FBK89.38;90.44;93.1658935546875
234.238267672;FBK90.35;89.56;93.1658935546875
234.258332161;FBK91.05;88.68;93.1658935546875
234.271312496;ACK93.17;86.83;93.1658935546875
234.278479065;FBK91.67;88.07;93.1658935546875
234.298507095;FBK92.20;87.63;93.1658935546875
234.318275789;FBK92.55;87.28;93.1658935546875
234.338204198;FBK92.72;87.19;93.1658935546875
234.358181314;FBK92.81;87.10;93.1658935546875
234.378316272;FBK92.90;87.10;93.1658935546875
234.398131671;FBK92.90;87.10;93.1658935546875
234.418263623;FBK92.90;87.10;93.907470703125
234.438747081;FBK92.90;87.10;95.291748046875
234.458492538;FBK92.90;87.10;98.1610107421875
234.47141752;ACK98.95;81.05;98.953857421875
234.478997424;FBK92.90;87.10;99.876708984375
234.49839019;FBK92.90;87.10;101.8304443359375
234.518129794;FBK92.90;86.92;102.821044921875
234.538080635;FBK93.16;86.57;103.7530517578125
234.558064928;FBK93.69;86.13;103.9434814453125
234.572391398;ACK104.22;75.78;104.219970703125
234.578057345;FBK94.31;85.52;104.395751953125
234.59806265;FBK95.10;84.73;104.395751953125
234.618057145;FBK96.06;83.76;104.5751953125
234.638026472;FBK97.21;82.71;104.5751953125
234.657997685;FBK98.44;81.39;104.7509765625
234.672264317;ACK104.75;75.25;104.7509765625
234.678282091;FBK99.67;80.16;104.7509765625
234.698371699;FBK100.72;79.10;106.8731689453125
234.718134458;FBK101.69;78.13;110.6689453125
234.738071482;FBK102.48;77.26;124.7003173828125
234.75809748;FBK103.18;76.64;126.5826416015625
234.772120958;ACK127.48;52.52;128.2470703125
234.778072626;FBK103.71;76.11;128.8787841796875
234.798429663;FBK104.06;75.85;129.814453125
234.818670031;FBK104.33;75.50;130.5816650390625
234.838644538;FBK104.77;75.15;130.8544921875
234.857977627;FBK105.29;74.62;131.05224609375
234.872421724;ACK131.05;48.95;131.05224609375
234.877945609;FBK105.91;73.83;131.05224609375
234.897963483;FBK106.79;72.95;131.05224609375
234.917949472;FBK107.75;71.89;131.05224609375
234.937892733;FBK108.98;70.75;131.05224609375
234.957958835;FBK110.39;69.35;131.231689453125
234.972523885;ACK131.23;48.77;131.231689453125
234.97787891;FBK111.88;67.76;131.231689453125
234.997874908;FBK113.55;66.09;131.231689453125
235.017947246;FBK115.49;64.25;131.231689453125
235.037878195;FBK117.51;62.23;131.231689453125
235.05786172;FBK119.44;60.29;131.231689453125
235.073013085;ACK131.07;48.93;131.07421875
235.078061153;FBK121.29;58.36;130.6109619140625
235.098136305;FBK123.05;56.69;126.123046875
235.117859502;FBK124.63;55.20;111.9708251953125
235.137876737;FBK125.95;53.70;95.4217529296875
235.157943702;FBK127.18;52.56;94.8760986328125
235.173033503;ACK94.58;85.42;94.3450927734375
235.178111153;FBK128.23;51.59;94.1583251953125
235.198761682;FBK129.11;50.71;93.8653564453125
235.218454305;FBK129.73;50.01;93.6676025390625
235.237760817;FBK130.25;49.57;93.5137939453125
235.257757807;FBK130.61;49.22;93.1036376953125
235.273223677;ACK92.32;87.68;92.318115234375
235.278043813;FBK130.69;49.13;91.9500732421875
235.297737971;FBK130.69;49.22;91.4227294921875
235.317728085;FBK130.52;49.31;90.57861328125
235.337686122;FBK130.25;49.39;90.098876953125
235.357690692;FBK129.64;50.10;89.739990234375
235.373823416;ACK89.53;90.47;89.3994140625
235.377671938;FBK128.67;51.15;89.3994140625
235.397662451;FBK127.62;52.29;88.8079833984375
235.417708999;FBK126.39;53.61;88.32275390625
235.437684927;FBK124.98;55.02;87.5225830078125
235.457684267;FBK123.40;56.60;87.0849609375
235.473627832;ACK86.68;93.32;86.6766357421875
235.478088615;FBK121.55;58.36;86.451416015625
235.498028466;FBK119.53;60.29;85.909423828125
235.518421204;FBK117.42;62.58;85.7794189453125
235.53795384;FBK115.14;64.86;85.572509765625
235.557565794;FBK112.68;67.32;85.4388427734375
235.573578924;ACK85.44;94.56;85.3070068359375
235.57753427;FBK110.13;70.05;85.3070068359375
235.59760052;FBK107.49;72.69;85.3070068359375
235.617531991;FBK104.94;75.23;85.3070068359375
235.637542078;FBK102.39;77.70;85.3070068359375
235.657486566;FBK100.11;79.98;85.3070068359375
235.67373487;ACK85.31;94.69;85.3070068359375
235.677406459;FBK97.82;82.18;85.3070068359375
235.697379988;FBK95.80;84.11;85.3070068359375
235.717370213;FBK94.04;85.87;85.3070068359375
235.737379116;FBK92.37;87.63;85.3070068359375
235.757365215;FBK90.97;89.03;85.3070068359375
235.777373159;FBK89.74;90.18;85.3070068359375
235.797335334;FBK88.59;91.32;85.1605224609375
235.817516309;FBK87.63;92.20;85.0341796875
235.837284664;FBK86.84;92.99;85.0341796875
235.857861659;FBK86.22;93.60;84.9114990234375
235.873987179;ACK84.91;95.09;84.9114990234375
235.87787488;FBK85.87;93.96;84.9114990234375
235.897929424;FBK85.69;94.22;84.9114990234375
235.917282184;FBK85.52;94.31;84.9114990234375
235.937356941;FBK85.34;94.48;84.7869873046875
235.957231354;FBK85.25;94.57;84.7869873046875
235.974184321;ACK84.79;95.21;84.7869873046875
235.977251131;FBK85.25;94.66;84.7869873046875
235.997241964;FBK85.25;94.75;84.7869873046875
236.017232061;FBK85.08;94.75;84.7869873046875
236.03718544;FBK84.99;94.75;84.7869873046875
236.057200069;FBK84.90;94.75;84.7869873046875
236.077246776;FBK84.90;94.75;84.7869873046875
236.09719328;FBK84.90;94.75;84.7869873046875
236.117089185;FBK84.90;94.75;84.7869873046875
236.137173441;FBK84.90;94.75;84.7869873046875
236.157159412;FBK84.90;94.75;84.7869873046875
236.177150757;FBK84.90;94.75;84.6533203125
236.197286379;FBK84.90;94.75;84.6533203125
236.21763354;FBK84.90;94.75;84.6533203125
236.237713063;FBK84.90;94.75;84.6533203125
236.257737958;FBK84.90;94.75;84.6533203125
236.274667577;ACK84.65;95.35;84.6533203125
236.277564427;FBK84.90;94.75;84.6533203125
236.297148045;FBK84.90;94.75;84.6533203125
236.317013214;FBK84.90;94.75;84.6533203125
236.337038205;FBK84.90;94.83;84.6533203125
236.357032107;FBK84.90;94.92;84.6533203125
236.377027677;FBK84.90;94.92;84.6533203125
236.397012537;FBK84.90;94.92;84.6533203125
236.417016458;FBK84.90;94.92;84.6533203125
236.437044624;FBK84.90;94.92;84.6533203125
236.456973832;FBK84.90;94.92;84.6533203125
236.477044759;FBK84.90;94.92;84.6533203125
236.496990439;FBK84.90;94.92;84.6533203125
236.516956908;FBK84.90;94.92;84.6533203125
236.536958111;FBK84.90;94.92;84.6533203125
236.557060062;FBK84.90;94.92;84.6533203125
236.577223039;FBK84.90;94.92;84.6533203125
236.597299851;FBK84.90;94.92;84.6533203125
236.617376823;FBK84.90;94.92;84.6533203125
236.636868879;FBK84.90;94.92;84.6533203125
236.656907471;FBK84.90;94.92;84.6533203125
236.677151526;FBK84.90;94.92;84.6533203125
236.697146172;FBK84.90;94.92;84.6533203125
236.716875899;FBK84.90;94.92;84.6533203125
236.736858391;FBK84.90;94.92;84.6533203125
236.756840596;FBK84.90;94.92;84.6533203125
236.776815925;FBK84.90;94.92;84.6533203125
236.796819879;FBK84.90;94.92;84.6533203125
236.816811007;FBK84.90;94.92;84.6533203125
236.836806741;FBK84.90;94.92;84.6533203125
236.856781653;FBK84.90;94.92;84.6533203125
236.876780074;FBK84.90;94.92;84.6533203125
236.896780733;FBK84.90;94.92;84.6533203125
236.916753087;FBK84.90;94.92;84.6533203125
236.936797244;FBK84.90;94.92;84.6533203125
236.956878502;FBK84.90;94.92;84.6533203125
236.976987043;FBK84.90;94.92;84.6533203125
236.997084165;FBK84.90;94.92;84.6533203125
237.017275926;FBK84.90;94.92;84.6533203125
237.037285573;FBK84.90;94.92;84.6533203125
237.056704514;FBK84.90;94.92;84.5361328125
237.075736327;ACK84.54;95.46;84.5361328125
237.077805986;FBK84.90;94.92;84.5361328125
237.096738361;FBK84.90;94.92;84.5361328125
237.116654583;FBK84.90;94.92;84.5361328125
237.136645616;FBK84.90;95.01;84.2376708984375
237.156610933;FBK84.90;95.10;84.11865234375
237.175974063;ACK84.12;95.88;84.00146484375
237.177589267;FBK84.90;95.10;84.00146484375
237.197619608;FBK84.90;95.10;84.00146484375
237.217584861;FBK84.81;95.10;83.8714599609375
237.237567162;FBK84.55;95.27;83.8714599609375
237.257564591;FBK84.46;95.45;83.7359619140625
237.276079196;ACK83.59;96.41;83.5894775390625
237.277753122;FBK84.37;95.45;83.5894775390625
237.297545217;FBK84.37;95.45;83.470458984375
237.3176401;FBK84.37;95.54;83.470458984375
237.337644661;FBK84.20;95.62;83.1829833984375
237.357521896;FBK84.02;95.89;83.0548095703125
237.37630053;ACK82.90;97.10;82.8955078125
237.378097114;FBK83.85;95.98;82.8955078125
237.397801389;FBK83.85;95.98;82.7032470703125
237.41815442;FBK83.85;95.98;82.3004150390625
237.437968782;FBK83.67;96.24;82.03857421875
237.457431517;FBK83.41;96.50;81.4837646484375
237.476410308;ACK81.15;98.85;81.15234375
237.478120568;FBK83.23;96.68;80.987548828125
237.497444909;FBK83.14;96.68;80.650634765625
237.51745063;FBK83.14;96.68;80.291748046875
237.537498505;FBK82.88;96.86;79.84130859375
237.557434469;FBK82.44;97.29;79.442138671875
237.576859239;ACK78.08;101.92;76.9647216796875
237.578426276;FBK82.00;97.82;76.9647216796875
237.59838722;FBK81.65;98.09;73.1268310546875
237.61837375;FBK81.39;98.44;71.0394287109375
237.638371539;FBK81.04;98.70;68.5894775390625
237.658336352;FBK80.51;99.32;67.3443603515625
237.677093752;ACK66.40;113.60;66.397705078125
237.678689895;FBK79.89;99.93;66.0498046875
237.698438147;FBK79.28;100.46;65.5792236328125
237.718425061;FBK78.66;101.07;65.2789306640625
237.738416805;FBK78.05;101.69;65.0628662109375
237.758544511;FBK77.26;102.48;64.8907470703125
237.778302039;ACK64.89;115.11;64.8907470703125
237.779103804;FBK76.29;103.54;64.8907470703125
237.798368912;FBK75.23;104.59;64.8907470703125
237.818994891;FBK73.92;105.91;64.8907470703125
237.839214614;FBK72.51;107.31;64.7552490234375
237.858336659;FBK71.10;108.63;64.7552490234375
237.877417413;ACK64.76;115.24;64.7552490234375
237.879847816;FBK69.70;110.13;64.7552490234375
237.898337482;FBK68.55;111.18;64.7552490234375
237.918332807;FBK67.59;112.24;64.7552490234375
237.938311822;FBK66.80;113.03;64.7552490234375
237.958307052;FBK66.09;113.73;64.7552490234375
237.97832387;FBK65.48;114.26;64.7552490234375
237.998317053;FBK65.21;114.61;64.7552490234375
238.018309181;FBK65.13;114.79;64.7552490234375
238.038284517;FBK65.13;114.79;64.7552490234375
238.058254448;FBK65.13;114.79;64.7552490234375
238.078221053;FBK65.13;114.79;64.7552490234375
238.098227765;FBK65.13;114.79;64.7552490234375
238.118627299;FBK65.13;114.79;64.7552490234375
238.138195548;FBK65.13;114.79;64.7552490234375
238.158855302;FBK65.13;114.79;64.7552490234375
238.178547551;ACK64.25;115.75;63.4991455078125
238.18050031;FBK65.13;114.79;63.4991455078125
238.20008695;FBK65.13;114.79;60.3314208984375
238.219740115;FBK64.95;114.79;58.5205078125
238.239188105;FBK64.78;115.05;56.9384765625
238.259152439;FBK64.60;115.22;56.3250732421875
238.278330807;ACK55.94;124.06;55.938720703125
238.280047624;FBK64.60;115.31;55.7977294921875
238.299422116;FBK64.60;115.31;55.587158203125
238.319187383;FBK64.42;115.31;55.43701171875
238.339206441;FBK64.16;115.49;55.43701171875
238.359086018;FBK63.81;115.93;55.43701171875
238.378528992;ACK55.31;124.69;55.3070068359375
238.380261802;FBK63.11;116.54;55.3070068359375
238.3993164;FBK62.49;117.25;55.3070068359375
238.419060822;FBK61.52;118.21;55.3070068359375
238.439142192;FBK60.56;119.27;55.3070068359375
238.459149135;FBK59.41;120.41;55.1824951171875
238.47870722;ACK55.18;124.82;55.1824951171875
238.480402224;FBK58.36;121.46;55.1824951171875
238.500460853;FBK57.48;122.34;55.1824951171875
238.520055208;FBK56.78;123.05;55.1824951171875
238.540072898;FBK56.25;123.57;55.1824951171875
238.560253736;FBK55.81;124.01;55.1824951171875
238.580658076;FBK55.55;124.28;55.1824951171875
238.600722846;FBK55.46;124.37;55.1824951171875
238.619990296;FBK55.46;124.37;55.1824951171875
238.639964041;FBK55.46;124.37;55.1824951171875
238.659950962;FBK55.46;124.45;55.1824951171875
238.68025756;FBK55.46;124.45;55.1824951171875
238.700223213;FBK55.46;124.45;55.1824951171875
238.720235401;FBK55.46;124.45;55.1824951171875
238.739917647;FBK55.46;124.45;55.1824951171875
238.759884835;FBK55.46;124.45;55.1824951171875
238.780185228;FBK55.46;124.45;55.1824951171875
238.800135688;FBK55.46;124.45;55.1824951171875
238.819901315;FBK55.46;124.45;55.6732177734375
238.839835144;FBK55.46;124.45;56.773681640625
238.859778344;FBK55.46;124.45;59.542236328125
238.879339084;ACK61.86;118.14;61.864013671875
238.880729157;FBK55.46;124.45;63.11279296875
238.89980995;FBK55.46;124.45;65.5517578125
238.919799142;FBK55.46;124.45;67.3406982421875
238.940452251;FBK55.46;124.37;69.195556640625
238.960535156;FBK55.63;124.28;70.78125
238.979441287;ACK71.28;108.72;71.7315673828125
238.981800623;FBK55.90;124.01;71.7315673828125
239.001058126;FBK56.69;123.13;73.2696533203125
239.020754828;FBK57.66;122.08;74.9908447265625
239.040728828;FBK58.71;120.94;77.8033447265625
239.060721731;FBK59.94;119.71;79.7296142578125
239.079270381;ACK81.20;98.80;81.199951171875
239.080956878;FBK61.44;118.30;81.7913818359375
239.100974152;FBK62.93;116.81;82.8643798828125
239.12069756;FBK64.60;115.22;83.785400390625
239.140733225;FBK66.36;113.55;84.0234375
239.160657267;FBK68.20;111.62;84.52880859375
239.180227666;ACK84.53;95.47;84.52880859375
239.181349907;FBK70.05;109.69;84.52880859375
239.20161272;FBK71.89;108.02;84.7119140625
239.221323463;FBK73.65;106.26;84.7119140625
239.241261226;FBK75.32;104.50;84.7119140625
239.260617142;FBK76.90;102.83;84.7119140625
239.279787586;ACK84.71;95.29;84.7119140625
239.281603232;FBK78.49;101.34;84.7119140625
239.300884947;FBK79.72;100.11;84.7119140625
239.320520529;FBK80.95;98.88;84.5892333984375
239.340483303;FBK81.91;97.91;84.5892333984375
239.360653746;FBK82.79;97.03;85.9661865234375
239.379753256;ACK86.39;93.61;86.8377685546875
239.381378121;FBK83.41;96.42;86.8377685546875
239.400448974;FBK83.85;95.98;87.637939453125
239.420489252;FBK84.20;95.62;88.53515625
239.440536278;FBK84.64;95.19;88.9947509765625
239.460702795;FBK85.17;94.66;89.40673828125
239.480810014;ACK89.73;90.27;89.725341796875
239.481742402;FBK85.61;94.22;89.725341796875
239.50148069;FBK85.87;93.96;89.9688720703125
239.521936179;FBK85.96;93.87;90.780029296875
239.541963631;FBK86.31;93.60;91.7742919921875
239.561967543;FBK86.75;93.16;93.6639404296875
239.580385994;ACK94.38;85.62;95.115966796875
239.582116789;FBK87.28;92.55;95.115966796875
239.601601287;FBK87.98;91.93;98.4063720703125
239.621336121;FBK88.59;91.23;100.711669921875
239.641326312;FBK89.30;90.44;103.6138916015625
239.661583247;FBK90.18;89.56;105.1922607421875
239.680525878;ACK106.37;73.63;106.3677978515625
239.682088759;FBK91.23;88.59;106.8988037109375
239.701308176;FBK92.11;87.71;107.8033447265625
239.721247865;FBK92.81;87.01;108.695068359375
239.741538703;FBK93.78;86.04;109.090576171875
239.761268643;FBK94.75;85.08;109.3304443359375
239.780728769;ACK109.33;70.67;109.5391845703125
239.782320947;FBK95.98;83.76;109.5391845703125
239.802506974;FBK97.38;82.44;109.7149658203125
239.822501707;FBK98.88;80.86;109.7149658203125
239.84231698;FBK100.46;79.28;109.7149658203125
239.86227717;FBK102.04;77.70;109.9017333984375
239.88099905;ACK110.28;69.72;110.614013671875
239.88260255;FBK103.45;76.29;110.614013671875
239.902597795;FBK104.77;75.06;111.4068603515625
239.922294152;FBK105.91;73.83;112.7783203125
239.942311242;FBK106.96;72.86;113.4979248046875
239.962737946;FBK107.84;71.89;114.2156982421875
239.981072184;ACK114.39;65.61;114.3914794921875
239.983447737;FBK108.63;71.19;114.3914794921875
240.002563303;FBK109.16;70.66;115.162353515625
240.022588581;FBK109.60;70.14;116.05224609375
240.042151598;FBK110.21;69.61;118.0682373046875
240.062487405;FBK110.92;68.99;120.1116943359375
240.08136674;ACK122.29;57.71;123.197021484375
240.082949003;FBK111.71;68.12;123.197021484375
240.102190073;FBK112.41;67.41;124.6636962890625
240.122144763;FBK113.12;66.71;125.99853515625
240.14215827;FBK113.91;66.01;126.514892578125
240.162161351;FBK114.87;64.95;126.9415283203125
240.181523223;ACK126.94;53.06;127.1209716796875
240.183170957;FBK116.02;63.90;127.1209716796875
240.203131307;FBK117.16;62.67;127.1209716796875
240.223117884;FBK118.39;61.35;127.3260498046875
240.243052968;FBK119.79;60.03;127.3260498046875
240.263376268;FBK121.11;58.71;127.3260498046875
240.281938742;ACK127.33;52.67;127.3260498046875
240.28336985;FBK122.34;57.48;127.3260498046875
240.303059459;FBK123.40;56.43;127.3260498046875
240.323045588;FBK124.37;55.46;127.3260498046875
240.343031622;FBK125.16;54.67;127.3260498046875
240.363424135;FBK125.86;53.96;127.3260498046875
240.383799768;FBK126.39;53.44;127.3260498046875
240.403731564;FBK126.65;53.17;127.3260498046875
240.423586408;FBK126.83;53.09;127.3260498046875
240.443023193;FBK126.91;53.00;127.3260498046875
240.463001333;FBK126.91;53.00;127.3260498046875
240.482949633;FBK126.91;53.00;127.3260498046875
240.502937432;FBK126.91;53.00;127.3260498046875
240.522921969;FBK126.91;53.00;127.3260498046875
240.54293542;FBK126.91;53.00;127.3260498046875
240.563057167;FBK126.91;53.00;128.3935546875
240.582726889;ACK130.36;49.64;144.832763671875
240.584421767;FBK126.91;53.00;144.832763671875
240.602894277;FBK126.91;53.00;149.9981689453125
240.623532879;FBK126.91;52.91;149.9981689453125
240.643512395;FBK127.09;52.73;149.9981689453125
240.663080825;FBK127.62;52.21;149.9981689453125
240.682256464;ACK150.00;30.00;149.9981689453125
240.684587176;FBK128.14;51.59;149.9981689453125
240.703868329;FBK128.76;51.06;149.9981689453125
240.723821362;FBK129.37;50.45;149.9981689453125
240.743827904;FBK129.99;49.75;149.9981689453125
240.763814616;FBK130.87;48.96;149.9981689453125
240.783828066;FBK131.92;47.90;149.9981689453125
240.803816729;FBK133.15;46.76;149.9981689453125
240.823796277;FBK134.47;45.35;148.619384765625
240.843776177;FBK136.05;43.77;148.0023193359375
240.863762953;FBK137.72;42.10;147.6123046875
240.882636889;ACK147.34;32.66;147.3431396484375
240.884331319;FBK139.57;40.34;147.3431396484375
240.903742997;FBK141.24;38.67;147.1856689453125
240.923726575;FBK142.82;37.09;147.044677734375
240.943730718;FBK144.32;35.60;147.044677734375
240.963709754;FBK145.55;34.37;146.920166015625
240.982837577;ACK146.92;33.08;146.920166015625
240.984520621;FBK146.60;33.22;146.920166015625
241.003658551;FBK147.57;32.34;146.920166015625
241.023691639;FBK148.36;31.55;146.920166015625
241.044320775;FBK148.89;31.03;144.462890625
241.063657803;FBK149.24;30.59;140.3778076171875
241.083030781;ACK136.37;43.63;134.8114013671875
241.084701766;FBK149.50;30.41;134.8114013671875
241.104648019;FBK149.50;30.41;132.572021484375
241.124612055;FBK149.33;30.50;129.854736328125
241.144631294;FBK149.15;30.76;127.71240234375
241.164644713;FBK148.62;30.94;123.71337890625
241.183200796;ACK119.61;60.39;119.6063232421875
241.184879938;FBK147.74;31.82;119.6063232421875
241.204597251;FBK146.69;32.96;102.7020263671875
241.224593079;FBK145.46;34.19;99.0289306640625
241.244572083;FBK144.05;35.60;95.350341796875
241.26455566;FBK142.56;37.09;93.77197265625
241.283213452;ACK92.70;87.30;92.2760009765625
241.28494156;FBK140.80;38.94;92.2760009765625
241.304490928;FBK138.96;40.78;91.7047119140625
241.324495103;FBK136.85;42.80;91.2066650390625
241.344674932;FBK134.65;45.09;91.0162353515625
241.364495681;FBK132.28;47.55;90.8843994140625
241.383374582;ACK90.75;89.25;90.75439453125
241.385230978;FBK129.55;50.19;90.75439453125
241.40465181;FBK126.91;52.82;90.75439453125
241.424483024;FBK124.01;55.72;90.75439453125
241.444487718;FBK120.94;58.97;90.633544921875
241.464473893;FBK117.86;62.05;90.4925537109375
241.483527808;ACK90.49;89.51;90.3131103515625
241.485308403;FBK114.79;65.13;90.3131103515625
241.504435017;FBK111.97;67.76;90.10986328125
241.524411341;FBK109.42;70.49;89.71435546875
241.544407687;FBK107.05;72.95;89.571533203125
241.56438561;FBK104.59;75.23;89.2913818359375
241.58373998;ACK89.11;90.89;89.1082763671875
241.585567398;FBK102.39;77.52;89.1082763671875
241.605394039;FBK100.55;79.54;88.4674072265625
241.625260084;FBK98.70;81.39;87.960205078125
241.645359609;FBK96.94;82.97;87.257080078125
241.665243852;FBK95.36;84.55;86.8524169921875
241.684615013;ACK86.33;93.67;85.9881591796875
241.686220593;FBK93.96;85.96;85.9881591796875
241.705809531;FBK92.72;87.10;84.664306640625
241.725218785;FBK91.67;88.24;80.5224609375
241.745197636;FBK90.62;89.38;77.74658203125
241.765184866;FBK89.56;90.35;73.6248779296875
241.784391568;ACK71.40;108.60;71.396484375
241.785945398;FBK88.59;91.32;71.396484375
241.805128559;FBK87.89;92.02;69.0655517578125
241.825142016;FBK87.28;92.64;68.148193359375
241.845116102;FBK86.57;93.34;67.3406982421875
241.865090667;FBK85.69;94.22;67.0147705078125
241.88464583;ACK66.82;113.18;66.8170166015625
241.886123283;FBK84.64;95.27;66.8170166015625
241.906073413;FBK83.41;96.50;66.6815185546875
241.926080729;FBK82.09;97.91;66.558837890625
241.946094602;FBK80.51;99.40;66.558837890625
241.966193296;FBK78.84;100.99;66.558837890625
241.984784791;ACK66.44;113.56;66.4398193359375
241.987130537;FBK76.99;102.74;66.4398193359375
242.006776854;FBK75.41;104.50;66.3189697265625
242.026118974;FBK73.83;106.08;66.1541748046875
242.04614177;FBK72.25;107.58;66.01318359375
242.066151293;FBK70.93;108.81;66.01318359375
242.084992677;ACK66.01;113.99;65.888671875
242.086679943;FBK69.79;110.04;65.888671875
242.106125115;FBK68.82;110.92;65.888671875
242.126099392;FBK68.03;111.80;65.888671875
242.146077379;FBK67.32;112.41;65.7623291015625
242.166074077;FBK66.88;112.94;65.7623291015625
242.185164294;ACK65.76;114.24;65.7623291015625
242.186807327;FBK66.53;113.29;65.7623291015625
242.206074445;FBK66.45;113.47;65.7623291015625
242.226017442;FBK66.27;113.55;65.7623291015625
242.246041358;FBK66.09;113.64;65.7623291015625
242.266167014;FBK66.01;113.82;65.7623291015625
242.286007855;FBK66.01;113.82;65.7623291015625
242.306675826;FBK66.01;113.82;65.7623291015625
242.325994278;FBK66.01;113.82;65.7623291015625
242.345990624;FBK66.01;113.82;65.7623291015625
242.36597213;FBK66.01;113.82;65.7623291015625
242.386267018;FBK66.01;113.82;65.7623291015625
242.406245428;FBK66.01;113.82;65.7623291015625
242.426229179;FBK66.01;113.82;65.7623291015625
242.446020484;FBK66.01;113.82;65.7623291015625
242.465940524;FBK66.01;113.82;65.7623291015625
242.485901342;FBK66.01;113.82;65.7623291015625
242.506185804;FBK66.01;113.82;65.7623291015625
242.526176239;FBK66.01;113.82;65.7623291015625
242.546041107;FBK66.01;113.82;65.7623291015625
242.565876166;FBK66.01;113.82;65.7623291015625
242.586473395;FBK66.01;113.82;65.7623291015625
242.606132704;FBK66.01;113.82;66.2860107421875
242.626129152;FBK66.01;113.82;67.042236328125
242.645843697;FBK66.01;113.82;68.115234375
242.665813759;FBK66.01;113.82;68.7066650390625
242.687304356;FBK66.01;113.82;69.495849609375
242.687711892;ACK69.23;110.77;69.495849609375
242.705803937;FBK66.01;113.82;69.9700927734375
242.726089998;FBK66.01;113.82;71.57958984375
242.746033961;FBK66.01;113.73;72.7569580078125
242.766378424;FBK66.09;113.64;75.435791015625
242.787824404;FBK66.45;113.38;77.4151611328125
242.788741728;ACK77.42;102.58;78.43505859375
242.805763183;FBK67.06;112.68;80.16357421875
242.825718404;FBK67.85;111.88;81.5478515625
242.845730621;FBK68.55;111.18;83.499755859375
242.865719329;FBK69.43;110.21;84.356689453125
242.887425785;FBK70.58;109.25;85.341796875
242.887824142;ACK85.05;94.95;85.341796875
242.905953959;FBK71.72;108.02;85.869140625
242.925945578;FBK73.04;106.70;86.4935302734375
242.945950342;FBK74.36;105.29;86.8450927734375
242.965911001;FBK75.94;103.89;87.088623046875
242.987366384;FBK77.43;102.30;87.28271484375
242.987797077;ACK87.28;92.72;87.28271484375
243.005657559;FBK78.84;100.90;87.28271484375
243.026080766;FBK80.24;99.58;87.484130859375
243.045500805;FBK81.65;98.17;87.6983642578125
243.065476144;FBK82.79;96.94;87.6983642578125
243.086876388;FBK83.94;95.80;87.8741455078125
243.087251044;ACK87.87;92.13;87.8741455078125
243.105462196;FBK84.90;94.92;87.8741455078125
243.125452664;FBK85.61;94.13;87.8741455078125
243.145720526;FBK86.31;93.43;87.8741455078125
243.165739363;FBK86.84;92.99;87.8741455078125
243.185478439;FBK87.19;92.64;87.8741455078125
243.205421186;FBK87.36;92.55;87.8741455078125
243.226005655;FBK87.45;92.46;87.685546875
243.245911174;FBK87.54;92.46;87.5445556640625
243.266041857;FBK87.54;92.46;87.5445556640625
243.287591977;FBK87.54;92.46;87.5445556640625
243.288186265;ACK87.54;92.46;87.5445556640625
243.305399271;FBK87.54;92.46;87.5445556640625
243.325370196;FBK87.54;92.46;87.5445556640625
243.345341314;FBK87.54;92.46;87.9034423828125
243.365414491;FBK87.54;92.46;88.2952880859375
243.385352319;FBK87.54;92.46;88.7933349609375
243.387030183;ACK88.79;91.21;88.7933349609375
243.405363102;FBK87.54;92.46;89.080810546875
243.425317019;FBK87.54;92.46;89.3060302734375
243.445423562;FBK87.54;92.37;89.578857421875
243.465368683;FBK87.71;92.02;89.8223876953125
243.485528478;FBK88.15;91.67;90.0128173828125
243.487245874;ACK89.82;90.18;90.0128173828125
243.505257869;FBK88.33;91.49;90.0128173828125
243.525916354;FBK88.51;91.41;90.0128173828125
243.545241408;FBK88.68;91.14;90.0128173828125
243.565243332;FBK89.03;90.79;90.1885986328125
243.585246151;FBK89.21;90.62;90.1885986328125
243.587425871;ACK90.19;89.81;90.1885986328125
243.605219226;FBK89.38;90.44;90.1885986328125
243.625121745;FBK89.47;90.44;90.1885986328125
243.645190195;FBK89.56;90.26;90.1885986328125
243.665187161;FBK89.74;90.09;90.1885986328125
243.685178179;FBK89.91;90.09;90.1885986328125
243.705162032;FBK89.91;90.09;90.1885986328125
243.725190727;FBK89.91;90.09;90.1885986328125
243.745224602;FBK89.91;90.09;90.1885986328125
243.76515789;FBK89.91;90.09;90.1885986328125
243.785124855;FBK89.91;90.09;90.1885986328125
243.805132856;FBK89.91;90.09;90.1885986328125
243.825158064;FBK89.91;90.09;90.1885986328125
243.8451147;FBK89.91;90.09;90.1885986328125
243.865165143;FBK89.91;90.09;90.1885986328125
243.885086308;FBK89.91;90.09;90.1885986328125
243.905113211;FBK89.91;90.09;90.0164794921875
243.925064889;FBK89.91;90.09;89.886474609375
243.945674887;FBK89.91;90.09;89.886474609375
243.96556813;FBK89.91;90.09;89.765625
243.985014146;FBK89.91;90.09;89.765625
243.987958564;ACK89.77;90.23;89.765625
244.00501994;FBK89.91;90.09;89.765625
244.025022536;FBK89.91;90.09;89.765625
244.044971911;FBK89.91;90.09;89.765625
244.064922885;FBK89.91;90.09;89.765625
244.085016058;FBK89.91;90.09;89.765625
244.104961019;FBK89.91;90.09;89.765625
244.125521443;FBK89.91;90.09;89.765625
244.144948556;FBK89.91;90.09;89.765625
244.164947218;FBK89.91;90.09;89.765625
244.184912552;FBK89.91;90.09;90.3570556640625
244.189040079;ACK90.36;89.64;90.3570556640625
244.204934498;FBK89.91;90.09;90.75439453125
244.224888223;FBK89.91;90.09;91.519775390625
244.244874443;FBK89.91;90.09;92.193603515625
244.264872721;FBK89.91;90.09;92.9315185546875
244.284856382;FBK89.91;89.91;93.1072998046875
244.288550338;ACK93.11;86.89;93.37646484375
244.304816663;FBK89.91;89.82;93.37646484375
244.324911724;FBK89.91;89.74;93.5595703125
244.344848305;FBK90.09;89.56;93.5595703125
244.364818757;FBK90.53;89.21;93.739013671875
244.384856284;FBK91.05;88.68;93.739013671875
244.388945336;ACK93.74;86.26;93.739013671875
244.405380444;FBK91.67;88.07;93.739013671875
244.425350455;FBK92.20;87.63;93.739013671875
244.444854239;FBK92.72;87.19;93.739013671875
244.464782479;FBK93.08;86.75;93.739013671875
244.484931886;FBK93.25;86.57;93.739013671875
244.505048126;FBK93.34;86.57;94.3121337890625
244.525022102;FBK93.43;86.57;94.5611572265625
244.544778046;FBK93.43;86.57;95.137939453125
244.564707629;FBK93.43;86.57;95.68359375
244.58470876;FBK93.43;86.57;96.50390625
244.589524512;ACK96.50;83.50;96.50390625
244.604968574;FBK93.43;86.57;96.910400390625
244.624976965;FBK93.43;86.57;97.1575927734375
244.645595253;FBK93.43;86.31;97.3590087890625
244.66494446;FBK93.87;85.96;97.5311279296875
244.684936188;FBK94.39;85.43;97.5311279296875
244.69012228;ACK97.53;82.47;97.5311279296875
244.704700191;FBK95.01;84.81;97.745361328125
244.724634732;FBK95.45;84.29;98.236083984375
244.744613698;FBK95.98;83.76;100.037841796875
244.764604498;FBK96.50;83.32;102.0208740234375
244.784603006;FBK96.94;82.97;106.300048828125
244.790078102;ACK106.30;73.70;106.300048828125
244.804673989;FBK97.03;82.79;108.9404296875
244.8245555;FBK97.12;82.79;112.0458984375
244.844655461;FBK97.21;82.71;113.3953857421875
244.865155441;FBK97.65;82.18;114.5709228515625
244.884506151;FBK98.17;81.65;115.01953125
244.89032165;ACK115.02;64.98;115.01953125
244.904557528;FBK98.88;80.95;115.3070068359375
244.924525396;FBK99.76;79.98;115.4791259765625
244.944603479;FBK100.72;79.01;115.6640625
244.964607552;FBK101.95;77.78;115.6640625
244.984594258;FBK103.27;76.46;115.6640625
244.99062344;ACK115.66;64.34;115.6640625
245.004584067;FBK104.77;74.88;115.6640625
245.024556348;FBK106.44;73.30;115.84716796875
245.044497445;FBK108.02;71.72;115.84716796875
245.064531039;FBK109.51;70.22;115.84716796875
245.08482578;FBK110.83;68.91;115.84716796875
245.091453441;ACK115.85;64.15;115.84716796875
245.104537235;FBK111.97;67.76;116.02294921875
245.124502608;FBK112.85;66.80;116.2738037109375
245.144483812;FBK113.73;66.01;117.1820068359375
245.164674478;FBK114.43;65.39;117.8924560546875
245.184758703;FBK114.87;64.86;118.6102294921875
245.191018615;ACK118.61;61.39;118.6102294921875
245.20507612;FBK115.22;64.60;118.86474609375
245.225068871;FBK115.40;64.42;119.0643310546875
245.244414336;FBK115.58;64.16;119.0643310546875
245.264455606;FBK115.93;63.81;119.0643310546875
245.284706849;FBK116.46;63.28;119.0643310546875
245.291465643;ACK119.06;60.94;118.9215087890625
245.304442931;FBK116.98;62.67;118.2550048828125
245.324410958;FBK117.51;62.23;117.242431640625
245.344394178;FBK118.04;61.70;114.83642578125
245.364412516;FBK118.39;61.44;111.9268798828125
245.384398812;FBK118.56;61.35;95.88134765625
245.39142237;ACK95.88;84.12;95.88134765625
245.404390322;FBK118.56;61.26;94.779052734375
245.424373548;FBK118.56;61.26;93.182373046875
245.444373565;FBK118.48;61.26;92.548828125
245.464368145;FBK118.39;61.35;91.9207763671875
245.484354345;FBK118.12;61.35;91.790771484375
245.491864055;ACK91.79;88.21;91.5875244140625
245.504424662;FBK117.60;61.96;91.435546875
245.524340403;FBK116.72;63.02;91.1956787109375
245.544375986;FBK115.75;64.07;90.758056640625
245.564310276;FBK114.52;65.30;90.3350830078125
245.584369144;FBK113.20;66.62;89.4378662109375
245.591928108;ACK89.44;90.56;89.073486328125
245.604983632;FBK111.71;68.20;88.7347412109375
245.624975109;FBK109.95;69.96;87.828369140625
245.645046866;FBK108.11;71.81;87.4200439453125
245.664486944;FBK106.17;73.83;87.0849609375
245.6842538;FBK103.97;76.11;87.0849609375
245.6921445;ACK87.08;92.92;87.0849609375
245.704237506;FBK101.78;78.13;87.0849609375
245.724146242;FBK99.84;80.16;86.96044921875
245.74412371;FBK97.91;82.00;86.96044921875
245.764089025;FBK96.06;83.76;86.96044921875
245.784052581;FBK94.39;85.43;86.96044921875
245.792344164;ACK86.96;93.04;86.96044921875
245.804048216;FBK92.90;87.01;86.96044921875
245.824231724;FBK91.67;88.24;86.96044921875
245.844100448;FBK90.53;89.38;86.96044921875
245.864241641;FBK89.56;90.35;86.96044921875
245.884060311;FBK88.68;91.14;86.96044921875
245.904720792;FBK88.07;91.76;86.96044921875
245.924532489;FBK87.63;92.20;86.96044921875
245.944036983;FBK87.36;92.46;87.132568359375
245.963941912;FBK87.28;92.55;87.132568359375
245.983976984;FBK87.28;92.64;87.132568359375
245.992729772;ACK87.13;92.87;87.132568359375
246.003953205;FBK87.28;92.64;87.132568359375
246.023947785;FBK87.28;92.64;87.132568359375
246.043934497;FBK87.28;92.64;87.132568359375
246.063929908;FBK87.28;92.64;87.132568359375
246.083940192;FBK87.28;92.64;87.132568359375
246.103820558;FBK87.28;92.64;87.132568359375
246.123896025;FBK87.28;92.64;87.132568359375
246.143901736;FBK87.28;92.64;87.132568359375
246.163868394;FBK87.28;92.64;87.132568359375
246.18385872;FBK87.28;92.64;87.132568359375
246.203854131;FBK87.28;92.64;87.132568359375
246.223928287;FBK87.28;92.64;87.132568359375
246.243830178;FBK87.28;92.64;87.132568359375
246.263811709;FBK87.28;92.64;87.132568359375
246.283892964;FBK87.28;92.64;87.132568359375
246.304658064;FBK87.28;92.64;87.132568359375
246.324508781;FBK87.28;92.64;87.132568359375
246.343787854;FBK87.28;92.64;87.132568359375
246.363776389;FBK87.28;92.64;87.132568359375
246.383775164;FBK87.28;92.64;87.132568359375
246.403752735;FBK87.28;92.64;87.132568359375
246.423721542;FBK87.28;92.64;87.132568359375
246.443794903;FBK87.28;92.64;87.132568359375
246.463692546;FBK87.28;92.64;87.132568359375
246.483715917;FBK87.28;92.64;87.132568359375
246.503694415;FBK87.28;92.64;87.132568359375
246.523843291;FBK87.28;92.64;87.132568359375
246.543743045;FBK87.28;92.64;87.132568359375
246.564341995;FBK87.28;92.64;87.132568359375
246.584277411;FBK87.28;92.64;87.132568359375
246.603667184;FBK87.28;92.64;87.132568359375
246.623623901;FBK87.28;92.64;87.132568359375
246.643631153;FBK87.28;92.64;87.132568359375
246.663615504;FBK87.28;92.64;87.132568359375
246.683599503;FBK87.28;92.64;87.132568359375
246.703623482;FBK87.28;92.64;87.132568359375
246.723591777;FBK87.28;92.64;87.132568359375
246.743552428;FBK87.28;92.64;87.132568359375
246.763547813;FBK87.28;92.64;87.132568359375
246.783525895;FBK87.28;92.64;87.132568359375
246.803528797;FBK87.28;92.64;87.132568359375
246.82356493;FBK87.28;92.64;87.132568359375
246.843621468;FBK87.28;92.64;87.132568359375
246.863499441;FBK87.28;92.64;87.132568359375
246.883539539;FBK87.28;92.64;87.132568359375
246.904210005;FBK87.28;92.64;87.132568359375
246.924115708;FBK87.28;92.64;87.132568359375
246.943683503;FBK87.28;92.64;87.132568359375
246.963453531;FBK87.28;92.64;87.132568359375
246.983413703;FBK87.28;92.64;87.132568359375
247.003419515;FBK87.28;92.64;87.132568359375
247.023393791;FBK87.28;92.64;87.132568359375
247.043409774;FBK87.28;92.64;87.132568359375
247.063366587;FBK87.28;92.64;87.132568359375
247.08339773;FBK87.28;92.64;87.132568359375
247.103388222;FBK87.28;92.64;87.132568359375
247.123355493;FBK87.28;92.64;87.132568359375
247.14334042;FBK87.28;92.64;87.132568359375
247.163351925;FBK87.28;92.64;87.132568359375
247.183426886;FBK87.28;92.64;87.132568359375
247.20335856;FBK87.28;92.64;87.132568359375
247.223470526;FBK87.28;92.64;87.132568359375
247.24349911;FBK87.28;92.64;87.132568359375
247.263920711;FBK87.28;92.64;87.132568359375
247.283922141;FBK87.28;92.64;87.132568359375
247.303269216;FBK87.28;92.64;87.132568359375
247.323214131;FBK87.28;92.64;87.132568359375
247.343266064;FBK87.28;92.64;87.132568359375
247.363230681;FBK87.28;92.64;87.132568359375
247.38326554;FBK87.28;92.64;87.132568359375
247.403238446;FBK87.28;92.64;87.132568359375
247.423209881;FBK87.28;92.64;87.132568359375
247.443224239;FBK87.28;92.64;87.132568359375
247.463180482;FBK87.28;92.64;86.590576171875
247.483179263;FBK87.28;92.64;85.4644775390625
247.49471883;ACK84.84;95.16;84.140625
247.503163939;FBK87.28;92.64;83.3990478515625
247.523447664;FBK87.28;92.64;81.7730712890625
247.543735706;FBK87.28;92.64;79.8834228515625
247.563891015;FBK86.92;92.90;79.090576171875
247.58313562;FBK86.48;93.43;78.369140625
247.595889513;ACK78.20;101.80;78.197021484375
247.603413427;FBK85.96;93.87;78.046875
247.623377442;FBK85.52;94.31;77.354736328125
247.643112326;FBK85.08;94.75;76.640625
247.663074934;FBK84.55;95.27;75.7196044921875
247.683081487;FBK83.85;96.06;75.3314208984375
247.695649138;ACK75.19;104.81;75.1922607421875
247.703335083;FBK82.97;96.94;75.0128173828125
247.72333009;FBK81.91;98.00;74.8663330078125
247.743016774;FBK80.77;99.05;74.72900390625
247.763124012;FBK79.63;100.11;74.359130859375
247.783213307;FBK78.57;101.25;72.2369384765625
247.795843647;ACK71.49;108.51;71.4898681640625
247.803499142;FBK77.61;102.22;70.74462890625
247.823155954;FBK76.82;103.01;68.96484375
247.843701784;FBK76.11;103.71;68.291015625
247.863176672;FBK75.23;104.59;67.7178955078125
247.883071155;FBK74.36;105.47;67.598876953125
247.896074712;ACK67.42;112.58;67.415771484375
247.903016363;FBK73.48;106.26;67.28759765625
247.92307828;FBK72.77;106.87;67.28759765625
247.94307655;FBK72.07;107.58;67.28759765625
247.96303484;FBK71.28;108.37;67.1502685546875
247.983021723;FBK70.40;109.25;67.1502685546875
247.996329798;ACK67.15;112.85;67.1502685546875
248.003222258;FBK69.61;110.04;67.1502685546875
248.02299517;FBK68.91;110.74;67.1502685546875
248.043014229;FBK68.29;111.36;67.1502685546875
248.062965994;FBK67.85;111.80;67.1502685546875
248.082968549;FBK67.59;112.15;67.1502685546875
248.103014922;FBK67.50;112.32;67.1502685546875
248.122970813;FBK67.50;112.41;67.1502685546875
248.142932174;FBK67.50;112.41;69.2523193359375
248.163624298;FBK67.50;112.41;71.282958984375
248.183616075;FBK67.50;112.41;75.794677734375
248.196274752;ACK77.22;102.78;77.215576171875
248.202855179;FBK67.50;112.41;78.4918212890625
248.223598093;FBK67.50;112.41;81.4617919921875
248.242884981;FBK67.50;112.41;82.943115234375
248.262853985;FBK67.50;112.41;84.5599365234375
248.282868023;FBK67.68;112.24;85.374755859375
248.296931425;ACK85.72;94.28;86.0284423828125
248.302852155;FBK68.12;111.80;86.3690185546875
248.322916183;FBK68.91;110.83;86.9000244140625
248.34280283;FBK69.96;109.86;87.2479248046875
248.362803178;FBK71.02;108.81;87.491455078125
248.382813895;FBK72.33;107.40;87.9144287109375
248.396455179;ACK87.91;92.09;87.9144287109375
248.402801903;FBK73.83;106.00;88.2220458984375
248.422773631;FBK75.50;104.24;88.648681640625
248.442798325;FBK77.26;102.48;88.88671875
248.46272131;FBK78.93;100.72;89.1082763671875
248.482717186;FBK80.60;99.23;89.1082763671875
248.496647092;ACK89.11;90.89;89.2913818359375
248.50263515;FBK82.09;97.73;89.2913818359375
248.522625173;FBK83.41;96.42;89.2913818359375
248.543330512;FBK84.64;95.27;89.2913818359375
248.562622907;FBK85.61;94.13;89.2913818359375
248.582718508;FBK86.57;93.16;89.2913818359375
248.597055951;ACK89.29;90.71;89.2913818359375
248.60278574;FBK87.36;92.46;89.2913818359375
248.622586036;FBK87.98;91.85;89.2913818359375
248.642562849;FBK88.42;91.41;89.2913818359375
248.662544621;FBK88.68;91.14;89.2913818359375
248.682549197;FBK88.86;91.14;89.2913818359375
248.702483504;FBK88.95;91.14;89.2913818359375
248.722510596;FBK88.95;91.14;89.2913818359375
248.742514564;FBK88.95;91.14;89.2913818359375
248.762489939;FBK88.95;91.14;89.2913818359375
248.782623825;FBK88.95;91.14;89.2913818359375
248.802478557;FBK88.95;91.14;89.2913818359375
248.823351267;FBK88.95;91.14;89.2913818359375
248.843367549;FBK88.95;91.14;89.2913818359375
248.862717034;FBK88.95;91.14;89.2913818359375
248.882723944;FBK88.95;91.14;89.2913818359375
248.902709714;FBK88.95;91.14;89.2913818359375
248.922392085;FBK88.95;91.14;89.2913818359375
248.942403314;FBK88.95;91.14;89.2913818359375
248.962393721;FBK88.95;91.14;89.2913818359375
248.982630211;FBK88.95;91.14;89.2913818359375
249.002643902;FBK88.95;91.14;89.2913818359375
249.022649437;FBK88.95;91.14;89.2913818359375
249.042640196;FBK88.95;91.14;89.2913818359375
249.06235631;FBK88.95;91.14;89.2913818359375
249.08289607;FBK88.95;91.14;89.2913818359375
249.102931478;FBK88.95;91.14;89.2913818359375
249.122312307;FBK88.95;91.14;89.2913818359375
249.142287394;FBK88.95;91.14;89.2913818359375
249.162277449;FBK88.95;91.14;89.2913818359375
249.182267472;FBK88.95;91.14;89.1558837890625
249.198047317;ACK89.16;90.84;89.1558837890625
249.202267218;FBK88.95;91.14;89.1558837890625
249.222285707;FBK88.95;91.14;89.1558837890625
249.242222701;FBK88.95;91.14;89.1558837890625
249.262830106;FBK88.95;91.14;89.1558837890625
249.282239753;FBK88.95;91.14;89.1558837890625
249.302233454;FBK88.95;91.14;89.1558837890625
249.322290579;FBK88.95;91.14;89.1558837890625
249.342225622;FBK88.95;91.14;89.1558837890625
249.362215325;FBK88.95;91.14;89.1558837890625
249.382196686;FBK88.95;91.14;89.1558837890625
249.402114911;FBK88.95;91.14;89.1558837890625
249.422205624;FBK88.95;91.14;89.1558837890625
249.442175566;FBK88.95;91.14;89.1558837890625
249.46214311;FBK88.95;91.14;89.1558837890625
249.482665124;FBK88.95;91.14;89.1558837890625
249.502292425;FBK88.95;91.14;89.1558837890625
249.522067139;FBK88.95;91.14;89.1558837890625
249.542107542;FBK88.95;91.14;89.1558837890625
249.562075086;FBK88.95;91.14;89.1558837890625
249.582044805;FBK88.95;91.14;89.1558837890625
249.602168333;FBK88.95;91.14;89.1558837890625
249.622031706;FBK88.95;91.14;89.1558837890625
249.642061522;FBK88.95;91.14;89.1558837890625
249.66203284;FBK88.95;91.14;89.1558837890625
249.682020726;FBK88.95;91.14;89.1558837890625
249.702007364;FBK88.95;91.14;89.1558837890625
249.721990196;FBK88.95;91.14;89.1558837890625
249.742003285;FBK88.95;91.14;89.1558837890625
249.762006554;FBK88.95;91.14;89.1558837890625
249.781964823;FBK88.95;91.14;89.1558837890625
249.802029149;FBK88.95;91.14;89.1558837890625
249.8220147;FBK88.95;91.14;89.1558837890625
249.842033578;FBK88.95;91.14;89.1558837890625
249.86250816;FBK88.95;91.14;89.1558837890625
249.882467836;FBK88.95;91.14;89.1558837890625
249.901871442;FBK88.95;91.14;89.1558837890625
249.921970983;FBK88.95;91.14;89.1558837890625
